order_id,customer_id,pet_id,order_date,product_id,qty_lbs,unit_price,total_amount,delivery_status,rating,channel
BB000001,C0001,PET0001,2026-02-13,P07,6.0,13.5,81.0,Delivered,,Pickup
BB000002,C0001,PET0001,2026-02-26,P11,3.0,12.0,36.0,Delivered,,Re-order Email
BB000003,C0001,PET0001,2026-03-11,P09,5.0,12.5,62.5,Delivered,,Re-order Email
BB000004,C0001,PET0001,2026-03-19,P11,4.0,12.0,48.0,Delivered,,Re-order Email
BB000005,C0001,PET0001,2026-03-28,P11,5.0,12.0,60.0,Delivered,,Web
BB000006,C0001,PET0001,2026-04-10,P01,4.0,14.5,58.0,Delivered,,Web
BB000007,C0002,PET0002,2025-11-21,P03,3.0,13.5,40.5,Delivered,,Web
BB000008,C0002,PET0002,2025-12-02,P01,5.0,14.5,72.5,Delivered,,Web
BB000009,C0002,PET0002,2025-12-14,P11,6.0,12.0,72.0,Delivered,5,Re-order Email
BB000010,C0002,PET0002,2025-12-22,P03,4.0,13.5,54.0,Delivered,3,Web
BB000011,C0002,PET0002,2025-12-29,P03,5.0,13.5,67.5,Delivered,5,Web
BB000012,C0002,PET0002,2026-01-11,P07,7.0,13.5,94.5,Delivered,,Re-order Email
BB000013,C0002,PET0002,2026-01-18,P01,6.0,14.5,87.0,Delivered,5,Pickup
BB000014,C0002,PET0002,2026-01-31,P03,6.0,13.5,81.0,Delivered,,Web
BB000015,C0002,PET0002,2026-02-12,P01,3.0,14.5,43.5,Delivered,5,Web
BB000016,C0002,PET0002,2026-02-20,P03,5.0,13.5,67.5,Delivered,5,Web
BB000017,C0002,PET0002,2026-02-28,P03,4.0,13.5,54.0,Delivered,,Pickup
BB000018,C0002,PET0002,2026-03-09,P03,2.0,13.5,27.0,Delivered,,Web
BB000019,C0003,PET0003,2026-04-24,P06,3.0,14.5,43.5,Delivered,,Web
BB000020,C0004,PET0004,2026-05-03,P02,6.0,13.0,78.0,Scheduled,,Web
BB000021,C0005,PET0005,2025-06-21,P06,7.0,14.5,101.5,Delivered,4,Web
BB000022,C0005,PET0005,2025-06-30,P12,6.0,12.5,75.0,Delivered,,Pickup
BB000023,C0005,PET0005,2025-07-10,P06,7.0,14.5,101.5,Delivered,,Web
BB000024,C0005,PET0005,2025-07-23,P06,5.0,14.5,72.5,Delivered,,Re-order Email
BB000025,C0005,PET0005,2025-08-04,P06,7.0,14.5,101.5,Delivered,,Pickup
BB000026,C0005,PET0005,2025-08-12,P03,4.0,13.5,54.0,Delivered,,Web
BB000027,C0005,PET0005,2025-08-20,P01,5.0,14.5,72.5,Delivered,3,Web
BB000028,C0005,PET0005,2025-09-02,P06,4.0,14.5,58.0,Delivered,5,Web
BB000029,C0005,PET0005,2025-09-14,P06,4.0,14.5,58.0,Delivered,,Web
BB000030,C0005,PET0005,2025-09-26,P06,6.0,14.5,87.0,Delivered,,Web
BB000031,C0005,PET0005,2025-10-06,P06,4.0,14.5,58.0,Delivered,3,Web
BB000032,C0005,PET0005,2025-10-20,P06,5.0,14.5,72.5,Delivered,,Web
BB000033,C0005,PET0005,2025-10-31,P06,3.0,14.5,43.5,Delivered,,Web
BB000034,C0005,PET0005,2025-11-07,P04,5.0,14.0,70.0,Delivered,5,Web
BB000035,C0005,PET0005,2025-11-19,P10,5.0,13.0,65.0,Delivered,5,Web
BB000036,C0005,PET0005,2025-12-01,P06,4.0,14.5,58.0,Delivered,,Re-order Email
BB000037,C0005,PET0005,2025-12-15,P06,7.0,14.5,101.5,Delivered,,Web
BB000038,C0005,PET0005,2025-12-23,P06,6.0,14.5,87.0,Delivered,,Web
BB000039,C0005,PET0005,2026-01-03,P06,6.0,14.5,87.0,Delivered,,Web
BB000040,C0005,PET0005,2026-01-12,P06,6.0,14.5,87.0,Delivered,,Web
BB000041,C0005,PET0005,2026-01-25,P06,6.0,14.5,87.0,Delivered,,Web
BB000042,C0005,PET0005,2026-02-08,P01,5.0,14.5,72.5,Delivered,5,Web
BB000043,C0005,PET0005,2026-02-19,P07,4.0,13.5,54.0,Delivered,,Pickup
BB000044,C0005,PET0005,2026-03-03,P06,4.0,14.5,58.0,Delivered,,Web
BB000045,C0005,PET0005,2026-03-14,P06,6.0,14.5,87.0,Delivered,5,Pickup
BB000046,C0005,PET0005,2026-03-25,P06,4.0,14.5,58.0,Delivered,,Web
BB000047,C0005,PET0005,2026-04-03,P06,4.0,14.5,58.0,Delivered,5,Re-order Email
BB000048,C0005,PET0005,2026-04-10,P09,4.0,12.5,50.0,Delivered,,Web
BB000049,C0005,PET0005,2026-04-23,P06,6.0,14.5,87.0,Delivered,,Re-order Email
BB000050,C0006,PET0006,2026-04-29,P02,4.0,13.0,52.0,Delivered,,Web
BB000051,C0007,PET0007,2026-01-27,P11,5.0,12.0,60.0,Delivered,,Web
BB000052,C0007,PET0007,2026-02-03,P11,4.0,12.0,48.0,Delivered,,Web
BB000053,C0007,PET0007,2026-02-11,P12,7.0,12.5,87.5,Delivered,,Web
BB000054,C0007,PET0007,2026-02-25,P11,3.0,12.0,36.0,Delivered,4,Re-order Email
BB000055,C0007,PET0007,2026-03-11,P10,4.0,13.0,52.0,Delivered,,Re-order Email
BB000056,C0007,PET0007,2026-03-20,P11,4.0,12.0,48.0,Delivered,,Pickup
BB000057,C0007,PET0007,2026-04-01,P11,6.0,12.0,72.0,Delivered,,Web
BB000058,C0007,PET0007,2026-04-12,P11,3.0,12.0,36.0,Delivered,,Web
BB000059,C0007,PET0007,2026-04-22,P04,4.0,14.0,56.0,Delivered,,Re-order Email
BB000060,C0008,PET0008,2026-04-11,P06,3.0,14.5,43.5,Delivered,,Web
BB000061,C0008,PET0008,2026-04-22,P07,4.0,13.5,54.0,Delivered,,Web
BB000062,C0009,PET0009,2026-01-16,P12,6.0,12.5,75.0,Delivered,,Web
BB000063,C0009,PET0009,2026-01-26,P12,7.0,12.5,87.5,Delivered,3,Web
BB000064,C0009,PET0009,2026-02-02,P01,7.0,14.5,101.5,Delivered,,Re-order Email
BB000065,C0009,PET0009,2026-02-12,P12,7.0,12.5,87.5,Delivered,4,Web
BB000066,C0009,PET0009,2026-02-26,P12,6.0,12.5,75.0,Delivered,,Re-order Email
BB000067,C0009,PET0009,2026-03-06,P12,3.0,12.5,37.5,Delivered,,Web
BB000068,C0009,PET0009,2026-03-15,P08,5.0,15.5,77.5,Delivered,,Web
BB000069,C0009,PET0009,2026-03-22,P12,7.0,12.5,87.5,Delivered,5,Web
BB000070,C0009,PET0009,2026-04-01,P12,7.0,12.5,87.5,Delivered,,Web
BB000071,C0009,PET0009,2026-04-14,P12,4.0,12.5,50.0,Delivered,,Web
BB000072,C0009,PET0009,2026-04-24,P08,4.0,15.5,62.0,Delivered,3,Web
BB000073,C0009,PET0010,2026-01-18,P09,4.0,12.5,50.0,Delivered,5,Re-order Email
BB000074,C0009,PET0010,2026-01-31,P08,4.0,15.5,62.0,Delivered,4,Web
BB000075,C0009,PET0010,2026-02-10,P09,5.0,12.5,62.5,Delivered,,Web
BB000076,C0009,PET0010,2026-02-20,P09,4.0,12.5,50.0,Delivered,,Web
BB000077,C0009,PET0010,2026-03-04,P09,4.0,12.5,50.0,Delivered,4,Pickup
BB000078,C0009,PET0010,2026-03-15,P11,4.0,12.0,48.0,Delivered,5,Web
BB000079,C0009,PET0010,2026-03-29,P09,3.0,12.5,37.5,Delivered,5,Pickup
BB000080,C0009,PET0010,2026-04-08,P09,4.0,12.5,50.0,Delivered,4,Re-order Email
BB000081,C0009,PET0010,2026-04-20,P09,5.0,12.5,62.5,Delivered,,Pickup
BB000082,C0010,PET0011,2026-05-02,P01,4.0,14.5,58.0,Scheduled,,Pickup
BB000083,C0011,PET0012,2025-11-19,P01,4.0,14.5,58.0,Delivered,5,Web
BB000084,C0011,PET0012,2025-12-01,P01,4.0,14.5,58.0,Delivered,,Web
BB000085,C0011,PET0012,2025-12-13,P01,6.0,14.5,87.0,Delivered,5,Web
BB000086,C0011,PET0012,2025-12-21,P01,5.0,14.5,72.5,Delivered,5,Pickup
BB000087,C0011,PET0012,2026-01-02,P01,5.0,14.5,72.5,Delivered,5,Web
BB000088,C0011,PET0012,2026-01-09,P01,3.0,14.5,43.5,Delivered,,Web
BB000089,C0011,PET0012,2026-01-20,P01,5.0,14.5,72.5,Delivered,,Web
BB000090,C0011,PET0012,2026-02-01,P06,4.0,14.5,58.0,Delivered,,Web
BB000091,C0011,PET0012,2026-02-09,P04,5.0,14.0,70.0,Delivered,,Web
BB000092,C0011,PET0012,2026-02-22,P11,3.0,12.0,36.0,Delivered,,Web
BB000093,C0011,PET0012,2026-03-01,P01,4.0,14.5,58.0,Delivered,,Web
BB000094,C0011,PET0012,2026-03-12,P01,3.0,14.5,43.5,Delivered,,Web
BB000095,C0011,PET0012,2026-03-21,P01,3.0,14.5,43.5,Delivered,,Pickup
BB000096,C0011,PET0012,2026-04-01,P09,3.0,12.5,37.5,Delivered,,Web
BB000097,C0011,PET0012,2026-04-14,P01,5.0,14.5,72.5,Delivered,5,Web
BB000098,C0011,PET0012,2026-04-22,P01,5.0,14.5,72.5,Delivered,,Web
BB000099,C0012,PET0013,2024-11-18,P04,4.0,14.0,56.0,Delivered,,Re-order Email
BB000100,C0012,PET0013,2024-12-02,P04,5.0,14.0,70.0,Delivered,,Web
BB000101,C0012,PET0013,2024-12-16,P07,3.0,13.5,40.5,Delivered,,Web
BB000102,C0012,PET0013,2024-12-28,P04,5.0,14.0,70.0,Delivered,,Re-order Email
BB000103,C0012,PET0013,2025-01-07,P04,6.0,14.0,84.0,Delivered,5,Web
BB000104,C0012,PET0013,2025-01-15,P04,3.0,14.0,42.0,Delivered,,Re-order Email
BB000105,C0012,PET0013,2025-01-29,P04,4.0,14.0,56.0,Delivered,,Web
BB000106,C0012,PET0013,2025-02-05,P10,4.0,13.0,52.0,Delivered,,Web
BB000107,C0012,PET0013,2025-02-12,P04,5.0,14.0,70.0,Delivered,,Web
BB000108,C0012,PET0013,2025-02-24,P04,3.0,14.0,42.0,Delivered,,Web
BB000109,C0012,PET0013,2025-03-06,P04,3.0,14.0,42.0,Delivered,,Web
BB000110,C0012,PET0013,2025-03-15,P04,6.0,14.0,84.0,Delivered,,Web
BB000111,C0012,PET0013,2025-03-29,P04,5.0,14.0,70.0,Delivered,,Web
BB000112,C0012,PET0013,2025-04-12,P04,4.0,14.0,56.0,Delivered,5,Pickup
BB000113,C0012,PET0013,2025-04-19,P04,5.0,14.0,70.0,Delivered,5,Web
BB000114,C0012,PET0013,2025-04-27,P04,2.0,14.0,28.0,Delivered,5,Pickup
BB000115,C0012,PET0013,2025-05-08,P04,4.0,14.0,56.0,Delivered,4,Web
BB000116,C0012,PET0013,2025-05-15,P04,5.0,14.0,70.0,Delivered,,Re-order Email
BB000117,C0012,PET0013,2025-05-26,P04,6.0,14.0,84.0,Delivered,,Web
BB000118,C0012,PET0013,2025-06-05,P04,2.0,14.0,28.0,Delivered,,Pickup
BB000119,C0012,PET0013,2025-06-17,P04,5.0,14.0,70.0,Delivered,,Web
BB000120,C0012,PET0013,2025-06-24,P04,2.0,14.0,28.0,Delivered,5,Pickup
BB000121,C0012,PET0013,2025-07-08,P06,6.0,14.5,87.0,Delivered,,Web
BB000122,C0012,PET0013,2025-07-18,P04,5.0,14.0,70.0,Delivered,,Web
BB000123,C0012,PET0013,2025-07-28,P09,4.0,12.5,50.0,Delivered,,Web
BB000124,C0012,PET0013,2025-08-10,P04,7.0,14.0,98.0,Delivered,5,Web
BB000125,C0012,PET0013,2025-08-22,P03,5.0,13.5,67.5,Delivered,,Pickup
BB000126,C0012,PET0013,2025-09-02,P04,3.0,14.0,42.0,Delivered,5,Web
BB000127,C0012,PET0013,2025-09-13,P04,3.0,14.0,42.0,Delivered,5,Web
BB000128,C0012,PET0013,2025-09-22,P04,4.0,14.0,56.0,Delivered,,Web
BB000129,C0012,PET0013,2025-10-01,P04,5.0,14.0,70.0,Delivered,,Re-order Email
BB000130,C0012,PET0013,2025-10-11,P04,5.0,14.0,70.0,Delivered,,Web
BB000131,C0012,PET0013,2025-10-20,P02,4.0,13.0,52.0,Delivered,,Web
BB000132,C0012,PET0013,2025-10-31,P04,4.0,14.0,56.0,Delivered,,Pickup
BB000133,C0012,PET0013,2025-11-08,P03,3.0,13.5,40.5,Delivered,,Re-order Email
BB000134,C0012,PET0013,2025-11-19,P04,5.0,14.0,70.0,Delivered,,Web
BB000135,C0012,PET0013,2025-11-26,P04,4.0,14.0,56.0,Delivered,,Re-order Email
BB000136,C0012,PET0013,2025-12-04,P04,7.0,14.0,98.0,Delivered,,Web
BB000137,C0012,PET0013,2025-12-12,P04,5.0,14.0,70.0,Delivered,4,Re-order Email
BB000138,C0012,PET0013,2025-12-26,P03,4.0,13.5,54.0,Delivered,5,Web
BB000139,C0012,PET0013,2026-01-07,P04,7.0,14.0,98.0,Delivered,5,Web
BB000140,C0012,PET0013,2026-01-18,P04,4.0,14.0,56.0,Delivered,,Re-order Email
BB000141,C0012,PET0013,2026-02-01,P04,5.0,14.0,70.0,Delivered,5,Re-order Email
BB000142,C0012,PET0013,2026-02-09,P10,5.0,13.0,65.0,Delivered,,Web
BB000143,C0012,PET0013,2026-02-23,P04,5.0,14.0,70.0,Delivered,,Pickup
BB000144,C0012,PET0013,2026-03-09,P04,3.0,14.0,42.0,Delivered,5,Web
BB000145,C0012,PET0013,2026-03-16,P04,3.0,14.0,42.0,Delivered,,Re-order Email
BB000146,C0012,PET0013,2026-03-23,P02,7.0,13.0,91.0,Delivered,,Web
BB000147,C0012,PET0013,2026-04-05,P08,4.0,15.5,62.0,Delivered,,Web
BB000148,C0012,PET0013,2026-04-14,P01,4.0,14.5,58.0,Delivered,5,Web
BB000149,C0012,PET0013,2026-04-23,P08,5.0,15.5,77.5,Delivered,,Re-order Email
BB000150,C0012,PET0014,2024-11-15,P03,5.0,13.5,67.5,Delivered,,Pickup
BB000151,C0012,PET0014,2024-11-23,P08,5.0,15.5,77.5,Delivered,4,Pickup
BB000152,C0012,PET0014,2024-12-07,P03,5.0,13.5,67.5,Delivered,5,Web
BB000153,C0012,PET0014,2024-12-19,P03,4.0,13.5,54.0,Delivered,,Web
BB000154,C0012,PET0014,2025-01-01,P03,6.0,13.5,81.0,Delivered,,Web
BB000155,C0012,PET0014,2025-01-08,P03,7.0,13.5,94.5,Delivered,4,Web
BB000156,C0012,PET0014,2025-01-15,P03,5.0,13.5,67.5,Delivered,,Re-order Email
BB000157,C0012,PET0014,2025-01-28,P03,7.0,13.5,94.5,Delivered,5,Web
BB000158,C0012,PET0014,2025-02-04,P03,6.0,13.5,81.0,Delivered,5,Web
BB000159,C0012,PET0014,2025-02-18,P03,7.0,13.5,94.5,Delivered,4,Web
BB000160,C0012,PET0014,2025-02-27,P02,3.0,13.0,39.0,Delivered,,Re-order Email
BB000161,C0012,PET0014,2025-03-08,P03,4.0,13.5,54.0,Delivered,,Web
BB000162,C0012,PET0014,2025-03-16,P02,3.0,13.0,39.0,Delivered,,Re-order Email
BB000163,C0012,PET0014,2025-03-29,P03,2.0,13.5,27.0,Delivered,,Web
BB000164,C0012,PET0014,2025-04-10,P03,5.0,13.5,67.5,Delivered,,Pickup
BB000165,C0012,PET0014,2025-04-19,P03,4.0,13.5,54.0,Delivered,,Pickup
BB000166,C0012,PET0014,2025-04-29,P03,7.0,13.5,94.5,Delivered,,Web
BB000167,C0012,PET0014,2025-05-06,P08,4.0,15.5,62.0,Delivered,5,Pickup
BB000168,C0012,PET0014,2025-05-15,P03,4.0,13.5,54.0,Delivered,5,Pickup
BB000169,C0012,PET0014,2025-05-23,P01,5.0,14.5,72.5,Delivered,,Web
BB000170,C0012,PET0014,2025-06-03,P03,4.0,13.5,54.0,Delivered,,Web
BB000171,C0012,PET0014,2025-06-16,P03,4.0,13.5,54.0,Delivered,,Web
BB000172,C0012,PET0014,2025-06-30,P03,4.0,13.5,54.0,Delivered,,Web
BB000173,C0012,PET0014,2025-07-10,P03,5.0,13.5,67.5,Delivered,,Web
BB000174,C0012,PET0014,2025-07-17,P05,4.0,15.0,60.0,Delivered,5,Web
BB000175,C0012,PET0014,2025-07-24,P12,3.0,12.5,37.5,Delivered,,Web
BB000176,C0012,PET0014,2025-08-07,P02,5.0,13.0,65.0,Delivered,4,Web
BB000177,C0012,PET0014,2025-08-17,P01,4.0,14.5,58.0,Delivered,5,Web
BB000178,C0012,PET0014,2025-08-31,P03,3.0,13.5,40.5,Delivered,,Re-order Email
BB000179,C0012,PET0014,2025-09-07,P03,6.0,13.5,81.0,Delivered,5,Web
BB000180,C0012,PET0014,2025-09-21,P03,5.0,13.5,67.5,Delivered,,Re-order Email
BB000181,C0012,PET0014,2025-09-28,P03,4.0,13.5,54.0,Delivered,,Web
BB000182,C0012,PET0014,2025-10-06,P03,4.0,13.5,54.0,Delivered,,Web
BB000183,C0012,PET0014,2025-10-15,P02,6.0,13.0,78.0,Delivered,5,Web
BB000184,C0012,PET0014,2025-10-28,P03,6.0,13.5,81.0,Delivered,,Web
BB000185,C0012,PET0014,2025-11-06,P03,7.0,13.5,94.5,Delivered,,Pickup
BB000186,C0012,PET0014,2025-11-18,P03,6.0,13.5,81.0,Delivered,5,Web
BB000187,C0012,PET0014,2025-12-01,P03,4.0,13.5,54.0,Delivered,,Pickup
BB000188,C0012,PET0014,2025-12-13,P03,5.0,13.5,67.5,Delivered,,Web
BB000189,C0012,PET0014,2025-12-25,P03,7.0,13.5,94.5,Delivered,3,Web
BB000190,C0012,PET0014,2026-01-02,P03,5.0,13.5,67.5,Delivered,,Web
BB000191,C0012,PET0014,2026-01-15,P03,5.0,13.5,67.5,Delivered,,Re-order Email
BB000192,C0012,PET0014,2026-01-25,P03,5.0,13.5,67.5,Delivered,,Web
BB000193,C0012,PET0014,2026-02-03,P03,3.0,13.5,40.5,Delivered,,Web
BB000194,C0012,PET0014,2026-02-16,P08,6.0,15.5,93.0,Delivered,,Web
BB000195,C0012,PET0014,2026-02-26,P03,4.0,13.5,54.0,Delivered,,Web
BB000196,C0012,PET0014,2026-03-05,P03,6.0,13.5,81.0,Delivered,5,Web
BB000197,C0012,PET0014,2026-03-19,P03,7.0,13.5,94.5,Delivered,,Web
BB000198,C0012,PET0014,2026-03-27,P03,3.0,13.5,40.5,Delivered,,Web
BB000199,C0012,PET0014,2026-04-10,P01,6.0,14.5,87.0,Delivered,5,Web
BB000200,C0012,PET0014,2026-04-22,P03,5.0,13.5,67.5,Delivered,,Web
BB000201,C0013,PET0015,2026-03-03,P11,3.0,12.0,36.0,Delivered,,Web
BB000202,C0013,PET0015,2026-03-17,P12,6.0,12.5,75.0,Delivered,,Pickup
BB000203,C0013,PET0015,2026-03-31,P12,4.0,12.5,50.0,Delivered,,Web
BB000204,C0013,PET0015,2026-04-08,P12,3.0,12.5,37.5,Delivered,,Web
BB000205,C0013,PET0015,2026-04-19,P06,7.0,14.5,101.5,Delivered,4,Web
BB000206,C0014,PET0016,2026-01-25,P10,4.0,13.0,52.0,Delivered,,Web
BB000207,C0014,PET0016,2026-02-06,P10,7.0,13.0,91.0,Delivered,5,Web
BB000208,C0014,PET0016,2026-02-19,P10,3.0,13.0,39.0,Delivered,5,Web
BB000209,C0014,PET0016,2026-03-03,P10,4.0,13.0,52.0,Delivered,,Re-order Email
BB000210,C0014,PET0016,2026-03-12,P10,4.0,13.0,52.0,Delivered,,Web
BB000211,C0014,PET0016,2026-03-21,P10,5.0,13.0,65.0,Delivered,4,Re-order Email
BB000212,C0015,PET0017,2026-04-28,P10,6.0,13.0,78.0,Delivered,,Web
BB000213,C0016,PET0018,2026-05-01,P08,4.0,15.5,62.0,Delivered,5,Web
BB000214,C0016,PET0019,2025-10-22,P02,4.0,13.0,52.0,Delivered,,Web
BB000215,C0016,PET0019,2025-11-03,P02,5.0,13.0,65.0,Delivered,4,Web
BB000216,C0016,PET0019,2025-11-10,P02,7.0,13.0,91.0,Delivered,,Re-order Email
BB000217,C0016,PET0019,2025-11-19,P08,6.0,15.5,93.0,Delivered,5,Web
BB000218,C0016,PET0019,2025-11-27,P02,4.0,13.0,52.0,Delivered,4,Web
BB000219,C0016,PET0019,2025-12-05,P02,5.0,13.0,65.0,Delivered,5,Re-order Email
BB000220,C0016,PET0019,2025-12-12,P02,5.0,13.0,65.0,Delivered,,Web
BB000221,C0016,PET0019,2025-12-19,P02,6.0,13.0,78.0,Delivered,,Web
BB000222,C0016,PET0019,2025-12-30,P02,7.0,13.0,91.0,Delivered,5,Web
BB000223,C0016,PET0019,2026-01-09,P02,6.0,13.0,78.0,Delivered,,Pickup
BB000224,C0016,PET0019,2026-01-17,P02,5.0,13.0,65.0,Delivered,,Web
BB000225,C0016,PET0019,2026-01-27,P11,6.0,12.0,72.0,Delivered,,Web
BB000226,C0016,PET0019,2026-02-09,P02,7.0,13.0,91.0,Delivered,,Pickup
BB000227,C0016,PET0019,2026-02-16,P02,5.0,13.0,65.0,Delivered,,Web
BB000228,C0016,PET0019,2026-02-23,P06,4.0,14.5,58.0,Delivered,5,Web
BB000229,C0016,PET0019,2026-03-06,P02,2.0,13.0,26.0,Delivered,5,Pickup
BB000230,C0017,PET0020,2025-12-17,P03,5.0,13.5,67.5,Delivered,,Web
BB000231,C0017,PET0020,2025-12-24,P03,6.0,13.5,81.0,Delivered,,Pickup
BB000232,C0017,PET0020,2026-01-01,P11,4.0,12.0,48.0,Delivered,5,Web
BB000233,C0017,PET0020,2026-01-09,P02,7.0,13.0,91.0,Delivered,,Web
BB000234,C0017,PET0020,2026-01-22,P03,3.0,13.5,40.5,Delivered,,Web
BB000235,C0017,PET0020,2026-02-02,P03,7.0,13.5,94.5,Delivered,,Web
BB000236,C0017,PET0020,2026-02-16,P03,5.0,13.5,67.5,Delivered,5,Web
BB000237,C0017,PET0020,2026-02-24,P03,5.0,13.5,67.5,Delivered,,Re-order Email
BB000238,C0017,PET0020,2026-03-05,P03,6.0,13.5,81.0,Delivered,,Pickup
BB000239,C0017,PET0020,2026-03-13,P03,5.0,13.5,67.5,Delivered,,Web
BB000240,C0017,PET0020,2026-03-21,P11,5.0,12.0,60.0,Delivered,,Web
BB000241,C0017,PET0020,2026-03-29,P03,3.0,13.5,40.5,Delivered,,Re-order Email
BB000242,C0017,PET0020,2026-04-10,P03,5.0,13.5,67.5,Delivered,,Web
BB000243,C0017,PET0020,2026-04-19,P03,4.0,13.5,54.0,Delivered,,Re-order Email
BB000244,C0017,PET0020,2026-04-28,P09,5.0,12.5,62.5,Delivered,,Web
BB000245,C0018,PET0021,2025-08-09,P10,6.0,13.0,78.0,Delivered,,Web
BB000246,C0018,PET0021,2025-08-20,P10,4.0,13.0,52.0,Delivered,4,Re-order Email
BB000247,C0018,PET0021,2025-08-29,P10,5.0,13.0,65.0,Delivered,,Re-order Email
BB000248,C0018,PET0021,2025-09-06,P10,6.0,13.0,78.0,Delivered,,Web
BB000249,C0018,PET0021,2025-09-14,P10,6.0,13.0,78.0,Delivered,,Pickup
BB000250,C0018,PET0021,2025-09-22,P10,6.0,13.0,78.0,Delivered,,Web
BB000251,C0018,PET0021,2025-10-05,P08,3.0,15.5,46.5,Delivered,,Web
BB000252,C0018,PET0021,2025-10-15,P02,3.0,13.0,39.0,Delivered,,Pickup
BB000253,C0018,PET0021,2025-10-28,P10,3.0,13.0,39.0,Delivered,,Web
BB000254,C0018,PET0021,2025-11-05,P07,3.0,13.5,40.5,Delivered,,Pickup
BB000255,C0018,PET0021,2025-11-12,P10,5.0,13.0,65.0,Delivered,,Pickup
BB000256,C0018,PET0021,2025-11-25,P10,4.0,13.0,52.0,Delivered,5,Web
BB000257,C0018,PET0021,2025-12-08,P10,5.0,13.0,65.0,Delivered,4,Web
BB000258,C0018,PET0021,2025-12-18,P10,6.0,13.0,78.0,Delivered,,Web
BB000259,C0018,PET0021,2025-12-25,P10,3.0,13.0,39.0,Delivered,,Re-order Email
BB000260,C0018,PET0021,2026-01-05,P10,5.0,13.0,65.0,Delivered,5,Re-order Email
BB000261,C0018,PET0021,2026-01-17,P10,4.0,13.0,52.0,Delivered,,Pickup
BB000262,C0018,PET0021,2026-01-28,P10,7.0,13.0,91.0,Delivered,5,Pickup
BB000263,C0018,PET0021,2026-02-04,P10,5.0,13.0,65.0,Delivered,4,Web
BB000264,C0018,PET0021,2026-02-16,P04,5.0,14.0,70.0,Delivered,,Web
BB000265,C0018,PET0021,2026-02-24,P10,5.0,13.0,65.0,Delivered,,Pickup
BB000266,C0018,PET0021,2026-03-07,P04,2.0,14.0,28.0,Delivered,,Web
BB000267,C0018,PET0021,2026-03-16,P12,4.0,12.5,50.0,Delivered,5,Web
BB000268,C0018,PET0021,2026-03-24,P10,6.0,13.0,78.0,Delivered,,Re-order Email
BB000269,C0018,PET0021,2026-04-02,P07,4.0,13.5,54.0,Delivered,,Web
BB000270,C0018,PET0021,2026-04-15,P07,4.0,13.5,54.0,Delivered,,Web
BB000271,C0018,PET0021,2026-04-25,P10,4.0,13.0,52.0,Delivered,,Pickup
BB000272,C0019,PET0022,2025-11-23,P07,4.0,13.5,54.0,Delivered,,Pickup
BB000273,C0019,PET0022,2025-11-30,P06,4.0,14.5,58.0,Delivered,5,Web
BB000274,C0019,PET0022,2025-12-08,P12,5.0,12.5,62.5,Delivered,5,Web
BB000275,C0019,PET0022,2025-12-17,P08,3.0,15.5,46.5,Delivered,,Web
BB000276,C0019,PET0022,2025-12-24,P08,6.0,15.5,93.0,Delivered,,Pickup
BB000277,C0019,PET0022,2026-01-01,P11,4.0,12.0,48.0,Delivered,,Re-order Email
BB000278,C0019,PET0022,2026-01-11,P08,2.0,15.5,31.0,Delivered,,Pickup
BB000279,C0019,PET0022,2026-01-24,P10,3.0,13.0,39.0,Delivered,4,Web
BB000280,C0019,PET0022,2026-02-02,P08,4.0,15.5,62.0,Delivered,5,Web
BB000281,C0019,PET0022,2026-02-11,P08,7.0,15.5,108.5,Delivered,5,Re-order Email
BB000282,C0019,PET0022,2026-02-22,P08,4.0,15.5,62.0,Delivered,5,Web
BB000283,C0019,PET0022,2026-03-04,P11,7.0,12.0,84.0,Delivered,,Web
BB000284,C0019,PET0022,2026-03-11,P01,7.0,14.5,101.5,Delivered,,Web
BB000285,C0019,PET0022,2026-03-18,P08,3.0,15.5,46.5,Delivered,,Web
BB000286,C0019,PET0022,2026-03-31,P02,6.0,13.0,78.0,Delivered,,Web
BB000287,C0019,PET0022,2026-04-10,P08,6.0,15.5,93.0,Delivered,,Web
BB000288,C0019,PET0022,2026-04-19,P08,7.0,15.5,108.5,Delivered,,Web
BB000289,C0019,PET0022,2026-04-29,P08,6.0,15.5,93.0,Delivered,4,Web
BB000290,C0020,PET0023,2026-03-30,P08,4.0,15.5,62.0,Delivered,,Web
BB000291,C0020,PET0023,2026-04-13,P10,3.0,13.0,39.0,Delivered,,Web
BB000292,C0020,PET0023,2026-04-23,P08,5.0,15.5,77.5,Delivered,,Pickup
BB000293,C0021,PET0024,2026-02-06,P04,3.0,14.0,42.0,Delivered,5,Web
BB000294,C0021,PET0024,2026-02-15,P04,6.0,14.0,84.0,Delivered,,Web
BB000295,C0021,PET0024,2026-02-22,P12,6.0,12.5,75.0,Delivered,,Web
BB000296,C0021,PET0024,2026-03-05,P11,3.0,12.0,36.0,Delivered,,Re-order Email
BB000297,C0021,PET0024,2026-03-17,P04,6.0,14.0,84.0,Delivered,,Web
BB000298,C0021,PET0024,2026-03-25,P11,3.0,12.0,36.0,Delivered,,Web
BB000299,C0021,PET0024,2026-04-03,P04,4.0,14.0,56.0,Delivered,4,Re-order Email
BB000300,C0021,PET0024,2026-04-11,P01,6.0,14.5,87.0,Delivered,,Web
BB000301,C0021,PET0024,2026-04-18,P04,5.0,14.0,70.0,Delivered,5,Pickup
BB000302,C0022,PET0025,2026-02-16,P12,6.0,12.5,75.0,Delivered,,Web
BB000303,C0022,PET0025,2026-03-01,P12,4.0,12.5,50.0,Delivered,5,Web
BB000304,C0022,PET0025,2026-03-13,P12,7.0,12.5,87.5,Delivered,,Web
BB000305,C0022,PET0025,2026-03-20,P12,3.0,12.5,37.5,Delivered,,Web
BB000306,C0022,PET0025,2026-03-29,P12,3.0,12.5,37.5,Delivered,,Pickup
BB000307,C0022,PET0025,2026-04-12,P12,5.0,12.5,62.5,Delivered,,Web
BB000308,C0022,PET0025,2026-04-21,P12,4.0,12.5,50.0,Delivered,,Web
BB000309,C0022,PET0025,2026-04-29,P12,5.0,12.5,62.5,Delivered,,Pickup
BB000310,C0022,PET0026,2026-02-15,P10,6.0,13.0,78.0,Delivered,5,Web
BB000311,C0022,PET0026,2026-02-23,P10,3.0,13.0,39.0,Delivered,,Pickup
BB000312,C0022,PET0026,2026-03-08,P10,3.0,13.0,39.0,Delivered,,Pickup
BB000313,C0023,PET0027,2026-04-11,P10,4.0,13.0,52.0,Delivered,4,Web
BB000314,C0023,PET0027,2026-04-18,P10,7.0,13.0,91.0,Delivered,4,Web
BB000315,C0023,PET0027,2026-04-26,P03,4.0,13.5,54.0,Delivered,,Pickup
BB000316,C0024,PET0028,2024-11-12,P09,7.0,12.5,87.5,Delivered,4,Re-order Email
BB000317,C0024,PET0028,2024-11-23,P09,6.0,12.5,75.0,Delivered,,Web
BB000318,C0024,PET0028,2024-11-30,P09,4.0,12.5,50.0,Delivered,5,Pickup
BB000319,C0024,PET0028,2024-12-13,P09,6.0,12.5,75.0,Delivered,5,Web
BB000320,C0024,PET0028,2024-12-20,P07,4.0,13.5,54.0,Delivered,,Re-order Email
BB000321,C0024,PET0028,2024-12-27,P09,3.0,12.5,37.5,Delivered,,Web
BB000322,C0024,PET0028,2025-01-09,P09,7.0,12.5,87.5,Delivered,,Web
BB000323,C0024,PET0028,2025-01-20,P09,3.0,12.5,37.5,Delivered,5,Web
BB000324,C0024,PET0028,2025-01-30,P09,4.0,12.5,50.0,Delivered,,Pickup
BB000325,C0024,PET0028,2025-02-11,P11,4.0,12.0,48.0,Delivered,,Web
BB000326,C0024,PET0028,2025-02-19,P09,5.0,12.5,62.5,Delivered,5,Web
BB000327,C0024,PET0028,2025-02-27,P09,6.0,12.5,75.0,Delivered,,Pickup
BB000328,C0024,PET0028,2025-03-10,P09,4.0,12.5,50.0,Delivered,,Web
BB000329,C0024,PET0028,2025-03-24,P07,4.0,13.5,54.0,Delivered,,Web
BB000330,C0024,PET0028,2025-04-06,P09,6.0,12.5,75.0,Delivered,,Pickup
BB000331,C0024,PET0028,2025-04-18,P01,6.0,14.5,87.0,Delivered,,Web
BB000332,C0024,PET0028,2025-04-26,P09,2.0,12.5,25.0,Delivered,4,Web
BB000333,C0024,PET0028,2025-05-07,P09,2.0,12.5,25.0,Delivered,5,Web
BB000334,C0024,PET0028,2025-05-21,P09,6.0,12.5,75.0,Delivered,5,Web
BB000335,C0024,PET0028,2025-06-02,P09,5.0,12.5,62.5,Delivered,,Web
BB000336,C0024,PET0028,2025-06-12,P11,3.0,12.0,36.0,Delivered,4,Web
BB000337,C0024,PET0028,2025-06-20,P09,7.0,12.5,87.5,Delivered,5,Web
BB000338,C0024,PET0028,2025-07-02,P08,7.0,15.5,108.5,Delivered,,Re-order Email
BB000339,C0024,PET0028,2025-07-16,P11,7.0,12.0,84.0,Delivered,,Web
BB000340,C0024,PET0028,2025-07-24,P09,5.0,12.5,62.5,Delivered,,Web
BB000341,C0024,PET0028,2025-08-03,P09,7.0,12.5,87.5,Delivered,5,Pickup
BB000342,C0024,PET0028,2025-08-12,P11,7.0,12.0,84.0,Delivered,,Web
BB000343,C0024,PET0028,2025-08-20,P09,5.0,12.5,62.5,Delivered,,Re-order Email
BB000344,C0024,PET0028,2025-08-30,P10,3.0,13.0,39.0,Delivered,,Web
BB000345,C0024,PET0028,2025-09-09,P09,4.0,12.5,50.0,Delivered,5,Web
BB000346,C0024,PET0028,2025-09-23,P09,7.0,12.5,87.5,Delivered,,Web
BB000347,C0024,PET0028,2025-10-04,P09,3.0,12.5,37.5,Delivered,4,Web
BB000348,C0024,PET0028,2025-10-14,P09,4.0,12.5,50.0,Delivered,,Web
BB000349,C0024,PET0028,2025-10-26,P10,5.0,13.0,65.0,Delivered,,Pickup
BB000350,C0024,PET0028,2025-11-07,P09,3.0,12.5,37.5,Delivered,,Web
BB000351,C0024,PET0028,2025-11-20,P01,7.0,14.5,101.5,Delivered,,Web
BB000352,C0024,PET0028,2025-12-02,P09,7.0,12.5,87.5,Delivered,,Re-order Email
BB000353,C0024,PET0028,2025-12-15,P09,6.0,12.5,75.0,Delivered,4,Re-order Email
BB000354,C0024,PET0028,2025-12-22,P09,7.0,12.5,87.5,Delivered,5,Web
BB000355,C0024,PET0028,2026-01-03,P09,4.0,12.5,50.0,Delivered,,Web
BB000356,C0024,PET0028,2026-01-10,P09,2.0,12.5,25.0,Delivered,4,Web
BB000357,C0024,PET0028,2026-01-23,P07,6.0,13.5,81.0,Delivered,5,Pickup
BB000358,C0024,PET0028,2026-01-30,P09,4.0,12.5,50.0,Delivered,,Web
BB000359,C0024,PET0028,2026-02-13,P09,3.0,12.5,37.5,Delivered,,Web
BB000360,C0024,PET0028,2026-02-22,P09,4.0,12.5,50.0,Delivered,4,Re-order Email
BB000361,C0024,PET0028,2026-03-04,P09,5.0,12.5,62.5,Delivered,,Web
BB000362,C0024,PET0028,2026-03-17,P09,4.0,12.5,50.0,Delivered,,Web
BB000363,C0024,PET0028,2026-03-25,P06,4.0,14.5,58.0,Delivered,,Pickup
BB000364,C0024,PET0028,2026-04-07,P08,5.0,15.5,77.5,Delivered,,Pickup
BB000365,C0024,PET0028,2026-04-15,P11,7.0,12.0,84.0,Delivered,5,Web
BB000366,C0024,PET0028,2026-04-29,P09,3.0,12.5,37.5,Delivered,5,Web
BB000367,C0026,PET0030,2025-09-11,P03,3.0,13.5,40.5,Delivered,,Web
BB000368,C0026,PET0030,2025-09-21,P02,5.0,13.0,65.0,Delivered,5,Web
BB000369,C0026,PET0030,2025-09-29,P02,7.0,13.0,91.0,Delivered,5,Web
BB000370,C0026,PET0030,2025-10-11,P02,4.0,13.0,52.0,Delivered,,Pickup
BB000371,C0026,PET0030,2025-10-24,P02,3.0,13.0,39.0,Delivered,,Web
BB000372,C0026,PET0030,2025-11-05,P02,4.0,13.0,52.0,Delivered,,Web
BB000373,C0026,PET0030,2025-11-13,P11,4.0,12.0,48.0,Delivered,4,Web
BB000374,C0026,PET0030,2025-11-23,P02,4.0,13.0,52.0,Delivered,,Web
BB000375,C0026,PET0030,2025-12-04,P02,5.0,13.0,65.0,Delivered,,Web
BB000376,C0026,PET0030,2025-12-14,P02,3.0,13.0,39.0,Delivered,5,Re-order Email
BB000377,C0026,PET0030,2025-12-21,P02,3.0,13.0,39.0,Delivered,,Pickup
BB000378,C0026,PET0030,2025-12-28,P11,5.0,12.0,60.0,Delivered,,Web
BB000379,C0026,PET0030,2026-01-07,P02,3.0,13.0,39.0,Delivered,,Web
BB000380,C0026,PET0030,2026-01-15,P02,5.0,13.0,65.0,Delivered,5,Web
BB000381,C0026,PET0030,2026-01-27,P02,6.0,13.0,78.0,Delivered,5,Pickup
BB000382,C0026,PET0030,2026-02-05,P01,6.0,14.5,87.0,Delivered,5,Web
BB000383,C0026,PET0030,2026-02-16,P02,3.0,13.0,39.0,Delivered,5,Web
BB000384,C0026,PET0030,2026-02-23,P02,4.0,13.0,52.0,Delivered,,Re-order Email
BB000385,C0026,PET0030,2026-03-03,P02,5.0,13.0,65.0,Delivered,,Web
BB000386,C0026,PET0030,2026-03-14,P02,6.0,13.0,78.0,Delivered,4,Web
BB000387,C0026,PET0030,2026-03-24,P02,6.0,13.0,78.0,Delivered,,Web
BB000388,C0026,PET0030,2026-04-01,P06,6.0,14.5,87.0,Delivered,,Pickup
BB000389,C0026,PET0030,2026-04-11,P02,5.0,13.0,65.0,Delivered,,Re-order Email
BB000390,C0026,PET0030,2026-04-24,P02,3.0,13.0,39.0,Delivered,,Web
BB000391,C0027,PET0031,2026-02-17,P09,7.0,12.5,87.5,Delivered,,Re-order Email
BB000392,C0027,PET0031,2026-03-01,P06,5.0,14.5,72.5,Delivered,,Pickup
BB000393,C0027,PET0031,2026-03-13,P06,5.0,14.5,72.5,Delivered,,Web
BB000394,C0027,PET0031,2026-03-22,P06,6.0,14.5,87.0,Delivered,,Web
BB000395,C0027,PET0031,2026-04-01,P02,6.0,13.0,78.0,Delivered,,Web
BB000396,C0027,PET0031,2026-04-10,P06,6.0,14.5,87.0,Delivered,4,Web
BB000397,C0027,PET0031,2026-04-24,P06,3.0,14.5,43.5,Delivered,,Web
BB000398,C0028,PET0032,2025-11-12,P10,3.0,13.0,39.0,Delivered,,Pickup
BB000399,C0028,PET0032,2025-11-19,P10,6.0,13.0,78.0,Delivered,,Web
BB000400,C0028,PET0032,2025-12-03,P10,4.0,13.0,52.0,Delivered,,Web
BB000401,C0028,PET0032,2025-12-12,P08,6.0,15.5,93.0,Delivered,5,Web
BB000402,C0028,PET0032,2025-12-22,P10,3.0,13.0,39.0,Delivered,,Pickup
BB000403,C0028,PET0032,2026-01-01,P12,2.0,12.5,25.0,Delivered,,Pickup
BB000404,C0028,PET0032,2026-01-09,P10,5.0,13.0,65.0,Delivered,4,Web
BB000405,C0028,PET0032,2026-01-16,P10,3.0,13.0,39.0,Delivered,4,Web
BB000406,C0028,PET0032,2026-01-24,P10,4.0,13.0,52.0,Delivered,,Web
BB000407,C0028,PET0032,2026-01-31,P02,6.0,13.0,78.0,Delivered,3,Re-order Email
BB000408,C0028,PET0032,2026-02-13,P10,3.0,13.0,39.0,Delivered,5,Web
BB000409,C0028,PET0032,2026-02-22,P12,6.0,12.5,75.0,Delivered,,Web
BB000410,C0028,PET0032,2026-03-05,P10,3.0,13.0,39.0,Delivered,4,Web
BB000411,C0028,PET0032,2026-03-12,P10,4.0,13.0,52.0,Delivered,,Web
BB000412,C0028,PET0032,2026-03-19,P03,4.0,13.5,54.0,Delivered,,Web
BB000413,C0028,PET0032,2026-03-31,P10,3.0,13.0,39.0,Delivered,,Re-order Email
BB000414,C0028,PET0032,2026-04-11,P10,3.0,13.0,39.0,Delivered,,Web
BB000415,C0028,PET0032,2026-04-24,P10,3.0,13.0,39.0,Delivered,,Web
BB000416,C0029,PET0033,2026-02-28,P01,6.0,14.5,87.0,Delivered,5,Re-order Email
BB000417,C0029,PET0033,2026-03-07,P10,7.0,13.0,91.0,Delivered,,Re-order Email
BB000418,C0029,PET0033,2026-03-18,P08,6.0,15.5,93.0,Delivered,,Re-order Email
BB000419,C0029,PET0033,2026-03-28,P01,6.0,14.5,87.0,Delivered,,Web
BB000420,C0029,PET0033,2026-04-08,P01,7.0,14.5,101.5,Delivered,,Web
BB000421,C0029,PET0033,2026-04-16,P01,6.0,14.5,87.0,Delivered,,Pickup
BB000422,C0029,PET0033,2026-04-29,P01,4.0,14.5,58.0,Delivered,3,Pickup
BB000423,C0030,PET0034,2025-11-06,P02,6.0,13.0,78.0,Delivered,,Re-order Email
BB000424,C0030,PET0034,2025-11-13,P02,7.0,13.0,91.0,Delivered,,Web
BB000425,C0030,PET0034,2025-11-22,P02,4.0,13.0,52.0,Delivered,,Pickup
BB000426,C0030,PET0034,2025-12-06,P02,5.0,13.0,65.0,Delivered,5,Re-order Email
BB000427,C0030,PET0034,2025-12-16,P02,6.0,13.0,78.0,Delivered,,Web
BB000428,C0030,PET0034,2025-12-27,P02,4.0,13.0,52.0,Delivered,,Web
BB000429,C0030,PET0034,2026-01-03,P02,4.0,13.0,52.0,Delivered,5,Web
BB000430,C0030,PET0034,2026-01-15,P02,6.0,13.0,78.0,Delivered,,Web
BB000431,C0030,PET0034,2026-01-23,P01,6.0,14.5,87.0,Delivered,5,Re-order Email
BB000432,C0030,PET0034,2026-02-02,P02,4.0,13.0,52.0,Delivered,4,Pickup
BB000433,C0030,PET0034,2026-02-11,P03,7.0,13.5,94.5,Delivered,,Web
BB000434,C0030,PET0034,2026-02-20,P02,7.0,13.0,91.0,Delivered,5,Re-order Email
BB000435,C0030,PET0034,2026-03-06,P02,4.0,13.0,52.0,Delivered,,Re-order Email
BB000436,C0030,PET0034,2026-03-19,P02,6.0,13.0,78.0,Delivered,,Web
BB000437,C0030,PET0034,2026-03-31,P07,7.0,13.5,94.5,Delivered,4,Web
BB000438,C0030,PET0034,2026-04-07,P02,2.0,13.0,26.0,Delivered,,Web
BB000439,C0030,PET0034,2026-04-18,P02,2.0,13.0,26.0,Delivered,,Web
BB000440,C0030,PET0035,2025-11-07,P11,4.0,12.0,48.0,Delivered,,Web
BB000441,C0030,PET0035,2025-11-17,P11,7.0,12.0,84.0,Delivered,,Web
BB000442,C0030,PET0035,2025-12-01,P02,4.0,13.0,52.0,Delivered,,Web
BB000443,C0030,PET0035,2025-12-10,P11,5.0,12.0,60.0,Delivered,,Web
BB000444,C0030,PET0035,2025-12-17,P12,6.0,12.5,75.0,Delivered,,Web
BB000445,C0030,PET0035,2025-12-28,P11,6.0,12.0,72.0,Delivered,,Web
BB000446,C0030,PET0035,2026-01-05,P11,5.0,12.0,60.0,Delivered,5,Web
BB000447,C0030,PET0035,2026-01-17,P11,5.0,12.0,60.0,Delivered,,Web
BB000448,C0030,PET0035,2026-01-31,P11,5.0,12.0,60.0,Delivered,,Web
BB000449,C0030,PET0035,2026-02-14,P11,7.0,12.0,84.0,Delivered,,Web
BB000450,C0030,PET0035,2026-02-27,P06,5.0,14.5,72.5,Delivered,,Web
BB000451,C0030,PET0035,2026-03-08,P11,4.0,12.0,48.0,Delivered,,Pickup
BB000452,C0030,PET0035,2026-03-19,P07,5.0,13.5,67.5,Delivered,4,Web
BB000453,C0030,PET0035,2026-03-31,P11,4.0,12.0,48.0,Delivered,,Web
BB000454,C0030,PET0035,2026-04-07,P09,6.0,12.5,75.0,Delivered,,Web
BB000455,C0030,PET0035,2026-04-20,P11,3.0,12.0,36.0,Delivered,4,Web
BB000456,C0030,PET0035,2026-04-27,P11,4.0,12.0,48.0,Delivered,5,Re-order Email
BB000457,C0032,PET0037,2026-05-02,P12,3.0,12.5,37.5,Scheduled,,Web
BB000458,C0033,PET0038,2025-12-25,P08,5.0,15.5,77.5,Delivered,,Web
BB000459,C0033,PET0038,2026-01-05,P08,6.0,15.5,93.0,Delivered,5,Web
BB000460,C0033,PET0038,2026-01-18,P07,3.0,13.5,40.5,Delivered,,Web
BB000461,C0033,PET0038,2026-01-27,P08,5.0,15.5,77.5,Delivered,5,Web
BB000462,C0033,PET0038,2026-02-09,P08,6.0,15.5,93.0,Delivered,5,Web
BB000463,C0033,PET0038,2026-02-17,P08,5.0,15.5,77.5,Delivered,,Web
BB000464,C0033,PET0038,2026-02-28,P08,4.0,15.5,62.0,Delivered,,Web
BB000465,C0033,PET0038,2026-03-11,P08,6.0,15.5,93.0,Delivered,4,Web
BB000466,C0033,PET0038,2026-03-25,P01,7.0,14.5,101.5,Delivered,,Web
BB000467,C0033,PET0038,2026-04-01,P08,4.0,15.5,62.0,Delivered,5,Web
BB000468,C0033,PET0038,2026-04-08,P08,6.0,15.5,93.0,Delivered,,Web
BB000469,C0033,PET0038,2026-04-21,P08,5.0,15.5,77.5,Delivered,,Web
BB000470,C0033,PET0039,2025-12-22,P08,6.0,15.5,93.0,Delivered,,Re-order Email
BB000471,C0033,PET0039,2025-12-31,P08,2.0,15.5,31.0,Delivered,,Web
BB000472,C0033,PET0039,2026-01-10,P12,3.0,12.5,37.5,Delivered,5,Re-order Email
BB000473,C0033,PET0039,2026-01-23,P08,6.0,15.5,93.0,Delivered,5,Web
BB000474,C0033,PET0039,2026-01-31,P08,4.0,15.5,62.0,Delivered,5,Web
BB000475,C0033,PET0039,2026-02-14,P08,7.0,15.5,108.5,Delivered,5,Web
BB000476,C0033,PET0039,2026-02-21,P02,5.0,13.0,65.0,Delivered,,Web
BB000477,C0033,PET0039,2026-03-05,P08,3.0,15.5,46.5,Delivered,,Web
BB000478,C0033,PET0039,2026-03-18,P08,4.0,15.5,62.0,Delivered,,Web
BB000479,C0033,PET0039,2026-03-26,P10,6.0,13.0,78.0,Delivered,5,Web
BB000480,C0033,PET0039,2026-04-05,P08,4.0,15.5,62.0,Delivered,5,Re-order Email
BB000481,C0033,PET0039,2026-04-15,P08,5.0,15.5,77.5,Delivered,,Re-order Email
BB000482,C0033,PET0039,2026-04-22,P01,3.0,14.5,43.5,Delivered,5,Web
BB000483,C0034,PET0040,2026-04-29,P12,5.0,12.5,62.5,Delivered,4,Web
BB000484,C0035,PET0041,2026-02-26,P12,5.0,12.5,62.5,Delivered,,Web
BB000485,C0035,PET0041,2026-03-09,P12,3.0,12.5,37.5,Delivered,,Pickup
BB000486,C0035,PET0041,2026-03-17,P12,4.0,12.5,50.0,Delivered,,Web
BB000487,C0035,PET0041,2026-03-27,P12,4.0,12.5,50.0,Delivered,,Web
BB000488,C0035,PET0041,2026-04-09,P12,6.0,12.5,75.0,Delivered,,Web
BB000489,C0035,PET0041,2026-04-21,P12,7.0,12.5,87.5,Delivered,,Web
BB000490,C0036,PET0043,2026-03-14,P01,5.0,14.5,72.5,Delivered,,Pickup
BB000491,C0036,PET0043,2026-03-21,P02,5.0,13.0,65.0,Delivered,5,Web
BB000492,C0036,PET0043,2026-03-29,P12,5.0,12.5,62.5,Delivered,,Web
BB000493,C0036,PET0043,2026-04-07,P08,4.0,15.5,62.0,Delivered,5,Pickup
BB000494,C0036,PET0043,2026-04-17,P11,6.0,12.0,72.0,Delivered,,Web
BB000495,C0036,PET0043,2026-04-25,P12,5.0,12.5,62.5,Delivered,5,Web
BB000496,C0036,PET0044,2026-03-17,P02,6.0,13.0,78.0,Delivered,5,Pickup
BB000497,C0036,PET0044,2026-03-29,P07,6.0,13.5,81.0,Delivered,,Web
BB000498,C0036,PET0044,2026-04-07,P02,5.0,13.0,65.0,Delivered,,Web
BB000499,C0036,PET0044,2026-04-17,P07,5.0,13.5,67.5,Delivered,,Web
BB000500,C0037,PET0045,2026-03-22,P12,6.0,12.5,75.0,Delivered,,Web
BB000501,C0037,PET0045,2026-04-01,P12,4.0,12.5,50.0,Delivered,,Re-order Email
BB000502,C0037,PET0045,2026-04-13,P12,4.0,12.5,50.0,Delivered,,Web
BB000503,C0037,PET0045,2026-04-26,P02,6.0,13.0,78.0,Delivered,,Re-order Email
BB000504,C0038,PET0046,2026-04-05,P07,6.0,13.5,81.0,Delivered,5,Web
BB000505,C0038,PET0046,2026-04-16,P07,4.0,13.5,54.0,Delivered,5,Pickup
BB000506,C0039,PET0047,2025-11-07,P09,5.0,12.5,62.5,Delivered,,Web
BB000507,C0039,PET0047,2025-11-20,P09,4.0,12.5,50.0,Delivered,,Re-order Email
BB000508,C0039,PET0047,2025-12-01,P09,3.0,12.5,37.5,Delivered,4,Web
BB000509,C0039,PET0047,2025-12-08,P09,4.0,12.5,50.0,Delivered,,Web
BB000510,C0039,PET0047,2025-12-17,P09,3.0,12.5,37.5,Delivered,,Web
BB000511,C0039,PET0047,2025-12-26,P08,4.0,15.5,62.0,Delivered,,Web
BB000512,C0039,PET0047,2026-01-05,P09,4.0,12.5,50.0,Delivered,,Web
BB000513,C0039,PET0047,2026-01-18,P09,5.0,12.5,62.5,Delivered,4,Web
BB000514,C0039,PET0047,2026-01-30,P09,4.0,12.5,50.0,Delivered,4,Web
BB000515,C0039,PET0047,2026-02-06,P09,7.0,12.5,87.5,Delivered,,Re-order Email
BB000516,C0039,PET0047,2026-02-13,P09,7.0,12.5,87.5,Delivered,,Web
BB000517,C0039,PET0047,2026-02-23,P09,4.0,12.5,50.0,Delivered,5,Re-order Email
BB000518,C0039,PET0047,2026-03-02,P08,6.0,15.5,93.0,Delivered,,Web
BB000519,C0039,PET0047,2026-03-15,P09,4.0,12.5,50.0,Delivered,,Web
BB000520,C0039,PET0047,2026-03-25,P09,5.0,12.5,62.5,Delivered,,Re-order Email
BB000521,C0039,PET0047,2026-04-03,P09,3.0,12.5,37.5,Delivered,,Web
BB000522,C0039,PET0047,2026-04-16,P09,5.0,12.5,62.5,Delivered,,Re-order Email
BB000523,C0040,PET0048,2026-03-28,P12,5.0,12.5,62.5,Delivered,,Web
BB000524,C0040,PET0048,2026-04-08,P12,3.0,12.5,37.5,Delivered,5,Web
BB000525,C0040,PET0048,2026-04-21,P12,5.0,12.5,62.5,Delivered,,Web
BB000526,C0040,PET0049,2026-04-30,P01,5.0,14.5,72.5,Delivered,,Pickup
BB000527,C0041,PET0050,2025-07-12,P09,4.0,12.5,50.0,Delivered,5,Web
BB000528,C0041,PET0050,2025-07-25,P03,4.0,13.5,54.0,Delivered,,Pickup
BB000529,C0041,PET0050,2025-08-01,P09,7.0,12.5,87.5,Delivered,4,Web
BB000530,C0041,PET0050,2025-08-08,P10,7.0,13.0,91.0,Delivered,5,Web
BB000531,C0041,PET0050,2025-08-18,P09,5.0,12.5,62.5,Delivered,5,Web
BB000532,C0041,PET0050,2025-08-30,P04,5.0,14.0,70.0,Delivered,,Web
BB000533,C0041,PET0050,2025-09-11,P09,6.0,12.5,75.0,Delivered,3,Web
BB000534,C0041,PET0050,2025-09-20,P03,3.0,13.5,40.5,Delivered,4,Web
BB000535,C0041,PET0050,2025-09-29,P09,3.0,12.5,37.5,Delivered,,Pickup
BB000536,C0041,PET0050,2025-10-09,P09,5.0,12.5,62.5,Delivered,,Web
BB000537,C0041,PET0050,2025-11-23,P09,3.0,12.5,37.5,Delivered,,Web
BB000538,C0041,PET0050,2025-12-03,P09,4.0,12.5,50.0,Delivered,5,Web
BB000539,C0041,PET0050,2025-12-15,P08,5.0,15.5,77.5,Delivered,,Web
BB000540,C0041,PET0050,2025-12-24,P10,4.0,13.0,52.0,Delivered,,Web
BB000541,C0041,PET0050,2026-01-05,P09,5.0,12.5,62.5,Delivered,,Web
BB000542,C0041,PET0050,2026-01-12,P09,5.0,12.5,62.5,Delivered,,Web
BB000543,C0041,PET0050,2026-01-19,P06,7.0,14.5,101.5,Delivered,,Pickup
BB000544,C0041,PET0050,2026-01-28,P09,7.0,12.5,87.5,Delivered,,Web
BB000545,C0041,PET0050,2026-02-07,P03,4.0,13.5,54.0,Delivered,,Web
BB000546,C0041,PET0050,2026-02-19,P09,5.0,12.5,62.5,Delivered,,Web
BB000547,C0041,PET0050,2026-02-26,P09,5.0,12.5,62.5,Delivered,5,Web
BB000548,C0041,PET0050,2026-03-07,P06,3.0,14.5,43.5,Delivered,4,Web
BB000549,C0041,PET0050,2026-03-16,P09,4.0,12.5,50.0,Delivered,,Web
BB000550,C0041,PET0050,2026-03-29,P09,7.0,12.5,87.5,Delivered,5,Pickup
BB000551,C0041,PET0050,2026-04-05,P09,6.0,12.5,75.0,Delivered,,Web
BB000552,C0041,PET0050,2026-04-16,P09,5.0,12.5,62.5,Delivered,,Web
BB000553,C0041,PET0050,2026-04-24,P07,6.0,13.5,81.0,Delivered,4,Re-order Email
BB000554,C0042,PET0051,2026-04-16,P01,3.0,14.5,43.5,Delivered,,Web
BB000555,C0042,PET0051,2026-04-27,P01,6.0,14.5,87.0,Delivered,,Web
BB000556,C0043,PET0052,2025-07-02,P11,4.0,12.0,48.0,Delivered,,Pickup
BB000557,C0043,PET0052,2025-07-15,P11,4.0,12.0,48.0,Delivered,,Web
BB000558,C0043,PET0052,2025-07-26,P11,3.0,12.0,36.0,Delivered,,Web
BB000559,C0043,PET0052,2025-08-06,P11,5.0,12.0,60.0,Delivered,,Web
BB000560,C0043,PET0052,2025-08-18,P11,5.0,12.0,60.0,Delivered,,Web
BB000561,C0043,PET0052,2025-08-29,P11,4.0,12.0,48.0,Delivered,5,Pickup
BB000562,C0043,PET0052,2025-09-11,P03,4.0,13.5,54.0,Delivered,,Web
BB000563,C0043,PET0052,2025-09-23,P11,4.0,12.0,48.0,Delivered,5,Web
BB000564,C0043,PET0052,2025-10-05,P02,6.0,13.0,78.0,Delivered,4,Re-order Email
BB000565,C0043,PET0052,2025-10-16,P11,6.0,12.0,72.0,Delivered,5,Web
BB000566,C0043,PET0052,2025-10-24,P01,3.0,14.5,43.5,Delivered,5,Re-order Email
BB000567,C0043,PET0052,2025-11-04,P01,7.0,14.5,101.5,Delivered,,Web
BB000568,C0043,PET0052,2025-11-12,P11,3.0,12.0,36.0,Delivered,5,Re-order Email
BB000569,C0043,PET0052,2025-11-21,P11,5.0,12.0,60.0,Delivered,,Web
BB000570,C0043,PET0052,2025-12-02,P11,5.0,12.0,60.0,Delivered,,Web
BB000571,C0043,PET0052,2025-12-11,P11,2.0,12.0,24.0,Delivered,,Web
BB000572,C0043,PET0052,2025-12-22,P11,7.0,12.0,84.0,Delivered,4,Pickup
BB000573,C0043,PET0052,2025-12-31,P11,6.0,12.0,72.0,Delivered,3,Web
BB000574,C0043,PET0052,2026-01-10,P11,6.0,12.0,72.0,Delivered,,Re-order Email
BB000575,C0043,PET0052,2026-01-19,P12,3.0,12.5,37.5,Delivered,,Web
BB000576,C0043,PET0052,2026-01-27,P11,6.0,12.0,72.0,Delivered,,Web
BB000577,C0043,PET0052,2026-02-03,P11,4.0,12.0,48.0,Delivered,5,Web
BB000578,C0043,PET0052,2026-02-15,P11,2.0,12.0,24.0,Delivered,,Web
BB000579,C0043,PET0052,2026-02-24,P12,4.0,12.5,50.0,Delivered,,Web
BB000580,C0043,PET0052,2026-03-03,P11,4.0,12.0,48.0,Delivered,,Re-order Email
BB000581,C0043,PET0052,2026-03-16,P09,7.0,12.5,87.5,Delivered,,Web
BB000582,C0043,PET0052,2026-03-26,P11,5.0,12.0,60.0,Delivered,,Pickup
BB000583,C0044,PET0053,2025-12-27,P11,4.0,12.0,48.0,Delivered,5,Web
BB000584,C0044,PET0053,2026-01-07,P11,4.0,12.0,48.0,Delivered,5,Web
BB000585,C0044,PET0053,2026-01-19,P11,4.0,12.0,48.0,Delivered,,Web
BB000586,C0044,PET0053,2026-01-26,P11,4.0,12.0,48.0,Delivered,,Re-order Email
BB000587,C0044,PET0053,2026-02-03,P11,5.0,12.0,60.0,Delivered,4,Web
BB000588,C0044,PET0053,2026-02-13,P11,3.0,12.0,36.0,Delivered,,Web
BB000589,C0044,PET0053,2026-02-23,P11,6.0,12.0,72.0,Delivered,5,Web
BB000590,C0044,PET0053,2026-03-06,P11,4.0,12.0,48.0,Delivered,4,Web
BB000591,C0044,PET0053,2026-03-19,P02,2.0,13.0,26.0,Delivered,5,Web
BB000592,C0044,PET0053,2026-03-26,P11,3.0,12.0,36.0,Delivered,,Web
BB000593,C0044,PET0053,2026-04-02,P11,7.0,12.0,84.0,Delivered,,Web
BB000594,C0044,PET0053,2026-04-09,P11,5.0,12.0,60.0,Delivered,,Web
BB000595,C0044,PET0053,2026-04-16,P11,5.0,12.0,60.0,Delivered,,Pickup
BB000596,C0044,PET0053,2026-04-27,P11,6.0,12.0,72.0,Delivered,5,Web
BB000597,C0045,PET0054,2026-04-14,P06,2.0,14.5,29.0,Delivered,,Pickup
BB000598,C0046,PET0055,2026-02-27,P06,4.0,14.5,58.0,Delivered,,Re-order Email
BB000599,C0046,PET0055,2026-03-08,P06,6.0,14.5,87.0,Delivered,5,Re-order Email
BB000600,C0046,PET0055,2026-03-18,P06,4.0,14.5,58.0,Delivered,,Web
BB000601,C0046,PET0055,2026-03-25,P06,5.0,14.5,72.5,Delivered,5,Web
BB000602,C0046,PET0055,2026-04-04,P08,4.0,15.5,62.0,Delivered,,Web
BB000603,C0046,PET0055,2026-04-17,P06,4.0,14.5,58.0,Delivered,,Web
BB000604,C0046,PET0055,2026-04-26,P06,4.0,14.5,58.0,Delivered,,Pickup
BB000605,C0046,PET0056,2026-02-26,P09,3.0,12.5,37.5,Delivered,,Re-order Email
BB000606,C0046,PET0056,2026-03-05,P09,2.0,12.5,25.0,Delivered,,Web
BB000607,C0046,PET0056,2026-03-13,P11,4.0,12.0,48.0,Delivered,,Web
BB000608,C0046,PET0056,2026-03-25,P03,6.0,13.5,81.0,Delivered,,Web
BB000609,C0046,PET0056,2026-04-01,P09,5.0,12.5,62.5,Delivered,,Web
BB000610,C0046,PET0056,2026-04-13,P09,7.0,12.5,87.5,Delivered,,Web
BB000611,C0046,PET0056,2026-04-26,P09,7.0,12.5,87.5,Delivered,,Web
BB000612,C0047,PET0057,2026-02-17,P03,2.0,13.5,27.0,Delivered,,Web
BB000613,C0047,PET0057,2026-03-02,P03,6.0,13.5,81.0,Delivered,,Web
BB000614,C0047,PET0057,2026-03-15,P06,5.0,14.5,72.5,Delivered,,Web
BB000615,C0047,PET0058,2026-05-04,P03,6.0,13.5,81.0,Scheduled,,Web
BB000616,C0048,PET0059,2026-03-16,P06,5.0,14.5,72.5,Delivered,5,Pickup
BB000617,C0048,PET0059,2026-03-28,P02,6.0,13.0,78.0,Delivered,,Web
BB000618,C0048,PET0059,2026-04-05,P06,5.0,14.5,72.5,Delivered,,Web
BB000619,C0048,PET0059,2026-04-15,P06,4.0,14.5,58.0,Delivered,,Pickup
BB000620,C0048,PET0059,2026-04-25,P06,2.0,14.5,29.0,Delivered,5,Re-order Email
BB000621,C0049,PET0060,2026-03-10,P12,5.0,12.5,62.5,Delivered,,Pickup
BB000622,C0049,PET0060,2026-03-19,P03,5.0,13.5,67.5,Delivered,4,Pickup
BB000623,C0050,PET0061,2025-12-30,P11,6.0,12.0,72.0,Delivered,,Pickup
BB000624,C0050,PET0061,2026-01-09,P01,4.0,14.5,58.0,Delivered,4,Web
BB000625,C0050,PET0061,2026-01-16,P10,7.0,13.0,91.0,Delivered,5,Web
BB000626,C0050,PET0061,2026-01-26,P01,5.0,14.5,72.5,Delivered,,Re-order Email
BB000627,C0050,PET0061,2026-02-02,P11,6.0,12.0,72.0,Delivered,4,Web
BB000628,C0050,PET0061,2026-02-13,P02,7.0,13.0,91.0,Delivered,,Pickup
BB000629,C0050,PET0061,2026-02-22,P01,4.0,14.5,58.0,Delivered,,Pickup
BB000630,C0050,PET0061,2026-03-01,P01,4.0,14.5,58.0,Delivered,,Web
BB000631,C0050,PET0061,2026-03-15,P07,5.0,13.5,67.5,Delivered,4,Re-order Email
BB000632,C0050,PET0061,2026-03-26,P02,6.0,13.0,78.0,Delivered,5,Web
BB000633,C0050,PET0061,2026-04-07,P01,7.0,14.5,101.5,Delivered,5,Web
BB000634,C0050,PET0061,2026-04-14,P01,4.0,14.5,58.0,Delivered,,Web
BB000635,C0050,PET0061,2026-04-25,P01,6.0,14.5,87.0,Delivered,,Web
BB000636,C0051,PET0062,2026-05-03,P03,3.0,13.5,40.5,Scheduled,5,Web
BB000637,C0052,PET0063,2026-01-03,P02,5.0,13.0,65.0,Delivered,,Pickup
BB000638,C0052,PET0063,2026-01-10,P02,4.0,13.0,52.0,Delivered,,Web
BB000639,C0052,PET0063,2026-01-19,P02,6.0,13.0,78.0,Delivered,,Web
BB000640,C0052,PET0063,2026-01-29,P02,6.0,13.0,78.0,Delivered,,Pickup
BB000641,C0052,PET0063,2026-02-05,P02,4.0,13.0,52.0,Delivered,,Re-order Email
BB000642,C0052,PET0063,2026-02-19,P06,3.0,14.5,43.5,Delivered,,Web
BB000643,C0052,PET0063,2026-02-27,P12,5.0,12.5,62.5,Delivered,,Web
BB000644,C0052,PET0063,2026-03-11,P02,3.0,13.0,39.0,Delivered,,Pickup
BB000645,C0052,PET0063,2026-03-19,P02,4.0,13.0,52.0,Delivered,,Web
BB000646,C0052,PET0063,2026-03-27,P02,7.0,13.0,91.0,Delivered,,Pickup
BB000647,C0052,PET0063,2026-04-10,P02,3.0,13.0,39.0,Delivered,4,Pickup
BB000648,C0052,PET0063,2026-04-24,P02,6.0,13.0,78.0,Delivered,5,Re-order Email
BB000649,C0053,PET0064,2025-10-16,P10,3.0,13.0,39.0,Delivered,,Web
BB000650,C0053,PET0064,2025-10-28,P08,4.0,15.5,62.0,Delivered,,Web
BB000651,C0053,PET0064,2025-11-08,P10,4.0,13.0,52.0,Delivered,,Web
BB000652,C0053,PET0064,2025-11-15,P10,6.0,13.0,78.0,Delivered,4,Web
BB000653,C0053,PET0064,2025-11-24,P10,7.0,13.0,91.0,Delivered,,Web
BB000654,C0053,PET0064,2025-12-06,P10,4.0,13.0,52.0,Delivered,,Web
BB000655,C0053,PET0064,2025-12-14,P08,4.0,15.5,62.0,Delivered,,Web
BB000656,C0053,PET0064,2025-12-21,P10,5.0,13.0,65.0,Delivered,5,Web
BB000657,C0053,PET0064,2025-12-31,P10,5.0,13.0,65.0,Delivered,5,Web
BB000658,C0054,PET0065,2025-09-13,P03,6.0,13.5,81.0,Delivered,,Web
BB000659,C0054,PET0065,2025-09-20,P03,5.0,13.5,67.5,Delivered,,Web
BB000660,C0054,PET0065,2025-09-29,P03,3.0,13.5,40.5,Delivered,,Web
BB000661,C0054,PET0065,2025-10-08,P03,3.0,13.5,40.5,Delivered,,Web
BB000662,C0054,PET0065,2025-10-17,P03,7.0,13.5,94.5,Delivered,5,Web
BB000663,C0054,PET0065,2025-10-27,P03,6.0,13.5,81.0,Delivered,,Web
BB000664,C0054,PET0065,2025-11-09,P06,5.0,14.5,72.5,Delivered,,Re-order Email
BB000665,C0054,PET0065,2025-11-19,P03,5.0,13.5,67.5,Delivered,,Web
BB000666,C0054,PET0065,2025-11-29,P03,6.0,13.5,81.0,Delivered,5,Re-order Email
BB000667,C0054,PET0065,2025-12-10,P03,3.0,13.5,40.5,Delivered,5,Re-order Email
BB000668,C0054,PET0065,2025-12-18,P03,3.0,13.5,40.5,Delivered,,Pickup
BB000669,C0054,PET0065,2025-12-26,P03,6.0,13.5,81.0,Delivered,5,Web
BB000670,C0054,PET0065,2026-01-04,P03,6.0,13.5,81.0,Delivered,,Web
BB000671,C0054,PET0065,2026-01-16,P02,5.0,13.0,65.0,Delivered,5,Re-order Email
BB000672,C0054,PET0065,2026-01-25,P03,4.0,13.5,54.0,Delivered,,Web
BB000673,C0054,PET0065,2026-02-07,P07,3.0,13.5,40.5,Delivered,,Web
BB000674,C0054,PET0065,2026-02-19,P03,7.0,13.5,94.5,Delivered,5,Web
BB000675,C0054,PET0065,2026-02-26,P12,4.0,12.5,50.0,Delivered,,Re-order Email
BB000676,C0054,PET0065,2026-03-05,P02,6.0,13.0,78.0,Delivered,,Re-order Email
BB000677,C0054,PET0065,2026-03-18,P03,4.0,13.5,54.0,Delivered,,Web
BB000678,C0054,PET0065,2026-03-28,P06,3.0,14.5,43.5,Delivered,,Pickup
BB000679,C0054,PET0065,2026-04-05,P03,6.0,13.5,81.0,Delivered,4,Re-order Email
BB000680,C0054,PET0065,2026-04-17,P03,4.0,13.5,54.0,Delivered,,Re-order Email
BB000681,C0054,PET0065,2026-04-25,P03,4.0,13.5,54.0,Delivered,,Pickup
BB000682,C0055,PET0066,2025-11-07,P07,3.0,13.5,40.5,Delivered,,Web
BB000683,C0055,PET0066,2025-11-19,P07,5.0,13.5,67.5,Delivered,5,Re-order Email
BB000684,C0055,PET0066,2025-11-30,P09,4.0,12.5,50.0,Delivered,3,Web
BB000685,C0055,PET0066,2025-12-14,P07,5.0,13.5,67.5,Delivered,,Web
BB000686,C0055,PET0066,2025-12-27,P07,3.0,13.5,40.5,Delivered,3,Web
BB000687,C0055,PET0066,2026-01-05,P07,3.0,13.5,40.5,Delivered,,Web
BB000688,C0055,PET0066,2026-01-17,P07,4.0,13.5,54.0,Delivered,,Re-order Email
BB000689,C0055,PET0066,2026-01-25,P07,5.0,13.5,67.5,Delivered,,Web
BB000690,C0055,PET0066,2026-02-01,P07,4.0,13.5,54.0,Delivered,,Re-order Email
BB000691,C0055,PET0066,2026-02-09,P07,3.0,13.5,40.5,Delivered,4,Web
BB000692,C0055,PET0066,2026-02-21,P07,3.0,13.5,40.5,Delivered,5,Web
BB000693,C0055,PET0066,2026-03-01,P07,4.0,13.5,54.0,Delivered,,Pickup
BB000694,C0055,PET0066,2026-03-14,P09,3.0,12.5,37.5,Delivered,,Web
BB000695,C0055,PET0066,2026-03-28,P07,5.0,13.5,67.5,Delivered,,Pickup
BB000696,C0055,PET0066,2026-04-05,P07,7.0,13.5,94.5,Delivered,5,Web
BB000697,C0055,PET0066,2026-04-13,P11,3.0,12.0,36.0,Delivered,,Web
BB000698,C0055,PET0066,2026-04-20,P07,2.0,13.5,27.0,Delivered,5,Web
BB000699,C0055,PET0067,2025-11-09,P12,2.0,12.5,25.0,Delivered,,Re-order Email
BB000700,C0055,PET0067,2025-11-16,P12,3.0,12.5,37.5,Delivered,4,Web
BB000701,C0055,PET0067,2025-11-24,P06,3.0,14.5,43.5,Delivered,4,Re-order Email
BB000702,C0055,PET0067,2025-12-01,P11,6.0,12.0,72.0,Delivered,,Web
BB000703,C0055,PET0067,2025-12-12,P12,4.0,12.5,50.0,Delivered,,Web
BB000704,C0055,PET0067,2025-12-22,P12,5.0,12.5,62.5,Delivered,5,Web
BB000705,C0055,PET0067,2025-12-29,P12,4.0,12.5,50.0,Delivered,,Web
BB000706,C0055,PET0067,2026-01-05,P12,3.0,12.5,37.5,Delivered,,Pickup
BB000707,C0055,PET0067,2026-01-13,P12,4.0,12.5,50.0,Delivered,,Pickup
BB000708,C0055,PET0067,2026-01-22,P12,4.0,12.5,50.0,Delivered,5,Web
BB000709,C0055,PET0067,2026-02-01,P12,3.0,12.5,37.5,Delivered,,Pickup
BB000710,C0055,PET0067,2026-02-10,P03,3.0,13.5,40.5,Delivered,,Web
BB000711,C0055,PET0067,2026-02-21,P11,6.0,12.0,72.0,Delivered,,Re-order Email
BB000712,C0055,PET0067,2026-03-04,P12,6.0,12.5,75.0,Delivered,,Web
BB000713,C0055,PET0067,2026-03-13,P12,3.0,12.5,37.5,Delivered,,Web
BB000714,C0055,PET0067,2026-03-21,P11,5.0,12.0,60.0,Delivered,,Web
BB000715,C0055,PET0067,2026-04-02,P12,4.0,12.5,50.0,Delivered,5,Web
BB000716,C0055,PET0067,2026-04-10,P12,6.0,12.5,75.0,Delivered,5,Web
BB000717,C0056,PET0068,2026-04-29,P03,5.0,13.5,67.5,Delivered,,Pickup
BB000718,C0056,PET0069,2025-06-16,P08,6.0,15.5,93.0,Delivered,,Web
BB000719,C0056,PET0069,2025-06-28,P08,4.0,15.5,62.0,Delivered,,Web
BB000720,C0056,PET0069,2025-07-11,P08,3.0,15.5,46.5,Delivered,,Re-order Email
BB000721,C0056,PET0069,2025-07-21,P08,3.0,15.5,46.5,Delivered,,Pickup
BB000722,C0056,PET0069,2025-07-29,P08,7.0,15.5,108.5,Delivered,,Re-order Email
BB000723,C0056,PET0069,2025-08-11,P08,4.0,15.5,62.0,Delivered,,Web
BB000724,C0056,PET0069,2025-08-23,P08,3.0,15.5,46.5,Delivered,,Web
BB000725,C0056,PET0069,2025-09-02,P08,3.0,15.5,46.5,Delivered,,Web
BB000726,C0056,PET0069,2025-09-11,P08,4.0,15.5,62.0,Delivered,,Pickup
BB000727,C0056,PET0069,2025-09-22,P03,6.0,13.5,81.0,Delivered,,Web
BB000728,C0056,PET0069,2025-10-04,P08,5.0,15.5,77.5,Delivered,,Web
BB000729,C0056,PET0069,2025-10-11,P01,4.0,14.5,58.0,Delivered,5,Pickup
BB000730,C0056,PET0069,2025-10-20,P08,7.0,15.5,108.5,Delivered,5,Web
BB000731,C0056,PET0069,2025-10-29,P08,6.0,15.5,93.0,Delivered,4,Web
BB000732,C0056,PET0069,2025-11-11,P08,7.0,15.5,108.5,Delivered,,Web
BB000733,C0056,PET0069,2025-11-19,P08,4.0,15.5,62.0,Delivered,5,Re-order Email
BB000734,C0056,PET0069,2025-11-27,P08,4.0,15.5,62.0,Delivered,,Web
BB000735,C0056,PET0069,2025-12-04,P08,6.0,15.5,93.0,Delivered,,Web
BB000736,C0056,PET0069,2025-12-11,P08,7.0,15.5,108.5,Delivered,4,Re-order Email
BB000737,C0056,PET0069,2025-12-18,P07,3.0,13.5,40.5,Delivered,,Web
BB000738,C0056,PET0069,2025-12-29,P08,6.0,15.5,93.0,Delivered,,Web
BB000739,C0056,PET0069,2026-01-08,P08,3.0,15.5,46.5,Delivered,5,Web
BB000740,C0056,PET0069,2026-01-17,P08,4.0,15.5,62.0,Delivered,,Web
BB000741,C0056,PET0069,2026-01-25,P08,4.0,15.5,62.0,Delivered,5,Web
BB000742,C0056,PET0069,2026-02-04,P04,6.0,14.0,84.0,Delivered,,Web
BB000743,C0056,PET0069,2026-02-11,P08,5.0,15.5,77.5,Delivered,5,Re-order Email
BB000744,C0056,PET0069,2026-02-19,P08,4.0,15.5,62.0,Delivered,5,Pickup
BB000745,C0056,PET0069,2026-02-27,P08,2.0,15.5,31.0,Delivered,5,Web
BB000746,C0056,PET0069,2026-03-06,P04,6.0,14.0,84.0,Delivered,,Web
BB000747,C0056,PET0069,2026-03-14,P08,5.0,15.5,77.5,Delivered,,Web
BB000748,C0056,PET0069,2026-03-22,P08,5.0,15.5,77.5,Delivered,5,Web
BB000749,C0056,PET0069,2026-04-04,P08,4.0,15.5,62.0,Delivered,,Web
BB000750,C0056,PET0069,2026-04-16,P08,6.0,15.5,93.0,Delivered,3,Web
BB000751,C0056,PET0069,2026-04-26,P08,5.0,15.5,77.5,Delivered,,Web
BB000752,C0056,PET0070,2025-06-14,P07,4.0,13.5,54.0,Delivered,,Web
BB000753,C0056,PET0070,2025-06-21,P09,5.0,12.5,62.5,Delivered,,Web
BB000754,C0056,PET0070,2025-07-02,P09,3.0,12.5,37.5,Delivered,,Pickup
BB000755,C0056,PET0070,2025-07-14,P09,5.0,12.5,62.5,Delivered,,Web
BB000756,C0056,PET0070,2025-07-22,P08,3.0,15.5,46.5,Delivered,,Re-order Email
BB000757,C0056,PET0070,2025-07-30,P09,5.0,12.5,62.5,Delivered,,Pickup
BB000758,C0056,PET0070,2025-08-08,P09,5.0,12.5,62.5,Delivered,,Pickup
BB000759,C0056,PET0070,2025-08-18,P03,6.0,13.5,81.0,Delivered,,Web
BB000760,C0056,PET0070,2025-08-30,P08,6.0,15.5,93.0,Delivered,,Web
BB000761,C0056,PET0070,2025-09-06,P10,3.0,13.0,39.0,Delivered,5,Web
BB000762,C0056,PET0070,2025-09-19,P09,6.0,12.5,75.0,Delivered,,Web
BB000763,C0056,PET0070,2025-10-01,P09,6.0,12.5,75.0,Delivered,4,Web
BB000764,C0056,PET0070,2025-10-11,P09,6.0,12.5,75.0,Delivered,,Pickup
BB000765,C0056,PET0070,2025-10-24,P09,5.0,12.5,62.5,Delivered,,Web
BB000766,C0056,PET0070,2025-11-01,P09,5.0,12.5,62.5,Delivered,5,Pickup
BB000767,C0056,PET0070,2025-11-09,P09,4.0,12.5,50.0,Delivered,,Web
BB000768,C0056,PET0070,2025-11-20,P10,4.0,13.0,52.0,Delivered,,Pickup
BB000769,C0056,PET0070,2025-11-28,P09,4.0,12.5,50.0,Delivered,,Re-order Email
BB000770,C0056,PET0070,2025-12-11,P09,5.0,12.5,62.5,Delivered,5,Pickup
BB000771,C0056,PET0070,2025-12-22,P09,3.0,12.5,37.5,Delivered,5,Web
BB000772,C0056,PET0070,2026-01-02,P09,7.0,12.5,87.5,Delivered,,Pickup
BB000773,C0056,PET0070,2026-01-16,P09,2.0,12.5,25.0,Delivered,,Web
BB000774,C0056,PET0070,2026-01-28,P09,6.0,12.5,75.0,Delivered,,Web
BB000775,C0056,PET0070,2026-02-07,P10,4.0,13.0,52.0,Delivered,4,Pickup
BB000776,C0056,PET0070,2026-02-16,P08,2.0,15.5,31.0,Delivered,,Pickup
BB000777,C0056,PET0070,2026-02-27,P07,4.0,13.5,54.0,Delivered,,Web
BB000778,C0056,PET0070,2026-03-09,P09,2.0,12.5,25.0,Delivered,5,Re-order Email
BB000779,C0056,PET0070,2026-03-21,P09,4.0,12.5,50.0,Delivered,5,Re-order Email
BB000780,C0056,PET0070,2026-03-29,P09,4.0,12.5,50.0,Delivered,5,Web
BB000781,C0056,PET0070,2026-04-09,P09,6.0,12.5,75.0,Delivered,,Web
BB000782,C0056,PET0070,2026-04-16,P09,5.0,12.5,62.5,Delivered,,Web
BB000783,C0056,PET0070,2026-04-28,P10,5.0,13.0,65.0,Delivered,4,Re-order Email
BB000784,C0059,PET0073,2025-11-02,P03,4.0,13.5,54.0,Delivered,5,Web
BB000785,C0059,PET0073,2025-11-13,P03,5.0,13.5,67.5,Delivered,,Web
BB000786,C0059,PET0073,2025-11-23,P02,6.0,13.0,78.0,Delivered,,Web
BB000787,C0059,PET0073,2025-12-06,P03,7.0,13.5,94.5,Delivered,,Re-order Email
BB000788,C0059,PET0073,2025-12-20,P03,4.0,13.5,54.0,Delivered,5,Re-order Email
BB000789,C0059,PET0073,2025-12-28,P03,3.0,13.5,40.5,Delivered,5,Web
BB000790,C0059,PET0073,2026-01-11,P03,6.0,13.5,81.0,Delivered,,Web
BB000791,C0059,PET0073,2026-01-23,P03,6.0,13.5,81.0,Delivered,5,Web
BB000792,C0059,PET0073,2026-02-06,P03,3.0,13.5,40.5,Delivered,5,Web
BB000793,C0059,PET0073,2026-02-14,P03,4.0,13.5,54.0,Delivered,,Re-order Email
BB000794,C0059,PET0073,2026-02-22,P03,5.0,13.5,67.5,Delivered,,Pickup
BB000795,C0059,PET0073,2026-03-05,P03,3.0,13.5,40.5,Delivered,,Web
BB000796,C0059,PET0073,2026-03-13,P03,6.0,13.5,81.0,Delivered,,Re-order Email
BB000797,C0059,PET0073,2026-03-25,P03,7.0,13.5,94.5,Delivered,,Pickup
BB000798,C0059,PET0073,2026-04-07,P03,2.0,13.5,27.0,Delivered,,Pickup
BB000799,C0059,PET0073,2026-04-17,P03,5.0,13.5,67.5,Delivered,4,Web
BB000800,C0060,PET0074,2026-02-06,P06,7.0,14.5,101.5,Delivered,,Re-order Email
BB000801,C0060,PET0074,2026-02-19,P06,3.0,14.5,43.5,Delivered,,Web
BB000802,C0060,PET0074,2026-02-26,P06,5.0,14.5,72.5,Delivered,,Web
BB000803,C0060,PET0074,2026-03-09,P06,5.0,14.5,72.5,Delivered,5,Web
BB000804,C0060,PET0074,2026-03-18,P06,4.0,14.5,58.0,Delivered,5,Re-order Email
BB000805,C0060,PET0074,2026-03-25,P06,5.0,14.5,72.5,Delivered,,Re-order Email
BB000806,C0060,PET0074,2026-04-02,P03,3.0,13.5,40.5,Delivered,,Pickup
BB000807,C0060,PET0074,2026-04-15,P10,5.0,13.0,65.0,Delivered,5,Web
BB000808,C0060,PET0074,2026-04-27,P06,4.0,14.5,58.0,Delivered,,Web
BB000809,C0060,PET0075,2026-04-29,P03,4.0,13.5,54.0,Delivered,,Pickup
BB000810,C0061,PET0076,2026-02-22,P02,6.0,13.0,78.0,Delivered,3,Web
BB000811,C0061,PET0076,2026-03-06,P02,6.0,13.0,78.0,Delivered,,Web
BB000812,C0061,PET0076,2026-03-13,P02,7.0,13.0,91.0,Delivered,,Re-order Email
BB000813,C0061,PET0076,2026-03-21,P02,4.0,13.0,52.0,Delivered,5,Pickup
BB000814,C0061,PET0076,2026-04-03,P02,5.0,13.0,65.0,Delivered,5,Web
BB000815,C0061,PET0076,2026-04-16,P02,5.0,13.0,65.0,Delivered,5,Web
BB000816,C0061,PET0076,2026-04-24,P02,5.0,13.0,65.0,Delivered,,Re-order Email
BB000817,C0062,PET0077,2025-04-25,P10,3.0,13.0,39.0,Delivered,5,Web
BB000818,C0062,PET0077,2025-05-04,P01,6.0,14.5,87.0,Delivered,,Web
BB000819,C0062,PET0077,2025-05-14,P01,7.0,14.5,101.5,Delivered,,Web
BB000820,C0062,PET0077,2025-05-24,P01,2.0,14.5,29.0,Delivered,5,Re-order Email
BB000821,C0062,PET0077,2025-06-04,P08,5.0,15.5,77.5,Delivered,,Web
BB000822,C0062,PET0077,2025-06-15,P01,2.0,14.5,29.0,Delivered,,Web
BB000823,C0062,PET0077,2025-06-26,P04,5.0,14.0,70.0,Delivered,4,Web
BB000824,C0062,PET0077,2025-07-03,P01,6.0,14.5,87.0,Delivered,5,Web
BB000825,C0062,PET0077,2025-07-17,P10,6.0,13.0,78.0,Delivered,,Web
BB000826,C0062,PET0077,2025-07-26,P01,4.0,14.5,58.0,Delivered,5,Re-order Email
BB000827,C0062,PET0077,2025-08-09,P01,3.0,14.5,43.5,Delivered,,Web
BB000828,C0062,PET0077,2025-08-18,P01,4.0,14.5,58.0,Delivered,,Web
BB000829,C0062,PET0077,2025-08-25,P01,6.0,14.5,87.0,Delivered,5,Web
BB000830,C0062,PET0077,2025-09-04,P06,5.0,14.5,72.5,Delivered,,Web
BB000831,C0062,PET0077,2025-09-12,P01,3.0,14.5,43.5,Delivered,,Web
BB000832,C0062,PET0077,2025-09-26,P01,5.0,14.5,72.5,Delivered,,Web
BB000833,C0062,PET0077,2025-10-03,P10,7.0,13.0,91.0,Delivered,,Web
BB000834,C0062,PET0077,2025-10-13,P10,4.0,13.0,52.0,Delivered,,Re-order Email
BB000835,C0062,PET0077,2025-10-22,P09,7.0,12.5,87.5,Delivered,4,Web
BB000836,C0062,PET0077,2025-10-30,P01,4.0,14.5,58.0,Delivered,,Web
BB000837,C0062,PET0077,2025-11-13,P03,6.0,13.5,81.0,Delivered,,Web
BB000838,C0062,PET0077,2025-11-23,P01,6.0,14.5,87.0,Delivered,,Web
BB000839,C0062,PET0077,2025-12-07,P01,4.0,14.5,58.0,Delivered,,Re-order Email
BB000840,C0062,PET0077,2025-12-16,P07,5.0,13.5,67.5,Delivered,,Pickup
BB000841,C0062,PET0077,2025-12-23,P01,5.0,14.5,72.5,Delivered,,Pickup
BB000842,C0062,PET0077,2026-01-03,P08,4.0,15.5,62.0,Delivered,,Pickup
BB000843,C0062,PET0077,2026-01-12,P01,6.0,14.5,87.0,Delivered,5,Web
BB000844,C0062,PET0077,2026-01-21,P01,5.0,14.5,72.5,Delivered,,Web
BB000845,C0062,PET0077,2026-02-02,P01,6.0,14.5,87.0,Delivered,,Web
BB000846,C0062,PET0077,2026-02-09,P01,7.0,14.5,101.5,Delivered,5,Pickup
BB000847,C0062,PET0077,2026-02-21,P01,5.0,14.5,72.5,Delivered,5,Web
BB000848,C0062,PET0077,2026-03-03,P04,6.0,14.0,84.0,Delivered,,Pickup
BB000849,C0062,PET0077,2026-03-13,P01,4.0,14.5,58.0,Delivered,,Re-order Email
BB000850,C0062,PET0077,2026-03-21,P01,4.0,14.5,58.0,Delivered,,Web
BB000851,C0062,PET0077,2026-04-02,P01,5.0,14.5,72.5,Delivered,,Web
BB000852,C0062,PET0077,2026-04-11,P01,5.0,14.5,72.5,Delivered,,Re-order Email
BB000853,C0062,PET0077,2026-04-24,P01,2.0,14.5,29.0,Delivered,,Pickup
BB000854,C0063,PET0078,2025-07-07,P11,5.0,12.0,60.0,Delivered,,Web
BB000855,C0063,PET0078,2025-07-20,P06,7.0,14.5,101.5,Delivered,,Pickup
BB000856,C0063,PET0078,2025-07-28,P03,5.0,13.5,67.5,Delivered,,Pickup
BB000857,C0063,PET0078,2025-08-09,P11,4.0,12.0,48.0,Delivered,,Re-order Email
BB000858,C0063,PET0078,2025-08-16,P11,5.0,12.0,60.0,Delivered,,Pickup
BB000859,C0063,PET0078,2025-08-23,P09,5.0,12.5,62.5,Delivered,5,Web
BB000860,C0063,PET0078,2025-09-02,P11,4.0,12.0,48.0,Delivered,5,Web
BB000861,C0063,PET0078,2025-09-14,P11,6.0,12.0,72.0,Delivered,4,Web
BB000862,C0063,PET0078,2025-09-21,P11,7.0,12.0,84.0,Delivered,5,Web
BB000863,C0063,PET0078,2025-10-01,P11,3.0,12.0,36.0,Delivered,,Web
BB000864,C0063,PET0078,2025-10-08,P11,5.0,12.0,60.0,Delivered,,Pickup
BB000865,C0063,PET0078,2025-10-17,P11,5.0,12.0,60.0,Delivered,,Re-order Email
BB000866,C0063,PET0078,2025-10-29,P11,4.0,12.0,48.0,Delivered,5,Web
BB000867,C0063,PET0078,2025-11-08,P11,6.0,12.0,72.0,Delivered,,Web
BB000868,C0063,PET0078,2025-11-16,P11,4.0,12.0,48.0,Delivered,,Re-order Email
BB000869,C0063,PET0078,2025-11-27,P11,3.0,12.0,36.0,Delivered,,Web
BB000870,C0063,PET0078,2025-12-07,P11,7.0,12.0,84.0,Delivered,,Web
BB000871,C0063,PET0078,2025-12-14,P10,2.0,13.0,26.0,Delivered,,Web
BB000872,C0063,PET0078,2025-12-23,P10,3.0,13.0,39.0,Delivered,5,Web
BB000873,C0063,PET0078,2026-01-04,P11,7.0,12.0,84.0,Delivered,,Web
BB000874,C0063,PET0078,2026-01-13,P11,6.0,12.0,72.0,Delivered,,Web
BB000875,C0063,PET0078,2026-01-20,P02,3.0,13.0,39.0,Delivered,4,Pickup
BB000876,C0063,PET0078,2026-01-31,P11,4.0,12.0,48.0,Delivered,3,Web
BB000877,C0063,PET0078,2026-02-10,P11,4.0,12.0,48.0,Delivered,5,Web
BB000878,C0063,PET0078,2026-02-18,P08,2.0,15.5,31.0,Delivered,,Web
BB000879,C0063,PET0078,2026-03-01,P11,3.0,12.0,36.0,Delivered,,Re-order Email
BB000880,C0063,PET0078,2026-03-09,P11,4.0,12.0,48.0,Delivered,,Web
BB000881,C0063,PET0078,2026-03-22,P11,7.0,12.0,84.0,Delivered,,Web
BB000882,C0063,PET0078,2026-03-30,P11,4.0,12.0,48.0,Delivered,,Re-order Email
BB000883,C0063,PET0078,2026-04-11,P11,6.0,12.0,72.0,Delivered,,Web
BB000884,C0063,PET0078,2026-04-24,P07,5.0,13.5,67.5,Delivered,,Web
BB000885,C0064,PET0079,2026-03-18,P01,5.0,14.5,72.5,Delivered,5,Re-order Email
BB000886,C0064,PET0079,2026-03-29,P10,3.0,13.0,39.0,Delivered,5,Pickup
BB000887,C0064,PET0079,2026-04-10,P10,3.0,13.0,39.0,Delivered,5,Web
BB000888,C0064,PET0079,2026-04-21,P12,3.0,12.5,37.5,Delivered,4,Pickup
BB000889,C0065,PET0080,2025-03-16,P04,3.0,14.0,42.0,Delivered,4,Web
BB000890,C0065,PET0080,2025-03-24,P04,3.0,14.0,42.0,Delivered,,Web
BB000891,C0065,PET0080,2025-04-01,P04,4.0,14.0,56.0,Delivered,,Web
BB000892,C0065,PET0080,2025-04-15,P11,5.0,12.0,60.0,Delivered,5,Web
BB000893,C0065,PET0080,2025-04-27,P04,7.0,14.0,98.0,Delivered,5,Re-order Email
BB000894,C0065,PET0080,2025-05-07,P04,4.0,14.0,56.0,Delivered,4,Web
BB000895,C0065,PET0080,2025-05-20,P12,6.0,12.5,75.0,Delivered,,Web
BB000896,C0065,PET0080,2025-05-31,P03,5.0,13.5,67.5,Delivered,5,Web
BB000897,C0065,PET0080,2025-06-07,P10,5.0,13.0,65.0,Delivered,,Web
BB000898,C0065,PET0080,2025-06-17,P04,2.0,14.0,28.0,Delivered,,Pickup
BB000899,C0065,PET0080,2025-06-24,P04,7.0,14.0,98.0,Delivered,,Web
BB000900,C0065,PET0080,2025-07-03,P04,6.0,14.0,84.0,Delivered,,Web
BB000901,C0065,PET0080,2025-07-10,P04,5.0,14.0,70.0,Delivered,3,Web
BB000902,C0065,PET0080,2025-07-23,P04,4.0,14.0,56.0,Delivered,,Web
BB000903,C0065,PET0080,2025-07-31,P04,2.0,14.0,28.0,Delivered,5,Web
BB000904,C0065,PET0080,2025-08-10,P04,4.0,14.0,56.0,Delivered,,Pickup
BB000905,C0065,PET0080,2025-08-24,P04,3.0,14.0,42.0,Delivered,3,Web
BB000906,C0065,PET0080,2025-09-02,P03,4.0,13.5,54.0,Delivered,,Web
BB000907,C0065,PET0080,2025-09-14,P09,6.0,12.5,75.0,Delivered,5,Web
BB000908,C0065,PET0080,2025-09-25,P03,4.0,13.5,54.0,Delivered,5,Web
BB000909,C0065,PET0080,2025-10-09,P03,5.0,13.5,67.5,Delivered,4,Web
BB000910,C0065,PET0080,2025-10-21,P11,7.0,12.0,84.0,Delivered,5,Re-order Email
BB000911,C0065,PET0080,2025-10-28,P04,4.0,14.0,56.0,Delivered,3,Web
BB000912,C0065,PET0080,2025-11-08,P11,5.0,12.0,60.0,Delivered,5,Pickup
BB000913,C0065,PET0080,2025-11-18,P04,4.0,14.0,56.0,Delivered,5,Web
BB000914,C0065,PET0080,2025-11-29,P04,4.0,14.0,56.0,Delivered,5,Web
BB000915,C0065,PET0080,2025-12-13,P04,3.0,14.0,42.0,Delivered,,Web
BB000916,C0065,PET0080,2025-12-26,P12,5.0,12.5,62.5,Delivered,,Re-order Email
BB000917,C0065,PET0080,2026-01-07,P04,4.0,14.0,56.0,Delivered,,Pickup
BB000918,C0065,PET0080,2026-01-17,P04,5.0,14.0,70.0,Delivered,,Web
BB000919,C0065,PET0080,2026-01-28,P04,5.0,14.0,70.0,Delivered,3,Re-order Email
BB000920,C0065,PET0080,2026-02-09,P04,3.0,14.0,42.0,Delivered,5,Web
BB000921,C0065,PET0080,2026-02-17,P04,3.0,14.0,42.0,Delivered,4,Web
BB000922,C0065,PET0080,2026-03-03,P04,4.0,14.0,56.0,Delivered,5,Re-order Email
BB000923,C0065,PET0080,2026-03-12,P04,3.0,14.0,42.0,Delivered,,Web
BB000924,C0065,PET0080,2026-03-20,P03,4.0,13.5,54.0,Delivered,,Re-order Email
BB000925,C0065,PET0080,2026-03-28,P04,3.0,14.0,42.0,Delivered,,Web
BB000926,C0065,PET0080,2026-04-10,P04,6.0,14.0,84.0,Delivered,3,Re-order Email
BB000927,C0065,PET0080,2026-04-19,P04,4.0,14.0,56.0,Delivered,4,Web
BB000928,C0066,PET0081,2026-02-17,P10,6.0,13.0,78.0,Delivered,,Web
BB000929,C0066,PET0081,2026-03-01,P10,5.0,13.0,65.0,Delivered,,Pickup
BB000930,C0066,PET0081,2026-03-12,P08,5.0,15.5,77.5,Delivered,5,Pickup
BB000931,C0066,PET0081,2026-03-21,P01,3.0,14.5,43.5,Delivered,,Web
BB000932,C0067,PET0082,2025-04-13,P06,6.0,14.5,87.0,Delivered,,Web
BB000933,C0067,PET0082,2025-04-21,P06,7.0,14.5,101.5,Delivered,5,Pickup
BB000934,C0067,PET0082,2025-04-30,P06,4.0,14.5,58.0,Delivered,5,Web
BB000935,C0067,PET0082,2025-05-08,P10,6.0,13.0,78.0,Delivered,,Web
BB000936,C0067,PET0082,2025-05-20,P06,4.0,14.5,58.0,Delivered,5,Web
BB000937,C0067,PET0082,2025-05-29,P06,5.0,14.5,72.5,Delivered,,Web
BB000938,C0067,PET0082,2025-06-11,P06,4.0,14.5,58.0,Delivered,,Web
BB000939,C0067,PET0082,2025-06-22,P06,4.0,14.5,58.0,Delivered,5,Web
BB000940,C0067,PET0082,2025-07-02,P06,5.0,14.5,72.5,Delivered,,Pickup
BB000941,C0067,PET0082,2025-07-11,P06,4.0,14.5,58.0,Delivered,5,Web
BB000942,C0067,PET0082,2025-07-18,P06,4.0,14.5,58.0,Delivered,,Re-order Email
BB000943,C0067,PET0082,2025-07-26,P06,4.0,14.5,58.0,Delivered,,Web
BB000944,C0067,PET0082,2025-08-08,P06,3.0,14.5,43.5,Delivered,,Web
BB000945,C0067,PET0082,2025-08-21,P06,5.0,14.5,72.5,Delivered,5,Re-order Email
BB000946,C0067,PET0082,2025-08-29,P02,5.0,13.0,65.0,Delivered,,Web
BB000947,C0067,PET0082,2025-09-10,P06,3.0,14.5,43.5,Delivered,5,Web
BB000948,C0067,PET0082,2025-09-22,P06,6.0,14.5,87.0,Delivered,4,Web
BB000949,C0067,PET0082,2025-10-04,P07,5.0,13.5,67.5,Delivered,,Web
BB000950,C0067,PET0082,2025-10-17,P06,5.0,14.5,72.5,Delivered,,Web
BB000951,C0067,PET0082,2025-10-29,P06,5.0,14.5,72.5,Delivered,,Web
BB000952,C0067,PET0082,2025-11-06,P06,5.0,14.5,72.5,Delivered,,Web
BB000953,C0067,PET0082,2025-11-15,P08,6.0,15.5,93.0,Delivered,,Pickup
BB000954,C0067,PET0082,2025-11-26,P06,6.0,14.5,87.0,Delivered,,Web
BB000955,C0067,PET0082,2025-12-05,P06,3.0,14.5,43.5,Delivered,4,Web
BB000956,C0067,PET0082,2025-12-12,P06,4.0,14.5,58.0,Delivered,,Pickup
BB000957,C0067,PET0082,2025-12-20,P06,6.0,14.5,87.0,Delivered,,Web
BB000958,C0067,PET0082,2025-12-29,P06,3.0,14.5,43.5,Delivered,4,Web
BB000959,C0067,PET0082,2026-01-06,P06,5.0,14.5,72.5,Delivered,5,Web
BB000960,C0067,PET0082,2026-01-19,P01,3.0,14.5,43.5,Delivered,,Web
BB000961,C0067,PET0082,2026-01-26,P06,2.0,14.5,29.0,Delivered,,Web
BB000962,C0067,PET0082,2026-02-08,P06,3.0,14.5,43.5,Delivered,,Web
BB000963,C0067,PET0082,2026-02-18,P06,5.0,14.5,72.5,Delivered,,Web
BB000964,C0067,PET0082,2026-02-28,P06,5.0,14.5,72.5,Delivered,,Web
BB000965,C0067,PET0082,2026-03-10,P06,6.0,14.5,87.0,Delivered,,Web
BB000966,C0067,PET0082,2026-03-18,P06,4.0,14.5,58.0,Delivered,,Web
BB000967,C0067,PET0083,2025-04-10,P06,4.0,14.5,58.0,Delivered,4,Web
BB000968,C0067,PET0083,2025-04-19,P06,5.0,14.5,72.5,Delivered,,Web
BB000969,C0067,PET0083,2025-05-02,P06,7.0,14.5,101.5,Delivered,,Pickup
BB000970,C0067,PET0083,2025-05-16,P06,5.0,14.5,72.5,Delivered,,Web
BB000971,C0067,PET0083,2025-05-26,P06,4.0,14.5,58.0,Delivered,,Web
BB000972,C0067,PET0083,2025-06-03,P06,5.0,14.5,72.5,Delivered,,Pickup
BB000973,C0067,PET0083,2025-06-17,P06,6.0,14.5,87.0,Delivered,5,Web
BB000974,C0067,PET0083,2025-06-27,P11,7.0,12.0,84.0,Delivered,,Web
BB000975,C0067,PET0083,2025-07-11,P08,3.0,15.5,46.5,Delivered,5,Web
BB000976,C0067,PET0083,2025-07-23,P06,5.0,14.5,72.5,Delivered,,Web
BB000977,C0067,PET0083,2025-08-04,P06,7.0,14.5,101.5,Delivered,5,Web
BB000978,C0067,PET0083,2025-08-11,P06,5.0,14.5,72.5,Delivered,5,Web
BB000979,C0067,PET0083,2025-08-21,P06,3.0,14.5,43.5,Delivered,,Web
BB000980,C0067,PET0083,2025-08-29,P09,6.0,12.5,75.0,Delivered,,Re-order Email
BB000981,C0067,PET0083,2025-09-11,P06,5.0,14.5,72.5,Delivered,,Web
BB000982,C0067,PET0083,2025-09-18,P10,3.0,13.0,39.0,Delivered,,Pickup
BB000983,C0067,PET0083,2025-09-30,P10,6.0,13.0,78.0,Delivered,,Web
BB000984,C0067,PET0083,2025-10-09,P06,5.0,14.5,72.5,Delivered,,Re-order Email
BB000985,C0067,PET0083,2025-10-19,P01,3.0,14.5,43.5,Delivered,,Re-order Email
BB000986,C0067,PET0083,2025-11-02,P06,5.0,14.5,72.5,Delivered,,Web
BB000987,C0067,PET0083,2025-11-16,P01,5.0,14.5,72.5,Delivered,,Pickup
BB000988,C0067,PET0083,2025-11-25,P06,6.0,14.5,87.0,Delivered,,Web
BB000989,C0067,PET0083,2025-12-09,P06,4.0,14.5,58.0,Delivered,,Re-order Email
BB000990,C0067,PET0083,2025-12-19,P06,4.0,14.5,58.0,Delivered,5,Re-order Email
BB000991,C0067,PET0083,2026-01-01,P06,5.0,14.5,72.5,Delivered,,Web
BB000992,C0067,PET0083,2026-01-15,P08,5.0,15.5,77.5,Delivered,,Re-order Email
BB000993,C0067,PET0083,2026-01-28,P02,6.0,13.0,78.0,Delivered,,Re-order Email
BB000994,C0067,PET0083,2026-02-10,P06,3.0,14.5,43.5,Delivered,,Pickup
BB000995,C0067,PET0083,2026-02-24,P06,3.0,14.5,43.5,Delivered,5,Web
BB000996,C0067,PET0083,2026-03-09,P06,3.0,14.5,43.5,Delivered,,Web
BB000997,C0067,PET0083,2026-03-19,P06,5.0,14.5,72.5,Delivered,,Web
BB000998,C0067,PET0083,2026-04-01,P06,4.0,14.5,58.0,Delivered,,Web
BB000999,C0067,PET0083,2026-04-14,P06,6.0,14.5,87.0,Delivered,,Web
BB001000,C0067,PET0083,2026-04-21,P06,6.0,14.5,87.0,Delivered,,Web
BB001001,C0069,PET0085,2025-11-22,P07,5.0,13.5,67.5,Delivered,,Web
BB001002,C0069,PET0085,2025-11-30,P07,6.0,13.5,81.0,Delivered,,Web
BB001003,C0069,PET0085,2025-12-07,P07,5.0,13.5,67.5,Delivered,,Web
BB001004,C0069,PET0085,2025-12-14,P07,3.0,13.5,40.5,Delivered,,Pickup
BB001005,C0069,PET0085,2025-12-21,P07,5.0,13.5,67.5,Delivered,4,Re-order Email
BB001006,C0069,PET0085,2025-12-30,P07,3.0,13.5,40.5,Delivered,,Web
BB001007,C0069,PET0085,2026-01-08,P12,4.0,12.5,50.0,Delivered,5,Pickup
BB001008,C0069,PET0085,2026-01-15,P07,6.0,13.5,81.0,Delivered,5,Web
BB001009,C0069,PET0085,2026-01-22,P11,5.0,12.0,60.0,Delivered,,Re-order Email
BB001010,C0069,PET0085,2026-02-02,P12,5.0,12.5,62.5,Delivered,5,Web
BB001011,C0069,PET0085,2026-02-09,P07,5.0,13.5,67.5,Delivered,5,Pickup
BB001012,C0069,PET0085,2026-02-20,P07,5.0,13.5,67.5,Delivered,,Web
BB001013,C0069,PET0085,2026-03-04,P07,5.0,13.5,67.5,Delivered,5,Pickup
BB001014,C0069,PET0085,2026-03-13,P03,3.0,13.5,40.5,Delivered,,Re-order Email
BB001015,C0069,PET0085,2026-03-23,P07,6.0,13.5,81.0,Delivered,,Pickup
BB001016,C0069,PET0085,2026-04-06,P07,4.0,13.5,54.0,Delivered,,Web
BB001017,C0069,PET0085,2026-04-14,P07,5.0,13.5,67.5,Delivered,5,Web
BB001018,C0069,PET0085,2026-04-22,P09,6.0,12.5,75.0,Delivered,5,Pickup
BB001019,C0070,PET0086,2025-10-22,P12,5.0,12.5,62.5,Delivered,,Web
BB001020,C0070,PET0086,2025-11-05,P12,3.0,12.5,37.5,Delivered,,Web
BB001021,C0070,PET0086,2025-11-16,P12,5.0,12.5,62.5,Delivered,,Web
BB001022,C0070,PET0086,2025-11-27,P12,4.0,12.5,50.0,Delivered,5,Pickup
BB001023,C0070,PET0086,2025-12-05,P12,2.0,12.5,25.0,Delivered,,Web
BB001024,C0070,PET0086,2025-12-14,P12,4.0,12.5,50.0,Delivered,,Web
BB001025,C0070,PET0086,2025-12-22,P12,4.0,12.5,50.0,Delivered,5,Pickup
BB001026,C0070,PET0086,2026-01-01,P12,3.0,12.5,37.5,Delivered,5,Pickup
BB001027,C0070,PET0086,2026-01-11,P12,5.0,12.5,62.5,Delivered,5,Web
BB001028,C0070,PET0086,2026-01-22,P08,4.0,15.5,62.0,Delivered,,Pickup
BB001029,C0070,PET0086,2026-02-04,P07,4.0,13.5,54.0,Delivered,5,Pickup
BB001030,C0070,PET0086,2026-02-18,P11,2.0,12.0,24.0,Delivered,,Pickup
BB001031,C0070,PET0086,2026-02-26,P12,5.0,12.5,62.5,Delivered,,Web
BB001032,C0070,PET0086,2026-03-12,P12,4.0,12.5,50.0,Delivered,5,Web
BB001033,C0070,PET0086,2026-03-22,P12,6.0,12.5,75.0,Delivered,,Web
BB001034,C0070,PET0086,2026-03-30,P12,7.0,12.5,87.5,Delivered,5,Web
BB001035,C0070,PET0086,2026-04-12,P12,6.0,12.5,75.0,Delivered,,Re-order Email
BB001036,C0070,PET0086,2026-04-25,P12,4.0,12.5,50.0,Delivered,,Web
BB001037,C0070,PET0087,2025-10-21,P02,5.0,13.0,65.0,Delivered,5,Web
BB001038,C0070,PET0087,2025-11-01,P11,4.0,12.0,48.0,Delivered,,Web
BB001039,C0070,PET0087,2025-11-08,P02,4.0,13.0,52.0,Delivered,5,Web
BB001040,C0070,PET0087,2025-11-16,P02,4.0,13.0,52.0,Delivered,,Web
BB001041,C0070,PET0087,2025-11-28,P02,2.0,13.0,26.0,Delivered,,Web
BB001042,C0070,PET0087,2025-12-10,P02,3.0,13.0,39.0,Delivered,,Pickup
BB001043,C0070,PET0087,2025-12-20,P07,6.0,13.5,81.0,Delivered,5,Web
BB001044,C0070,PET0087,2026-01-01,P09,4.0,12.5,50.0,Delivered,,Web
BB001045,C0070,PET0087,2026-01-08,P02,6.0,13.0,78.0,Delivered,,Re-order Email
BB001046,C0071,PET0088,2026-04-29,P08,7.0,15.5,108.5,Delivered,5,Web
BB001047,C0071,PET0089,2026-05-04,P05,5.0,15.0,75.0,Scheduled,,Web
BB001048,C0072,PET0090,2026-03-24,P08,3.0,15.5,46.5,Delivered,4,Web
BB001049,C0073,PET0091,2026-04-30,P05,4.0,15.0,60.0,Delivered,,Web
BB001050,C0074,PET0092,2025-06-01,P12,4.0,12.5,50.0,Delivered,3,Web
BB001051,C0074,PET0092,2025-06-10,P10,4.0,13.0,52.0,Delivered,,Re-order Email
BB001052,C0074,PET0092,2025-06-22,P10,3.0,13.0,39.0,Delivered,,Pickup
BB001053,C0074,PET0092,2025-07-03,P10,4.0,13.0,52.0,Delivered,5,Web
BB001054,C0074,PET0092,2025-07-13,P10,3.0,13.0,39.0,Delivered,,Web
BB001055,C0074,PET0092,2025-07-22,P10,2.0,13.0,26.0,Delivered,5,Pickup
BB001056,C0074,PET0092,2025-08-05,P01,6.0,14.5,87.0,Delivered,5,Web
BB001057,C0074,PET0092,2025-08-19,P10,6.0,13.0,78.0,Delivered,,Pickup
BB001058,C0074,PET0092,2025-09-01,P11,7.0,12.0,84.0,Delivered,5,Web
BB001059,C0074,PET0092,2025-09-15,P03,5.0,13.5,67.5,Delivered,,Pickup
BB001060,C0074,PET0092,2025-09-23,P10,7.0,13.0,91.0,Delivered,5,Web
BB001061,C0074,PET0092,2025-10-05,P10,4.0,13.0,52.0,Delivered,5,Web
BB001062,C0074,PET0092,2025-10-14,P10,4.0,13.0,52.0,Delivered,,Web
BB001063,C0074,PET0092,2025-10-27,P10,2.0,13.0,26.0,Delivered,5,Web
BB001064,C0074,PET0092,2025-11-03,P10,3.0,13.0,39.0,Delivered,,Pickup
BB001065,C0074,PET0092,2025-11-17,P10,2.0,13.0,26.0,Delivered,5,Web
BB001066,C0074,PET0092,2025-11-27,P10,3.0,13.0,39.0,Delivered,3,Web
BB001067,C0074,PET0092,2025-12-04,P10,4.0,13.0,52.0,Delivered,,Web
BB001068,C0074,PET0092,2025-12-17,P10,6.0,13.0,78.0,Delivered,,Re-order Email
BB001069,C0074,PET0092,2025-12-28,P10,3.0,13.0,39.0,Delivered,,Web
BB001070,C0074,PET0092,2026-01-05,P10,2.0,13.0,26.0,Delivered,,Re-order Email
BB001071,C0074,PET0092,2026-01-18,P10,7.0,13.0,91.0,Delivered,,Web
BB001072,C0074,PET0092,2026-01-27,P10,5.0,13.0,65.0,Delivered,,Web
BB001073,C0074,PET0092,2026-02-06,P10,2.0,13.0,26.0,Delivered,5,Re-order Email
BB001074,C0074,PET0092,2026-02-17,P10,6.0,13.0,78.0,Delivered,4,Web
BB001075,C0074,PET0092,2026-03-03,P10,7.0,13.0,91.0,Delivered,,Re-order Email
BB001076,C0074,PET0092,2026-03-15,P03,5.0,13.5,67.5,Delivered,,Web
BB001077,C0074,PET0092,2026-03-26,P10,4.0,13.0,52.0,Delivered,,Web
BB001078,C0074,PET0092,2026-04-06,P10,5.0,13.0,65.0,Delivered,,Web
BB001079,C0074,PET0092,2026-04-13,P10,4.0,13.0,52.0,Delivered,,Web
BB001080,C0074,PET0092,2026-04-21,P06,7.0,14.5,101.5,Delivered,,Web
BB001081,C0074,PET0092,2026-04-28,P10,7.0,13.0,91.0,Delivered,,Re-order Email
BB001082,C0074,PET0093,2025-06-02,P02,4.0,13.0,52.0,Delivered,5,Web
BB001083,C0074,PET0093,2025-06-14,P10,5.0,13.0,65.0,Delivered,,Pickup
BB001084,C0074,PET0093,2025-06-25,P02,5.0,13.0,65.0,Delivered,,Web
BB001085,C0074,PET0093,2025-07-04,P02,6.0,13.0,78.0,Delivered,5,Re-order Email
BB001086,C0074,PET0093,2025-07-15,P02,6.0,13.0,78.0,Delivered,,Re-order Email
BB001087,C0074,PET0093,2025-07-26,P12,3.0,12.5,37.5,Delivered,,Web
BB001088,C0074,PET0093,2025-08-05,P02,7.0,13.0,91.0,Delivered,,Web
BB001089,C0074,PET0093,2025-08-13,P02,5.0,13.0,65.0,Delivered,,Web
BB001090,C0074,PET0093,2025-08-21,P06,6.0,14.5,87.0,Delivered,5,Web
BB001091,C0074,PET0093,2025-08-31,P02,3.0,13.0,39.0,Delivered,,Re-order Email
BB001092,C0074,PET0093,2025-09-12,P02,4.0,13.0,52.0,Delivered,5,Web
BB001093,C0074,PET0093,2025-09-25,P02,5.0,13.0,65.0,Delivered,,Web
BB001094,C0074,PET0093,2025-10-05,P02,2.0,13.0,26.0,Delivered,,Re-order Email
BB001095,C0074,PET0093,2025-10-12,P02,3.0,13.0,39.0,Delivered,,Web
BB001096,C0074,PET0093,2025-10-24,P02,6.0,13.0,78.0,Delivered,,Web
BB001097,C0074,PET0093,2025-11-03,P04,6.0,14.0,84.0,Delivered,5,Web
BB001098,C0074,PET0093,2025-11-15,P03,7.0,13.5,94.5,Delivered,,Web
BB001099,C0074,PET0093,2025-11-24,P02,3.0,13.0,39.0,Delivered,,Web
BB001100,C0074,PET0093,2025-12-04,P02,4.0,13.0,52.0,Delivered,,Pickup
BB001101,C0074,PET0093,2025-12-13,P03,3.0,13.5,40.5,Delivered,,Re-order Email
BB001102,C0074,PET0093,2025-12-21,P02,4.0,13.0,52.0,Delivered,,Web
BB001103,C0074,PET0093,2026-01-01,P02,3.0,13.0,39.0,Delivered,,Web
BB001104,C0074,PET0093,2026-01-08,P02,5.0,13.0,65.0,Delivered,5,Re-order Email
BB001105,C0074,PET0093,2026-01-19,P02,5.0,13.0,65.0,Delivered,,Web
BB001106,C0074,PET0093,2026-02-01,P03,3.0,13.5,40.5,Delivered,5,Web
BB001107,C0074,PET0093,2026-02-13,P02,3.0,13.0,39.0,Delivered,,Web
BB001108,C0074,PET0093,2026-02-23,P02,4.0,13.0,52.0,Delivered,5,Web
BB001109,C0074,PET0093,2026-03-04,P07,4.0,13.5,54.0,Delivered,3,Web
BB001110,C0074,PET0093,2026-03-14,P02,4.0,13.0,52.0,Delivered,5,Web
BB001111,C0074,PET0093,2026-03-25,P02,4.0,13.0,52.0,Delivered,5,Web
BB001112,C0074,PET0093,2026-04-05,P02,4.0,13.0,52.0,Delivered,5,Re-order Email
BB001113,C0074,PET0093,2026-04-15,P02,5.0,13.0,65.0,Delivered,4,Web
BB001114,C0074,PET0093,2026-04-25,P11,4.0,12.0,48.0,Delivered,,Web
BB001115,C0075,PET0094,2026-04-28,P12,3.0,12.5,37.5,Delivered,5,Web
BB001116,C0076,PET0095,2026-03-18,P02,5.0,13.0,65.0,Delivered,,Web
BB001117,C0076,PET0095,2026-03-27,P02,6.0,13.0,78.0,Delivered,,Re-order Email
BB001118,C0076,PET0095,2026-04-05,P02,3.0,13.0,39.0,Delivered,,Web
BB001119,C0076,PET0095,2026-04-15,P02,3.0,13.0,39.0,Delivered,,Re-order Email
BB001120,C0076,PET0095,2026-04-28,P02,3.0,13.0,39.0,Delivered,,Pickup
BB001121,C0076,PET0096,2026-03-17,P12,4.0,12.5,50.0,Delivered,5,Re-order Email
BB001122,C0076,PET0096,2026-03-26,P12,3.0,12.5,37.5,Delivered,,Re-order Email
BB001123,C0077,PET0097,2026-05-02,P02,6.0,13.0,78.0,Scheduled,,Web
BB001124,C0078,PET0098,2025-12-30,P07,5.0,13.5,67.5,Delivered,,Web
BB001125,C0078,PET0098,2026-01-10,P08,4.0,15.5,62.0,Delivered,5,Pickup
BB001126,C0078,PET0098,2026-01-23,P08,5.0,15.5,77.5,Delivered,,Web
BB001127,C0078,PET0098,2026-02-04,P02,4.0,13.0,52.0,Delivered,4,Web
BB001128,C0078,PET0098,2026-02-17,P09,6.0,12.5,75.0,Delivered,4,Web
BB001129,C0078,PET0098,2026-02-27,P08,4.0,15.5,62.0,Delivered,,Pickup
BB001130,C0078,PET0098,2026-03-08,P08,7.0,15.5,108.5,Delivered,5,Web
BB001131,C0078,PET0098,2026-03-16,P08,6.0,15.5,93.0,Delivered,,Pickup
BB001132,C0078,PET0098,2026-03-26,P08,7.0,15.5,108.5,Delivered,3,Web
BB001133,C0078,PET0098,2026-04-04,P12,5.0,12.5,62.5,Delivered,,Web
BB001134,C0078,PET0098,2026-04-12,P08,4.0,15.5,62.0,Delivered,,Web
BB001135,C0078,PET0098,2026-04-25,P08,7.0,15.5,108.5,Delivered,5,Web
BB001136,C0079,PET0099,2026-03-30,P10,4.0,13.0,52.0,Delivered,5,Web
BB001137,C0079,PET0099,2026-04-06,P06,5.0,14.5,72.5,Delivered,,Web
BB001138,C0079,PET0099,2026-04-17,P12,6.0,12.5,75.0,Delivered,,Web
BB001139,C0081,PET0101,2024-12-16,P01,4.0,14.5,58.0,Delivered,5,Web
BB001140,C0081,PET0101,2024-12-23,P06,3.0,14.5,43.5,Delivered,5,Web
BB001141,C0081,PET0101,2025-01-04,P09,3.0,12.5,37.5,Delivered,,Web
BB001142,C0081,PET0101,2025-01-12,P09,6.0,12.5,75.0,Delivered,4,Web
BB001143,C0081,PET0101,2025-01-23,P09,5.0,12.5,62.5,Delivered,5,Web
BB001144,C0081,PET0101,2025-02-04,P09,4.0,12.5,50.0,Delivered,,Web
BB001145,C0081,PET0101,2025-02-18,P09,4.0,12.5,50.0,Delivered,5,Pickup
BB001146,C0081,PET0101,2025-03-01,P09,4.0,12.5,50.0,Delivered,,Web
BB001147,C0081,PET0101,2025-03-12,P09,4.0,12.5,50.0,Delivered,,Web
BB001148,C0081,PET0101,2025-03-24,P09,7.0,12.5,87.5,Delivered,,Pickup
BB001149,C0081,PET0101,2025-03-31,P09,5.0,12.5,62.5,Delivered,5,Pickup
BB001150,C0081,PET0101,2025-04-11,P09,6.0,12.5,75.0,Delivered,5,Web
BB001151,C0081,PET0101,2025-04-25,P09,6.0,12.5,75.0,Delivered,,Web
BB001152,C0081,PET0101,2025-05-07,P09,3.0,12.5,37.5,Delivered,,Web
BB001153,C0081,PET0101,2025-05-21,P01,4.0,14.5,58.0,Delivered,,Pickup
BB001154,C0081,PET0101,2025-06-03,P09,5.0,12.5,62.5,Delivered,5,Web
BB001155,C0081,PET0101,2025-06-13,P09,7.0,12.5,87.5,Delivered,,Pickup
BB001156,C0081,PET0101,2025-06-21,P09,6.0,12.5,75.0,Delivered,,Web
BB001157,C0081,PET0101,2025-07-05,P09,3.0,12.5,37.5,Delivered,5,Re-order Email
BB001158,C0081,PET0101,2025-07-15,P09,7.0,12.5,87.5,Delivered,4,Web
BB001159,C0081,PET0101,2025-07-28,P09,2.0,12.5,25.0,Delivered,5,Web
BB001160,C0081,PET0101,2025-08-07,P03,5.0,13.5,67.5,Delivered,5,Web
BB001161,C0081,PET0101,2025-08-16,P12,6.0,12.5,75.0,Delivered,,Web
BB001162,C0081,PET0101,2025-08-30,P09,4.0,12.5,50.0,Delivered,,Web
BB001163,C0081,PET0101,2025-09-10,P09,6.0,12.5,75.0,Delivered,5,Re-order Email
BB001164,C0081,PET0101,2025-09-20,P09,5.0,12.5,62.5,Delivered,,Re-order Email
BB001165,C0081,PET0101,2025-10-04,P09,5.0,12.5,62.5,Delivered,,Re-order Email
BB001166,C0081,PET0101,2025-10-12,P12,5.0,12.5,62.5,Delivered,5,Web
BB001167,C0081,PET0101,2025-10-21,P03,6.0,13.5,81.0,Delivered,,Web
BB001168,C0081,PET0101,2025-10-28,P09,3.0,12.5,37.5,Delivered,4,Pickup
BB001169,C0081,PET0101,2025-11-07,P09,6.0,12.5,75.0,Delivered,,Web
BB001170,C0081,PET0101,2025-11-14,P09,4.0,12.5,50.0,Delivered,5,Web
BB001171,C0081,PET0101,2025-11-26,P03,6.0,13.5,81.0,Delivered,5,Web
BB001172,C0081,PET0101,2025-12-08,P11,3.0,12.0,36.0,Delivered,4,Web
BB001173,C0081,PET0101,2025-12-20,P01,6.0,14.5,87.0,Delivered,,Web
BB001174,C0081,PET0101,2025-12-27,P09,5.0,12.5,62.5,Delivered,5,Web
BB001175,C0081,PET0101,2026-01-04,P09,5.0,12.5,62.5,Delivered,5,Pickup
BB001176,C0081,PET0101,2026-01-15,P09,7.0,12.5,87.5,Delivered,,Re-order Email
BB001177,C0081,PET0101,2026-01-28,P09,5.0,12.5,62.5,Delivered,,Pickup
BB001178,C0081,PET0101,2026-02-08,P09,5.0,12.5,62.5,Delivered,,Web
BB001179,C0081,PET0101,2026-02-16,P09,5.0,12.5,62.5,Delivered,,Web
BB001180,C0081,PET0101,2026-02-26,P09,7.0,12.5,87.5,Delivered,,Web
BB001181,C0081,PET0101,2026-03-05,P09,7.0,12.5,87.5,Delivered,,Re-order Email
BB001182,C0081,PET0101,2026-03-13,P09,6.0,12.5,75.0,Delivered,,Web
BB001183,C0081,PET0101,2026-03-21,P09,5.0,12.5,62.5,Delivered,,Pickup
BB001184,C0081,PET0101,2026-04-03,P12,6.0,12.5,75.0,Delivered,,Web
BB001185,C0081,PET0101,2026-04-10,P09,6.0,12.5,75.0,Delivered,,Web
BB001186,C0081,PET0101,2026-04-18,P09,3.0,12.5,37.5,Delivered,,Web
BB001187,C0081,PET0101,2026-04-29,P09,7.0,12.5,87.5,Delivered,,Pickup
BB001188,C0082,PET0102,2026-02-12,P03,7.0,13.5,94.5,Delivered,,Re-order Email
BB001189,C0082,PET0102,2026-02-22,P03,7.0,13.5,94.5,Delivered,,Re-order Email
BB001190,C0082,PET0102,2026-03-05,P03,5.0,13.5,67.5,Delivered,,Re-order Email
BB001191,C0082,PET0102,2026-03-19,P03,6.0,13.5,81.0,Delivered,5,Web
BB001192,C0082,PET0102,2026-03-31,P03,3.0,13.5,40.5,Delivered,5,Web
BB001193,C0082,PET0102,2026-04-10,P03,4.0,13.5,54.0,Delivered,,Pickup
BB001194,C0082,PET0102,2026-04-18,P03,5.0,13.5,67.5,Delivered,,Web
BB001195,C0082,PET0102,2026-04-27,P01,4.0,14.5,58.0,Delivered,5,Web
BB001196,C0083,PET0103,2026-01-27,P03,4.0,13.5,54.0,Delivered,5,Web
BB001197,C0083,PET0103,2026-02-04,P06,6.0,14.5,87.0,Delivered,,Pickup
BB001198,C0083,PET0103,2026-02-17,P03,3.0,13.5,40.5,Delivered,,Web
BB001199,C0083,PET0103,2026-02-27,P03,7.0,13.5,94.5,Delivered,,Web
BB001200,C0083,PET0103,2026-03-10,P03,4.0,13.5,54.0,Delivered,,Web
BB001201,C0083,PET0103,2026-03-23,P03,6.0,13.5,81.0,Delivered,,Pickup
BB001202,C0083,PET0103,2026-04-01,P10,6.0,13.0,78.0,Delivered,5,Re-order Email
BB001203,C0083,PET0103,2026-04-10,P03,5.0,13.5,67.5,Delivered,,Web
BB001204,C0083,PET0103,2026-04-18,P03,7.0,13.5,94.5,Delivered,,Web
BB001205,C0083,PET0103,2026-04-29,P08,5.0,15.5,77.5,Delivered,,Web
BB001206,C0084,PET0104,2025-05-24,P12,3.0,12.5,37.5,Delivered,4,Web
BB001207,C0084,PET0104,2025-06-07,P12,5.0,12.5,62.5,Delivered,4,Web
BB001208,C0084,PET0104,2025-06-21,P12,5.0,12.5,62.5,Delivered,,Web
BB001209,C0084,PET0104,2025-06-28,P12,2.0,12.5,25.0,Delivered,,Web
BB001210,C0084,PET0104,2025-07-10,P01,6.0,14.5,87.0,Delivered,,Web
BB001211,C0084,PET0104,2025-07-17,P12,4.0,12.5,50.0,Delivered,,Web
BB001212,C0084,PET0104,2025-07-28,P07,5.0,13.5,67.5,Delivered,,Web
BB001213,C0084,PET0104,2025-08-04,P12,5.0,12.5,62.5,Delivered,,Web
BB001214,C0084,PET0104,2025-08-15,P12,5.0,12.5,62.5,Delivered,5,Pickup
BB001215,C0084,PET0104,2025-08-28,P12,5.0,12.5,62.5,Delivered,5,Web
BB001216,C0084,PET0104,2025-09-06,P12,4.0,12.5,50.0,Delivered,,Web
BB001217,C0084,PET0104,2025-09-19,P12,4.0,12.5,50.0,Delivered,5,Web
BB001218,C0084,PET0104,2025-10-01,P02,2.0,13.0,26.0,Delivered,5,Web
BB001219,C0084,PET0104,2025-10-15,P12,5.0,12.5,62.5,Delivered,,Web
BB001220,C0084,PET0104,2025-10-24,P06,4.0,14.5,58.0,Delivered,,Web
BB001221,C0084,PET0104,2025-11-04,P12,4.0,12.5,50.0,Delivered,,Pickup
BB001222,C0084,PET0104,2025-11-13,P12,5.0,12.5,62.5,Delivered,,Web
BB001223,C0084,PET0104,2025-11-27,P12,5.0,12.5,62.5,Delivered,,Web
BB001224,C0084,PET0104,2025-12-10,P10,5.0,13.0,65.0,Delivered,4,Web
BB001225,C0084,PET0104,2025-12-23,P12,5.0,12.5,62.5,Delivered,5,Re-order Email
BB001226,C0084,PET0104,2026-01-05,P12,4.0,12.5,50.0,Delivered,,Web
BB001227,C0084,PET0104,2026-01-14,P12,3.0,12.5,37.5,Delivered,5,Web
BB001228,C0084,PET0104,2026-01-21,P12,5.0,12.5,62.5,Delivered,,Web
BB001229,C0084,PET0104,2026-02-03,P12,4.0,12.5,50.0,Delivered,,Pickup
BB001230,C0084,PET0104,2026-02-11,P12,5.0,12.5,62.5,Delivered,,Web
BB001231,C0084,PET0104,2026-02-25,P12,3.0,12.5,37.5,Delivered,,Web
BB001232,C0084,PET0104,2026-03-11,P10,4.0,13.0,52.0,Delivered,,Web
BB001233,C0084,PET0104,2026-03-21,P12,6.0,12.5,75.0,Delivered,,Web
BB001234,C0084,PET0104,2026-03-29,P12,3.0,12.5,37.5,Delivered,,Web
BB001235,C0084,PET0104,2026-04-06,P12,7.0,12.5,87.5,Delivered,,Pickup
BB001236,C0084,PET0104,2026-04-15,P12,3.0,12.5,37.5,Delivered,,Pickup
BB001237,C0084,PET0104,2026-04-25,P12,6.0,12.5,75.0,Delivered,,Web
BB001238,C0085,PET0105,2025-05-31,P10,6.0,13.0,78.0,Delivered,,Re-order Email
BB001239,C0085,PET0105,2025-06-08,P10,6.0,13.0,78.0,Delivered,3,Re-order Email
BB001240,C0085,PET0105,2025-06-15,P03,3.0,13.5,40.5,Delivered,,Web
BB001241,C0085,PET0105,2025-06-27,P10,6.0,13.0,78.0,Delivered,5,Web
BB001242,C0085,PET0105,2025-07-06,P10,2.0,13.0,26.0,Delivered,,Web
BB001243,C0085,PET0105,2025-07-15,P06,3.0,14.5,43.5,Delivered,4,Web
BB001244,C0085,PET0105,2025-07-24,P09,4.0,12.5,50.0,Delivered,4,Web
BB001245,C0085,PET0105,2025-08-05,P12,4.0,12.5,50.0,Delivered,,Web
BB001246,C0085,PET0105,2025-08-15,P10,3.0,13.0,39.0,Delivered,,Pickup
BB001247,C0085,PET0105,2025-08-22,P10,3.0,13.0,39.0,Delivered,4,Web
BB001248,C0085,PET0105,2025-09-03,P10,4.0,13.0,52.0,Delivered,4,Re-order Email
BB001249,C0085,PET0105,2025-09-17,P10,7.0,13.0,91.0,Delivered,5,Web
BB001250,C0085,PET0105,2025-09-24,P10,3.0,13.0,39.0,Delivered,5,Web
BB001251,C0085,PET0105,2025-10-07,P03,4.0,13.5,54.0,Delivered,5,Pickup
BB001252,C0085,PET0105,2025-10-16,P10,7.0,13.0,91.0,Delivered,5,Web
BB001253,C0085,PET0105,2025-10-28,P10,5.0,13.0,65.0,Delivered,,Web
BB001254,C0085,PET0105,2025-11-05,P10,4.0,13.0,52.0,Delivered,,Web
BB001255,C0085,PET0105,2025-11-19,P10,2.0,13.0,26.0,Delivered,,Re-order Email
BB001256,C0085,PET0105,2025-11-30,P10,7.0,13.0,91.0,Delivered,,Web
BB001257,C0085,PET0105,2025-12-12,P10,7.0,13.0,91.0,Delivered,,Pickup
BB001258,C0085,PET0105,2025-12-22,P12,4.0,12.5,50.0,Delivered,4,Web
BB001259,C0085,PET0105,2026-01-04,P10,4.0,13.0,52.0,Delivered,4,Web
BB001260,C0085,PET0105,2026-01-12,P10,5.0,13.0,65.0,Delivered,,Web
BB001261,C0085,PET0105,2026-01-25,P03,3.0,13.5,40.5,Delivered,5,Web
BB001262,C0085,PET0105,2026-02-03,P12,4.0,12.5,50.0,Delivered,,Re-order Email
BB001263,C0085,PET0105,2026-02-17,P10,3.0,13.0,39.0,Delivered,,Pickup
BB001264,C0085,PET0105,2026-03-03,P11,2.0,12.0,24.0,Delivered,,Web
BB001265,C0085,PET0105,2026-03-15,P10,5.0,13.0,65.0,Delivered,5,Web
BB001266,C0085,PET0105,2026-03-26,P10,5.0,13.0,65.0,Delivered,,Web
BB001267,C0085,PET0105,2026-04-04,P10,4.0,13.0,52.0,Delivered,,Web
BB001268,C0085,PET0105,2026-04-15,P10,2.0,13.0,26.0,Delivered,,Web
BB001269,C0085,PET0105,2026-04-25,P10,4.0,13.0,52.0,Delivered,,Web
BB001270,C0086,PET0106,2025-12-10,P07,4.0,13.5,54.0,Delivered,,Re-order Email
BB001271,C0086,PET0106,2025-12-18,P07,7.0,13.5,94.5,Delivered,,Web
BB001272,C0086,PET0106,2025-12-29,P07,4.0,13.5,54.0,Delivered,,Web
BB001273,C0086,PET0106,2026-01-11,P03,5.0,13.5,67.5,Delivered,3,Re-order Email
BB001274,C0086,PET0106,2026-01-23,P07,7.0,13.5,94.5,Delivered,,Web
BB001275,C0086,PET0106,2026-02-02,P08,4.0,15.5,62.0,Delivered,,Web
BB001276,C0086,PET0106,2026-02-16,P07,6.0,13.5,81.0,Delivered,5,Web
BB001277,C0086,PET0106,2026-02-28,P07,5.0,13.5,67.5,Delivered,5,Web
BB001278,C0086,PET0106,2026-03-11,P07,3.0,13.5,40.5,Delivered,5,Web
BB001279,C0086,PET0106,2026-03-19,P10,2.0,13.0,26.0,Delivered,,Web
BB001280,C0086,PET0106,2026-04-01,P07,6.0,13.5,81.0,Delivered,,Web
BB001281,C0086,PET0106,2026-04-08,P07,4.0,13.5,54.0,Delivered,5,Re-order Email
BB001282,C0086,PET0106,2026-04-18,P07,4.0,13.5,54.0,Delivered,,Pickup
BB001283,C0087,PET0107,2025-12-06,P12,6.0,12.5,75.0,Delivered,5,Pickup
BB001284,C0087,PET0107,2025-12-17,P12,7.0,12.5,87.5,Delivered,,Re-order Email
BB001285,C0087,PET0107,2025-12-29,P12,6.0,12.5,75.0,Delivered,,Web
BB001286,C0087,PET0107,2026-01-12,P12,3.0,12.5,37.5,Delivered,,Web
BB001287,C0087,PET0107,2026-01-23,P12,3.0,12.5,37.5,Delivered,5,Pickup
BB001288,C0087,PET0107,2026-02-04,P02,4.0,13.0,52.0,Delivered,5,Web
BB001289,C0087,PET0107,2026-02-17,P12,6.0,12.5,75.0,Delivered,,Web
BB001290,C0087,PET0107,2026-03-02,P12,5.0,12.5,62.5,Delivered,,Web
BB001291,C0087,PET0107,2026-03-13,P12,3.0,12.5,37.5,Delivered,,Re-order Email
BB001292,C0087,PET0107,2026-03-26,P12,2.0,12.5,25.0,Delivered,,Web
BB001293,C0087,PET0107,2026-04-04,P06,7.0,14.5,101.5,Delivered,,Web
BB001294,C0087,PET0107,2026-04-16,P09,5.0,12.5,62.5,Delivered,,Web
BB001295,C0087,PET0107,2026-04-26,P12,5.0,12.5,62.5,Delivered,5,Re-order Email
BB001296,C0088,PET0108,2024-11-10,P09,3.0,12.5,37.5,Delivered,4,Re-order Email
BB001297,C0088,PET0108,2024-11-19,P09,7.0,12.5,87.5,Delivered,,Re-order Email
BB001298,C0088,PET0108,2024-11-26,P09,5.0,12.5,62.5,Delivered,,Web
BB001299,C0088,PET0108,2024-12-09,P03,5.0,13.5,67.5,Delivered,,Pickup
BB001300,C0088,PET0108,2024-12-20,P09,5.0,12.5,62.5,Delivered,5,Web
BB001301,C0088,PET0108,2024-12-27,P02,2.0,13.0,26.0,Delivered,4,Web
BB001302,C0088,PET0108,2025-01-03,P01,6.0,14.5,87.0,Delivered,,Re-order Email
BB001303,C0088,PET0108,2025-01-13,P09,3.0,12.5,37.5,Delivered,5,Pickup
BB001304,C0088,PET0108,2025-01-22,P09,4.0,12.5,50.0,Delivered,,Re-order Email
BB001305,C0088,PET0108,2025-02-02,P09,6.0,12.5,75.0,Delivered,3,Pickup
BB001306,C0088,PET0108,2025-02-11,P09,6.0,12.5,75.0,Delivered,,Web
BB001307,C0088,PET0108,2025-02-21,P06,5.0,14.5,72.5,Delivered,5,Web
BB001308,C0088,PET0108,2025-03-06,P09,7.0,12.5,87.5,Delivered,,Re-order Email
BB001309,C0088,PET0108,2025-03-17,P11,4.0,12.0,48.0,Delivered,,Web
BB001310,C0088,PET0108,2025-03-29,P09,6.0,12.5,75.0,Delivered,,Web
BB001311,C0088,PET0108,2025-04-11,P09,7.0,12.5,87.5,Delivered,,Pickup
BB001312,C0088,PET0108,2025-04-18,P11,4.0,12.0,48.0,Delivered,,Pickup
BB001313,C0088,PET0108,2025-05-01,P09,5.0,12.5,62.5,Delivered,,Pickup
BB001314,C0088,PET0108,2025-05-10,P09,3.0,12.5,37.5,Delivered,5,Web
BB001315,C0088,PET0108,2025-05-22,P09,3.0,12.5,37.5,Delivered,,Web
BB001316,C0088,PET0108,2025-06-04,P09,4.0,12.5,50.0,Delivered,5,Web
BB001317,C0088,PET0108,2025-06-14,P09,7.0,12.5,87.5,Delivered,,Re-order Email
BB001318,C0088,PET0108,2025-06-21,P09,5.0,12.5,62.5,Delivered,,Web
BB001319,C0088,PET0108,2025-07-01,P09,4.0,12.5,50.0,Delivered,,Re-order Email
BB001320,C0088,PET0108,2025-07-13,P09,4.0,12.5,50.0,Delivered,,Web
BB001321,C0088,PET0108,2025-07-26,P09,4.0,12.5,50.0,Delivered,5,Re-order Email
BB001322,C0088,PET0108,2025-08-02,P09,5.0,12.5,62.5,Delivered,4,Web
BB001323,C0088,PET0108,2025-08-10,P09,7.0,12.5,87.5,Delivered,,Web
BB001324,C0088,PET0108,2025-08-23,P09,4.0,12.5,50.0,Delivered,,Web
BB001325,C0088,PET0108,2025-09-03,P09,5.0,12.5,62.5,Delivered,4,Web
BB001326,C0088,PET0108,2025-09-16,P09,3.0,12.5,37.5,Delivered,5,Pickup
BB001327,C0088,PET0108,2025-09-25,P09,6.0,12.5,75.0,Delivered,5,Web
BB001328,C0088,PET0108,2025-10-03,P09,4.0,12.5,50.0,Delivered,5,Web
BB001329,C0088,PET0108,2025-10-10,P09,4.0,12.5,50.0,Delivered,4,Web
BB001330,C0088,PET0108,2025-10-21,P09,6.0,12.5,75.0,Delivered,4,Web
BB001331,C0088,PET0108,2025-10-28,P03,4.0,13.5,54.0,Delivered,5,Web
BB001332,C0088,PET0108,2025-11-10,P09,4.0,12.5,50.0,Delivered,,Re-order Email
BB001333,C0088,PET0108,2025-11-22,P12,4.0,12.5,50.0,Delivered,,Web
BB001334,C0088,PET0108,2025-12-05,P02,7.0,13.0,91.0,Delivered,,Web
BB001335,C0088,PET0108,2025-12-13,P09,4.0,12.5,50.0,Delivered,,Web
BB001336,C0088,PET0108,2025-12-22,P09,2.0,12.5,25.0,Delivered,,Re-order Email
BB001337,C0088,PET0108,2026-01-03,P03,6.0,13.5,81.0,Delivered,,Web
BB001338,C0088,PET0108,2026-01-15,P10,5.0,13.0,65.0,Delivered,,Web
BB001339,C0088,PET0108,2026-01-22,P12,2.0,12.5,25.0,Delivered,5,Re-order Email
BB001340,C0088,PET0108,2026-01-29,P09,4.0,12.5,50.0,Delivered,,Pickup
BB001341,C0088,PET0108,2026-02-10,P12,5.0,12.5,62.5,Delivered,5,Web
BB001342,C0088,PET0108,2026-02-19,P01,4.0,14.5,58.0,Delivered,5,Web
BB001343,C0088,PET0108,2026-02-27,P09,5.0,12.5,62.5,Delivered,,Web
BB001344,C0088,PET0108,2026-03-09,P09,7.0,12.5,87.5,Delivered,,Web
BB001345,C0088,PET0108,2026-03-18,P09,7.0,12.5,87.5,Delivered,5,Web
BB001346,C0088,PET0108,2026-03-30,P11,6.0,12.0,72.0,Delivered,,Web
BB001347,C0088,PET0108,2026-04-11,P11,4.0,12.0,48.0,Delivered,,Web
BB001348,C0088,PET0108,2026-04-20,P09,3.0,12.5,37.5,Delivered,,Web
BB001349,C0088,PET0108,2026-04-28,P09,3.0,12.5,37.5,Delivered,4,Web
BB001350,C0089,PET0109,2025-04-23,P02,3.0,13.0,39.0,Delivered,,Pickup
BB001351,C0089,PET0109,2025-05-01,P02,5.0,13.0,65.0,Delivered,,Web
BB001352,C0089,PET0109,2025-05-14,P02,7.0,13.0,91.0,Delivered,,Pickup
BB001353,C0089,PET0109,2025-05-26,P02,7.0,13.0,91.0,Delivered,,Web
BB001354,C0089,PET0109,2025-06-06,P02,4.0,13.0,52.0,Delivered,5,Re-order Email
BB001355,C0089,PET0109,2025-06-17,P02,4.0,13.0,52.0,Delivered,5,Web
BB001356,C0089,PET0109,2025-06-24,P02,7.0,13.0,91.0,Delivered,,Pickup
BB001357,C0089,PET0109,2025-07-04,P02,6.0,13.0,78.0,Delivered,,Web
BB001358,C0089,PET0109,2025-07-14,P02,5.0,13.0,65.0,Delivered,,Web
BB001359,C0089,PET0109,2025-07-26,P02,6.0,13.0,78.0,Delivered,,Pickup
BB001360,C0089,PET0109,2025-08-03,P02,4.0,13.0,52.0,Delivered,,Web
BB001361,C0089,PET0109,2025-08-11,P10,5.0,13.0,65.0,Delivered,5,Web
BB001362,C0089,PET0109,2025-08-21,P02,4.0,13.0,52.0,Delivered,,Web
BB001363,C0089,PET0109,2025-09-01,P02,4.0,13.0,52.0,Delivered,3,Web
BB001364,C0089,PET0109,2025-09-13,P02,3.0,13.0,39.0,Delivered,5,Web
BB001365,C0089,PET0109,2025-09-20,P02,7.0,13.0,91.0,Delivered,5,Pickup
BB001366,C0089,PET0109,2025-09-29,P02,7.0,13.0,91.0,Delivered,,Web
BB001367,C0089,PET0109,2025-10-11,P03,7.0,13.5,94.5,Delivered,,Re-order Email
BB001368,C0089,PET0109,2025-10-22,P02,5.0,13.0,65.0,Delivered,4,Web
BB001369,C0089,PET0109,2025-10-30,P02,5.0,13.0,65.0,Delivered,,Web
BB001370,C0089,PET0109,2025-11-11,P02,5.0,13.0,65.0,Delivered,,Web
BB001371,C0089,PET0109,2025-11-20,P02,5.0,13.0,65.0,Delivered,,Web
BB001372,C0089,PET0109,2025-12-01,P12,6.0,12.5,75.0,Delivered,,Web
BB001373,C0089,PET0109,2025-12-13,P02,5.0,13.0,65.0,Delivered,,Web
BB001374,C0089,PET0109,2025-12-21,P02,4.0,13.0,52.0,Delivered,,Web
BB001375,C0089,PET0109,2025-12-30,P11,3.0,12.0,36.0,Delivered,5,Pickup
BB001376,C0089,PET0109,2026-01-10,P01,3.0,14.5,43.5,Delivered,5,Web
BB001377,C0089,PET0109,2026-01-23,P02,5.0,13.0,65.0,Delivered,,Web
BB001378,C0089,PET0109,2026-02-03,P02,4.0,13.0,52.0,Delivered,5,Pickup
BB001379,C0089,PET0109,2026-02-14,P02,3.0,13.0,39.0,Delivered,5,Web
BB001380,C0089,PET0109,2026-02-24,P09,4.0,12.5,50.0,Delivered,4,Web
BB001381,C0089,PET0109,2026-03-05,P02,5.0,13.0,65.0,Delivered,5,Web
BB001382,C0089,PET0109,2026-03-16,P02,4.0,13.0,52.0,Delivered,,Web
BB001383,C0089,PET0109,2026-03-24,P02,4.0,13.0,52.0,Delivered,5,Web
BB001384,C0089,PET0109,2026-04-06,P02,7.0,13.0,91.0,Delivered,5,Pickup
BB001385,C0089,PET0109,2026-04-13,P02,6.0,13.0,78.0,Delivered,5,Web
BB001386,C0089,PET0109,2026-04-21,P11,5.0,12.0,60.0,Delivered,,Web
BB001387,C0090,PET0110,2025-10-03,P09,5.0,12.5,62.5,Delivered,,Web
BB001388,C0090,PET0110,2025-10-12,P08,4.0,15.5,62.0,Delivered,,Web
BB001389,C0090,PET0110,2025-10-19,P09,3.0,12.5,37.5,Delivered,,Web
BB001390,C0090,PET0110,2025-10-31,P09,5.0,12.5,62.5,Delivered,,Pickup
BB001391,C0090,PET0110,2025-11-10,P09,2.0,12.5,25.0,Delivered,,Web
BB001392,C0090,PET0110,2025-11-22,P09,4.0,12.5,50.0,Delivered,5,Web
BB001393,C0090,PET0110,2025-11-29,P01,4.0,14.5,58.0,Delivered,,Web
BB001394,C0090,PET0110,2025-12-09,P09,5.0,12.5,62.5,Delivered,,Web
BB001395,C0090,PET0110,2025-12-18,P09,5.0,12.5,62.5,Delivered,,Web
BB001396,C0090,PET0110,2025-12-31,P09,4.0,12.5,50.0,Delivered,,Pickup
BB001397,C0090,PET0110,2026-01-13,P11,7.0,12.0,84.0,Delivered,3,Web
BB001398,C0090,PET0110,2026-01-23,P09,5.0,12.5,62.5,Delivered,,Web
BB001399,C0090,PET0110,2026-01-30,P09,6.0,12.5,75.0,Delivered,4,Web
BB001400,C0091,PET0111,2025-07-15,P08,4.0,15.5,62.0,Delivered,,Re-order Email
BB001401,C0091,PET0111,2025-07-24,P04,6.0,14.0,84.0,Delivered,4,Pickup
BB001402,C0091,PET0111,2025-08-04,P08,5.0,15.5,77.5,Delivered,,Web
BB001403,C0091,PET0111,2025-08-16,P08,4.0,15.5,62.0,Delivered,5,Web
BB001404,C0091,PET0111,2025-08-27,P09,6.0,12.5,75.0,Delivered,4,Web
BB001405,C0091,PET0111,2025-09-04,P08,4.0,15.5,62.0,Delivered,,Web
BB001406,C0091,PET0111,2025-09-12,P08,7.0,15.5,108.5,Delivered,5,Web
BB001407,C0091,PET0111,2025-09-25,P07,6.0,13.5,81.0,Delivered,,Web
BB001408,C0091,PET0111,2025-10-06,P08,5.0,15.5,77.5,Delivered,5,Web
BB001409,C0091,PET0111,2025-10-19,P08,6.0,15.5,93.0,Delivered,,Re-order Email
BB001410,C0091,PET0111,2025-10-28,P08,4.0,15.5,62.0,Delivered,4,Web
BB001411,C0091,PET0111,2025-11-10,P11,3.0,12.0,36.0,Delivered,4,Web
BB001412,C0091,PET0111,2025-11-19,P08,5.0,15.5,77.5,Delivered,,Web
BB001413,C0091,PET0111,2025-11-28,P08,5.0,15.5,77.5,Delivered,,Web
BB001414,C0091,PET0111,2025-12-10,P11,4.0,12.0,48.0,Delivered,,Re-order Email
BB001415,C0091,PET0111,2025-12-17,P08,6.0,15.5,93.0,Delivered,,Web
BB001416,C0091,PET0111,2025-12-24,P02,3.0,13.0,39.0,Delivered,5,Re-order Email
BB001417,C0091,PET0111,2026-01-02,P08,3.0,15.5,46.5,Delivered,,Web
BB001418,C0091,PET0111,2026-01-13,P08,7.0,15.5,108.5,Delivered,4,Web
BB001419,C0091,PET0111,2026-01-21,P08,5.0,15.5,77.5,Delivered,5,Web
BB001420,C0091,PET0111,2026-02-03,P08,6.0,15.5,93.0,Delivered,5,Pickup
BB001421,C0091,PET0111,2026-02-13,P08,5.0,15.5,77.5,Delivered,,Re-order Email
BB001422,C0091,PET0111,2026-02-21,P08,5.0,15.5,77.5,Delivered,3,Web
BB001423,C0091,PET0111,2026-03-01,P08,5.0,15.5,77.5,Delivered,4,Re-order Email
BB001424,C0092,PET0112,2025-02-20,P07,4.0,13.5,54.0,Delivered,,Web
BB001425,C0092,PET0112,2025-02-28,P07,3.0,13.5,40.5,Delivered,4,Web
BB001426,C0092,PET0112,2025-03-13,P09,3.0,12.5,37.5,Delivered,,Web
BB001427,C0092,PET0112,2025-03-22,P07,6.0,13.5,81.0,Delivered,,Web
BB001428,C0092,PET0112,2025-03-31,P12,2.0,12.5,25.0,Delivered,5,Pickup
BB001429,C0092,PET0112,2025-04-14,P07,3.0,13.5,40.5,Delivered,,Web
BB001430,C0092,PET0112,2025-04-25,P07,5.0,13.5,67.5,Delivered,,Web
BB001431,C0092,PET0112,2025-05-05,P08,5.0,15.5,77.5,Delivered,,Pickup
BB001432,C0092,PET0112,2025-05-15,P03,4.0,13.5,54.0,Delivered,5,Web
BB001433,C0092,PET0112,2025-05-23,P07,5.0,13.5,67.5,Delivered,,Pickup
BB001434,C0092,PET0112,2025-06-02,P09,4.0,12.5,50.0,Delivered,5,Web
BB001435,C0092,PET0112,2025-06-15,P07,4.0,13.5,54.0,Delivered,5,Web
BB001436,C0092,PET0112,2025-06-23,P11,5.0,12.0,60.0,Delivered,5,Pickup
BB001437,C0092,PET0112,2025-06-30,P07,5.0,13.5,67.5,Delivered,,Web
BB001438,C0092,PET0112,2025-07-10,P09,3.0,12.5,37.5,Delivered,,Web
BB001439,C0092,PET0112,2025-07-19,P07,5.0,13.5,67.5,Delivered,,Pickup
BB001440,C0092,PET0112,2025-08-02,P08,6.0,15.5,93.0,Delivered,,Web
BB001441,C0092,PET0112,2025-08-12,P07,4.0,13.5,54.0,Delivered,,Re-order Email
BB001442,C0092,PET0112,2025-08-23,P07,7.0,13.5,94.5,Delivered,5,Web
BB001443,C0092,PET0112,2025-08-30,P07,3.0,13.5,40.5,Delivered,,Pickup
BB001444,C0092,PET0112,2025-09-08,P07,5.0,13.5,67.5,Delivered,,Pickup
BB001445,C0092,PET0112,2025-09-19,P07,6.0,13.5,81.0,Delivered,,Web
BB001446,C0092,PET0112,2025-10-01,P07,5.0,13.5,67.5,Delivered,5,Web
BB001447,C0092,PET0112,2025-10-10,P01,7.0,14.5,101.5,Delivered,,Web
BB001448,C0092,PET0112,2025-10-19,P07,5.0,13.5,67.5,Delivered,4,Web
BB001449,C0092,PET0112,2025-10-29,P07,2.0,13.5,27.0,Delivered,,Web
BB001450,C0092,PET0112,2025-11-08,P07,3.0,13.5,40.5,Delivered,4,Pickup
BB001451,C0092,PET0112,2025-11-16,P07,6.0,13.5,81.0,Delivered,5,Web
BB001452,C0092,PET0112,2025-11-27,P07,5.0,13.5,67.5,Delivered,,Web
BB001453,C0092,PET0112,2025-12-10,P07,6.0,13.5,81.0,Delivered,4,Web
BB001454,C0092,PET0112,2025-12-22,P07,4.0,13.5,54.0,Delivered,5,Web
BB001455,C0092,PET0112,2025-12-31,P07,4.0,13.5,54.0,Delivered,,Re-order Email
BB001456,C0092,PET0112,2026-01-12,P07,6.0,13.5,81.0,Delivered,,Web
BB001457,C0092,PET0112,2026-01-21,P07,6.0,13.5,81.0,Delivered,,Pickup
BB001458,C0092,PET0112,2026-01-28,P01,3.0,14.5,43.5,Delivered,4,Web
BB001459,C0092,PET0112,2026-02-05,P07,6.0,13.5,81.0,Delivered,5,Web
BB001460,C0092,PET0112,2026-02-19,P03,5.0,13.5,67.5,Delivered,,Re-order Email
BB001461,C0092,PET0112,2026-02-28,P07,4.0,13.5,54.0,Delivered,4,Pickup
BB001462,C0092,PET0112,2026-03-14,P07,3.0,13.5,40.5,Delivered,,Web
BB001463,C0092,PET0112,2026-03-27,P07,4.0,13.5,54.0,Delivered,,Web
BB001464,C0092,PET0112,2026-04-09,P07,6.0,13.5,81.0,Delivered,,Web
BB001465,C0092,PET0112,2026-04-17,P07,5.0,13.5,67.5,Delivered,5,Web
BB001466,C0092,PET0112,2026-04-26,P01,5.0,14.5,72.5,Delivered,,Web
BB001467,C0093,PET0113,2025-07-22,P08,5.0,15.5,77.5,Delivered,3,Re-order Email
BB001468,C0093,PET0113,2025-08-01,P08,4.0,15.5,62.0,Delivered,,Re-order Email
BB001469,C0093,PET0113,2025-08-14,P08,4.0,15.5,62.0,Delivered,,Web
BB001470,C0093,PET0113,2025-08-27,P08,5.0,15.5,77.5,Delivered,,Web
BB001471,C0093,PET0113,2025-09-06,P12,5.0,12.5,62.5,Delivered,,Web
BB001472,C0093,PET0113,2025-09-14,P08,5.0,15.5,77.5,Delivered,4,Pickup
BB001473,C0093,PET0113,2025-09-22,P08,3.0,15.5,46.5,Delivered,,Web
BB001474,C0093,PET0113,2025-10-01,P04,3.0,14.0,42.0,Delivered,,Web
BB001475,C0093,PET0113,2025-10-11,P08,4.0,15.5,62.0,Delivered,,Pickup
BB001476,C0093,PET0113,2025-10-20,P07,6.0,13.5,81.0,Delivered,,Web
BB001477,C0093,PET0113,2025-11-01,P08,6.0,15.5,93.0,Delivered,,Web
BB001478,C0093,PET0113,2025-11-14,P08,4.0,15.5,62.0,Delivered,5,Re-order Email
BB001479,C0093,PET0113,2025-11-24,P08,4.0,15.5,62.0,Delivered,3,Web
BB001480,C0093,PET0113,2025-12-01,P08,6.0,15.5,93.0,Delivered,,Web
BB001481,C0093,PET0113,2025-12-13,P08,7.0,15.5,108.5,Delivered,,Re-order Email
BB001482,C0093,PET0113,2025-12-20,P07,4.0,13.5,54.0,Delivered,,Web
BB001483,C0093,PET0113,2025-12-30,P08,4.0,15.5,62.0,Delivered,,Pickup
BB001484,C0093,PET0113,2026-01-12,P08,4.0,15.5,62.0,Delivered,,Web
BB001485,C0093,PET0113,2026-01-25,P08,5.0,15.5,77.5,Delivered,,Web
BB001486,C0093,PET0113,2026-02-07,P08,4.0,15.5,62.0,Delivered,5,Web
BB001487,C0093,PET0113,2026-02-16,P02,6.0,13.0,78.0,Delivered,,Web
BB001488,C0093,PET0113,2026-02-24,P08,4.0,15.5,62.0,Delivered,,Web
BB001489,C0093,PET0113,2026-03-06,P08,4.0,15.5,62.0,Delivered,,Re-order Email
BB001490,C0093,PET0113,2026-03-17,P08,6.0,15.5,93.0,Delivered,5,Web
BB001491,C0093,PET0113,2026-03-30,P08,2.0,15.5,31.0,Delivered,,Pickup
BB001492,C0093,PET0113,2026-04-06,P08,5.0,15.5,77.5,Delivered,4,Re-order Email
BB001493,C0093,PET0113,2026-04-14,P08,5.0,15.5,77.5,Delivered,,Web
BB001494,C0093,PET0113,2026-04-27,P08,7.0,15.5,108.5,Delivered,,Web
BB001495,C0094,PET0114,2025-07-29,P03,6.0,13.5,81.0,Delivered,,Web
BB001496,C0094,PET0114,2025-08-06,P03,4.0,13.5,54.0,Delivered,,Web
BB001497,C0094,PET0114,2025-08-18,P09,5.0,12.5,62.5,Delivered,,Web
BB001498,C0094,PET0114,2025-08-26,P03,2.0,13.5,27.0,Delivered,5,Web
BB001499,C0094,PET0114,2025-09-07,P03,3.0,13.5,40.5,Delivered,,Pickup
BB001500,C0094,PET0114,2025-09-19,P03,6.0,13.5,81.0,Delivered,5,Pickup
BB001501,C0094,PET0114,2025-09-29,P03,4.0,13.5,54.0,Delivered,,Web
BB001502,C0094,PET0114,2025-10-11,P12,4.0,12.5,50.0,Delivered,5,Web
BB001503,C0094,PET0114,2025-10-20,P03,5.0,13.5,67.5,Delivered,5,Re-order Email
BB001504,C0094,PET0114,2025-11-02,P07,4.0,13.5,54.0,Delivered,,Pickup
BB001505,C0094,PET0114,2025-11-14,P03,5.0,13.5,67.5,Delivered,,Web
BB001506,C0094,PET0114,2025-11-23,P03,2.0,13.5,27.0,Delivered,3,Re-order Email
BB001507,C0094,PET0114,2025-11-30,P03,5.0,13.5,67.5,Delivered,,Web
BB001508,C0094,PET0114,2025-12-10,P03,4.0,13.5,54.0,Delivered,,Web
BB001509,C0094,PET0114,2025-12-18,P03,3.0,13.5,40.5,Delivered,4,Web
BB001510,C0094,PET0114,2025-12-29,P03,5.0,13.5,67.5,Delivered,4,Web
BB001511,C0094,PET0114,2026-01-06,P07,6.0,13.5,81.0,Delivered,,Web
BB001512,C0094,PET0114,2026-01-14,P03,5.0,13.5,67.5,Delivered,,Web
BB001513,C0094,PET0114,2026-01-27,P03,4.0,13.5,54.0,Delivered,,Web
BB001514,C0094,PET0114,2026-02-07,P03,4.0,13.5,54.0,Delivered,5,Web
BB001515,C0094,PET0114,2026-02-20,P03,6.0,13.5,81.0,Delivered,,Web
BB001516,C0094,PET0114,2026-03-02,P03,3.0,13.5,40.5,Delivered,4,Web
BB001517,C0095,PET0115,2026-04-29,P08,6.0,15.5,93.0,Delivered,5,Web
BB001518,C0095,PET0116,2026-02-10,P11,3.0,12.0,36.0,Delivered,,Web
BB001519,C0095,PET0116,2026-02-20,P07,5.0,13.5,67.5,Delivered,,Web
BB001520,C0095,PET0116,2026-03-04,P08,7.0,15.5,108.5,Delivered,5,Web
BB001521,C0095,PET0116,2026-03-14,P11,4.0,12.0,48.0,Delivered,5,Web
BB001522,C0095,PET0116,2026-03-24,P08,6.0,15.5,93.0,Delivered,,Re-order Email
BB001523,C0095,PET0116,2026-04-03,P08,5.0,15.5,77.5,Delivered,,Web
BB001524,C0095,PET0116,2026-04-14,P08,7.0,15.5,108.5,Delivered,,Pickup
BB001525,C0095,PET0116,2026-04-24,P08,5.0,15.5,77.5,Delivered,,Web
BB001526,C0095,PET0117,2026-02-12,P07,6.0,13.5,81.0,Delivered,,Web
BB001527,C0095,PET0117,2026-02-24,P07,4.0,13.5,54.0,Delivered,5,Pickup
BB001528,C0095,PET0117,2026-03-05,P07,2.0,13.5,27.0,Delivered,,Web
BB001529,C0095,PET0117,2026-03-19,P07,5.0,13.5,67.5,Delivered,,Web
BB001530,C0095,PET0117,2026-03-29,P07,3.0,13.5,40.5,Delivered,,Web
BB001531,C0095,PET0117,2026-04-08,P09,6.0,12.5,75.0,Delivered,,Web
BB001532,C0095,PET0117,2026-04-19,P07,4.0,13.5,54.0,Delivered,,Web
BB001533,C0095,PET0117,2026-04-28,P07,5.0,13.5,67.5,Delivered,5,Web
BB001534,C0097,PET0120,2026-03-05,P10,5.0,13.0,65.0,Delivered,,Pickup
BB001535,C0097,PET0120,2026-03-15,P10,4.0,13.0,52.0,Delivered,5,Re-order Email
BB001536,C0098,PET0121,2026-04-29,P10,5.0,13.0,65.0,Delivered,,Re-order Email
BB001537,C0099,PET0122,2026-04-11,P03,3.0,13.5,40.5,Delivered,,Web
BB001538,C0099,PET0122,2026-04-19,P07,7.0,13.5,94.5,Delivered,,Web
BB001539,C0099,PET0123,2026-04-11,P10,4.0,13.0,52.0,Delivered,,Web
BB001540,C0099,PET0123,2026-04-19,P10,4.0,13.0,52.0,Delivered,,Pickup
BB001541,C0100,PET0124,2026-03-22,P09,4.0,12.5,50.0,Delivered,5,Re-order Email
BB001542,C0100,PET0124,2026-03-29,P09,4.0,12.5,50.0,Delivered,,Web
BB001543,C0100,PET0124,2026-04-09,P06,3.0,14.5,43.5,Delivered,,Web
BB001544,C0100,PET0124,2026-04-20,P06,4.0,14.5,58.0,Delivered,5,Web
BB001545,C0100,PET0125,2026-05-01,P08,4.0,15.5,62.0,Delivered,,Web
BB001546,C0102,PET0127,2025-11-04,P07,6.0,13.5,81.0,Delivered,,Web
BB001547,C0102,PET0127,2025-11-16,P11,3.0,12.0,36.0,Delivered,,Web
BB001548,C0102,PET0127,2025-11-29,P11,6.0,12.0,72.0,Delivered,5,Web
BB001549,C0102,PET0127,2025-12-13,P11,2.0,12.0,24.0,Delivered,5,Web
BB001550,C0102,PET0127,2025-12-25,P11,4.0,12.0,48.0,Delivered,,Web
BB001551,C0102,PET0127,2026-01-08,P11,6.0,12.0,72.0,Delivered,,Web
BB001552,C0102,PET0127,2026-01-19,P03,6.0,13.5,81.0,Delivered,,Web
BB001553,C0102,PET0127,2026-01-26,P11,4.0,12.0,48.0,Delivered,,Re-order Email
BB001554,C0102,PET0127,2026-02-03,P11,6.0,12.0,72.0,Delivered,5,Re-order Email
BB001555,C0102,PET0127,2026-02-12,P08,7.0,15.5,108.5,Delivered,,Web
BB001556,C0102,PET0127,2026-02-23,P11,7.0,12.0,84.0,Delivered,,Web
BB001557,C0102,PET0127,2026-03-06,P11,5.0,12.0,60.0,Delivered,5,Web
BB001558,C0102,PET0127,2026-03-13,P11,6.0,12.0,72.0,Delivered,,Pickup
BB001559,C0102,PET0127,2026-03-22,P11,7.0,12.0,84.0,Delivered,3,Re-order Email
BB001560,C0102,PET0127,2026-03-29,P12,4.0,12.5,50.0,Delivered,,Web
BB001561,C0102,PET0127,2026-04-12,P07,5.0,13.5,67.5,Delivered,,Web
BB001562,C0102,PET0127,2026-04-24,P11,5.0,12.0,60.0,Delivered,,Web
BB001563,C0103,PET0128,2025-12-26,P04,7.0,14.0,98.0,Delivered,,Web
BB001564,C0103,PET0128,2026-01-07,P02,6.0,13.0,78.0,Delivered,,Web
BB001565,C0103,PET0128,2026-01-19,P02,7.0,13.0,91.0,Delivered,5,Web
BB001566,C0103,PET0128,2026-01-31,P02,2.0,13.0,26.0,Delivered,4,Re-order Email
BB001567,C0103,PET0128,2026-02-11,P02,4.0,13.0,52.0,Delivered,,Web
BB001568,C0103,PET0128,2026-02-23,P10,6.0,13.0,78.0,Delivered,,Web
BB001569,C0103,PET0128,2026-03-06,P02,4.0,13.0,52.0,Delivered,5,Re-order Email
BB001570,C0104,PET0129,2026-03-09,P09,6.0,12.5,75.0,Delivered,,Re-order Email
BB001571,C0104,PET0129,2026-03-16,P09,3.0,12.5,37.5,Delivered,,Web
BB001572,C0106,PET0131,2025-10-04,P11,6.0,12.0,72.0,Delivered,,Web
BB001573,C0106,PET0131,2025-10-14,P12,5.0,12.5,62.5,Delivered,3,Web
BB001574,C0106,PET0131,2025-10-22,P11,6.0,12.0,72.0,Delivered,,Re-order Email
BB001575,C0106,PET0131,2025-11-04,P01,4.0,14.5,58.0,Delivered,,Web
BB001576,C0106,PET0131,2025-11-17,P11,5.0,12.0,60.0,Delivered,5,Web
BB001577,C0106,PET0131,2025-11-28,P03,4.0,13.5,54.0,Delivered,5,Web
BB001578,C0106,PET0131,2025-12-11,P11,7.0,12.0,84.0,Delivered,,Web
BB001579,C0106,PET0131,2025-12-18,P09,7.0,12.5,87.5,Delivered,4,Pickup
BB001580,C0106,PET0131,2025-12-30,P01,5.0,14.5,72.5,Delivered,,Web
BB001581,C0106,PET0131,2026-01-08,P11,7.0,12.0,84.0,Delivered,,Re-order Email
BB001582,C0106,PET0131,2026-01-20,P11,7.0,12.0,84.0,Delivered,5,Re-order Email
BB001583,C0106,PET0131,2026-01-31,P11,5.0,12.0,60.0,Delivered,5,Re-order Email
BB001584,C0106,PET0131,2026-02-13,P11,6.0,12.0,72.0,Delivered,,Web
BB001585,C0106,PET0131,2026-02-22,P11,4.0,12.0,48.0,Delivered,5,Pickup
BB001586,C0106,PET0131,2026-03-06,P11,4.0,12.0,48.0,Delivered,,Web
BB001587,C0106,PET0131,2026-03-17,P11,4.0,12.0,48.0,Delivered,,Web
BB001588,C0106,PET0131,2026-03-27,P11,7.0,12.0,84.0,Delivered,5,Web
BB001589,C0106,PET0131,2026-04-04,P11,2.0,12.0,24.0,Delivered,4,Web
BB001590,C0106,PET0131,2026-04-16,P11,2.0,12.0,24.0,Delivered,,Pickup
BB001591,C0106,PET0131,2026-04-28,P02,5.0,13.0,65.0,Delivered,,Web
BB001592,C0107,PET0132,2026-04-04,P02,3.0,13.0,39.0,Delivered,,Re-order Email
BB001593,C0107,PET0132,2026-04-16,P05,2.0,15.0,30.0,Delivered,,Web
BB001594,C0107,PET0133,2026-04-04,P12,5.0,12.5,62.5,Delivered,,Web
BB001595,C0107,PET0133,2026-04-16,P12,4.0,12.5,50.0,Delivered,,Web
BB001596,C0107,PET0133,2026-04-26,P12,7.0,12.5,87.5,Delivered,,Web
BB001597,C0108,PET0134,2025-09-23,P02,4.0,13.0,52.0,Delivered,,Web
BB001598,C0108,PET0134,2025-10-05,P09,5.0,12.5,62.5,Delivered,,Web
BB001599,C0108,PET0134,2025-10-14,P09,7.0,12.5,87.5,Delivered,5,Web
BB001600,C0108,PET0134,2025-10-27,P02,4.0,13.0,52.0,Delivered,5,Pickup
BB001601,C0108,PET0134,2025-11-05,P09,6.0,12.5,75.0,Delivered,,Web
BB001602,C0108,PET0134,2025-11-16,P07,5.0,13.5,67.5,Delivered,,Web
BB001603,C0108,PET0134,2025-11-25,P09,2.0,12.5,25.0,Delivered,,Web
BB001604,C0108,PET0134,2025-12-08,P09,3.0,12.5,37.5,Delivered,,Web
BB001605,C0108,PET0134,2025-12-16,P09,4.0,12.5,50.0,Delivered,,Web
BB001606,C0108,PET0134,2025-12-28,P06,3.0,14.5,43.5,Delivered,5,Re-order Email
BB001607,C0108,PET0134,2026-01-08,P09,2.0,12.5,25.0,Delivered,5,Web
BB001608,C0108,PET0134,2026-01-17,P08,3.0,15.5,46.5,Delivered,5,Web
BB001609,C0108,PET0134,2026-02-26,P09,3.0,12.5,37.5,Delivered,,Web
BB001610,C0108,PET0134,2026-03-05,P02,5.0,13.0,65.0,Delivered,5,Pickup
BB001611,C0108,PET0134,2026-03-13,P09,5.0,12.5,62.5,Delivered,5,Web
BB001612,C0108,PET0134,2026-03-20,P12,4.0,12.5,50.0,Delivered,4,Web
BB001613,C0108,PET0134,2026-03-27,P09,4.0,12.5,50.0,Delivered,,Web
BB001614,C0108,PET0134,2026-04-08,P01,5.0,14.5,72.5,Delivered,,Re-order Email
BB001615,C0108,PET0134,2026-04-18,P09,6.0,12.5,75.0,Delivered,,Pickup
BB001616,C0108,PET0134,2026-04-28,P09,2.0,12.5,25.0,Delivered,,Web
BB001617,C0109,PET0135,2024-11-11,P12,4.0,12.5,50.0,Delivered,5,Web
BB001618,C0109,PET0135,2024-11-21,P10,4.0,13.0,52.0,Delivered,,Web
BB001619,C0109,PET0135,2024-12-01,P06,3.0,14.5,43.5,Delivered,4,Web
BB001620,C0109,PET0135,2024-12-08,P11,4.0,12.0,48.0,Delivered,,Web
BB001621,C0109,PET0135,2024-12-19,P11,4.0,12.0,48.0,Delivered,,Web
BB001622,C0109,PET0135,2024-12-29,P11,4.0,12.0,48.0,Delivered,,Web
BB001623,C0109,PET0135,2025-01-05,P11,3.0,12.0,36.0,Delivered,5,Web
BB001624,C0109,PET0135,2025-01-15,P11,4.0,12.0,48.0,Delivered,,Web
BB001625,C0109,PET0135,2025-01-24,P11,5.0,12.0,60.0,Delivered,5,Pickup
BB001626,C0109,PET0135,2025-02-04,P11,3.0,12.0,36.0,Delivered,5,Re-order Email
BB001627,C0109,PET0135,2025-02-12,P11,6.0,12.0,72.0,Delivered,,Re-order Email
BB001628,C0109,PET0135,2025-02-23,P11,6.0,12.0,72.0,Delivered,,Pickup
BB001629,C0109,PET0135,2025-03-07,P11,7.0,12.0,84.0,Delivered,,Web
BB001630,C0109,PET0135,2025-04-16,P01,6.0,14.5,87.0,Delivered,,Web
BB001631,C0109,PET0135,2025-04-23,P03,6.0,13.5,81.0,Delivered,,Re-order Email
BB001632,C0109,PET0135,2025-05-05,P11,3.0,12.0,36.0,Delivered,,Web
BB001633,C0109,PET0135,2025-05-16,P11,4.0,12.0,48.0,Delivered,5,Web
BB001634,C0109,PET0135,2025-05-25,P11,2.0,12.0,24.0,Delivered,,Pickup
BB001635,C0109,PET0135,2025-06-01,P12,3.0,12.5,37.5,Delivered,,Web
BB001636,C0109,PET0135,2025-06-09,P11,7.0,12.0,84.0,Delivered,,Web
BB001637,C0109,PET0135,2025-06-20,P11,7.0,12.0,84.0,Delivered,,Web
BB001638,C0109,PET0135,2025-06-27,P11,4.0,12.0,48.0,Delivered,,Web
BB001639,C0109,PET0135,2025-07-07,P11,5.0,12.0,60.0,Delivered,4,Web
BB001640,C0109,PET0135,2025-07-18,P11,4.0,12.0,48.0,Delivered,5,Re-order Email
BB001641,C0109,PET0135,2025-07-26,P09,5.0,12.5,62.5,Delivered,,Web
BB001642,C0109,PET0135,2025-08-06,P11,6.0,12.0,72.0,Delivered,,Pickup
BB001643,C0109,PET0135,2025-08-13,P11,6.0,12.0,72.0,Delivered,,Web
BB001644,C0109,PET0135,2025-08-22,P11,5.0,12.0,60.0,Delivered,5,Web
BB001645,C0109,PET0135,2025-09-04,P11,5.0,12.0,60.0,Delivered,,Web
BB001646,C0109,PET0135,2025-09-14,P09,3.0,12.5,37.5,Delivered,,Pickup
BB001647,C0109,PET0135,2025-09-24,P11,7.0,12.0,84.0,Delivered,,Web
BB001648,C0109,PET0135,2025-10-07,P11,5.0,12.0,60.0,Delivered,5,Web
BB001649,C0109,PET0135,2025-10-15,P11,6.0,12.0,72.0,Delivered,,Web
BB001650,C0109,PET0135,2025-10-24,P11,4.0,12.0,48.0,Delivered,5,Re-order Email
BB001651,C0109,PET0135,2025-11-03,P11,4.0,12.0,48.0,Delivered,,Web
BB001652,C0109,PET0135,2025-11-12,P11,5.0,12.0,60.0,Delivered,,Pickup
BB001653,C0109,PET0135,2025-11-20,P01,4.0,14.5,58.0,Delivered,,Web
BB001654,C0109,PET0135,2025-12-03,P11,4.0,12.0,48.0,Delivered,5,Web
BB001655,C0109,PET0135,2025-12-13,P11,4.0,12.0,48.0,Delivered,,Pickup
BB001656,C0109,PET0135,2025-12-24,P11,4.0,12.0,48.0,Delivered,4,Pickup
BB001657,C0109,PET0135,2026-01-03,P11,3.0,12.0,36.0,Delivered,5,Web
BB001658,C0109,PET0135,2026-01-14,P11,2.0,12.0,24.0,Delivered,,Re-order Email
BB001659,C0109,PET0135,2026-01-24,P11,6.0,12.0,72.0,Delivered,,Pickup
BB001660,C0109,PET0135,2026-02-03,P04,4.0,14.0,56.0,Delivered,,Re-order Email
BB001661,C0109,PET0135,2026-02-16,P11,7.0,12.0,84.0,Delivered,,Web
BB001662,C0109,PET0135,2026-03-01,P11,6.0,12.0,72.0,Delivered,,Web
BB001663,C0109,PET0135,2026-03-14,P12,7.0,12.5,87.5,Delivered,,Web
BB001664,C0109,PET0135,2026-03-27,P11,7.0,12.0,84.0,Delivered,5,Web
BB001665,C0109,PET0135,2026-04-06,P11,4.0,12.0,48.0,Delivered,5,Web
BB001666,C0109,PET0135,2026-04-15,P11,5.0,12.0,60.0,Delivered,,Web
BB001667,C0109,PET0135,2026-04-27,P11,2.0,12.0,24.0,Delivered,,Re-order Email
BB001668,C0110,PET0136,2025-11-18,P10,3.0,13.0,39.0,Delivered,,Web
BB001669,C0110,PET0136,2025-11-30,P10,6.0,13.0,78.0,Delivered,,Re-order Email
BB001670,C0110,PET0136,2025-12-11,P10,6.0,13.0,78.0,Delivered,5,Web
BB001671,C0110,PET0136,2025-12-25,P10,6.0,13.0,78.0,Delivered,5,Web
BB001672,C0110,PET0136,2026-01-07,P06,2.0,14.5,29.0,Delivered,,Pickup
BB001673,C0110,PET0136,2026-01-18,P04,3.0,14.0,42.0,Delivered,,Web
BB001674,C0110,PET0136,2026-01-26,P01,6.0,14.5,87.0,Delivered,,Pickup
BB001675,C0110,PET0136,2026-02-04,P10,5.0,13.0,65.0,Delivered,5,Re-order Email
BB001676,C0110,PET0136,2026-02-12,P11,7.0,12.0,84.0,Delivered,5,Web
BB001677,C0110,PET0136,2026-02-22,P10,6.0,13.0,78.0,Delivered,5,Web
BB001678,C0110,PET0136,2026-03-02,P10,3.0,13.0,39.0,Delivered,,Pickup
BB001679,C0110,PET0136,2026-03-09,P10,5.0,13.0,65.0,Delivered,,Web
BB001680,C0110,PET0136,2026-03-21,P04,4.0,14.0,56.0,Delivered,5,Web
BB001681,C0110,PET0136,2026-04-02,P11,6.0,12.0,72.0,Delivered,,Web
BB001682,C0110,PET0136,2026-04-09,P10,4.0,13.0,52.0,Delivered,,Pickup
BB001683,C0110,PET0136,2026-04-19,P10,3.0,13.0,39.0,Delivered,,Web
BB001684,C0110,PET0136,2026-04-26,P03,5.0,13.5,67.5,Delivered,,Web
BB001685,C0111,PET0137,2026-02-15,P01,5.0,14.5,72.5,Delivered,,Pickup
BB001686,C0111,PET0137,2026-02-23,P08,5.0,15.5,77.5,Delivered,,Web
BB001687,C0111,PET0137,2026-03-02,P01,7.0,14.5,101.5,Delivered,5,Pickup
BB001688,C0111,PET0137,2026-03-13,P01,2.0,14.5,29.0,Delivered,5,Re-order Email
BB001689,C0111,PET0137,2026-03-22,P01,5.0,14.5,72.5,Delivered,4,Web
BB001690,C0111,PET0137,2026-04-03,P01,4.0,14.5,58.0,Delivered,4,Pickup
BB001691,C0111,PET0137,2026-04-16,P06,7.0,14.5,101.5,Delivered,,Web
BB001692,C0112,PET0138,2026-04-12,P03,6.0,13.5,81.0,Delivered,,Pickup
BB001693,C0112,PET0138,2026-04-26,P01,4.0,14.5,58.0,Delivered,,Web
BB001694,C0113,PET0139,2025-05-23,P02,5.0,13.0,65.0,Delivered,,Re-order Email
BB001695,C0113,PET0139,2025-06-05,P02,4.0,13.0,52.0,Delivered,,Pickup
BB001696,C0113,PET0139,2025-06-16,P06,6.0,14.5,87.0,Delivered,,Web
BB001697,C0113,PET0139,2025-06-23,P02,6.0,13.0,78.0,Delivered,5,Pickup
BB001698,C0113,PET0139,2025-07-05,P08,7.0,15.5,108.5,Delivered,,Web
BB001699,C0113,PET0139,2025-07-12,P07,3.0,13.5,40.5,Delivered,,Web
BB001700,C0113,PET0139,2025-07-19,P02,7.0,13.0,91.0,Delivered,5,Web
BB001701,C0113,PET0139,2025-07-28,P02,4.0,13.0,52.0,Delivered,,Web
BB001702,C0113,PET0139,2025-08-09,P02,6.0,13.0,78.0,Delivered,5,Re-order Email
BB001703,C0113,PET0139,2025-08-22,P02,4.0,13.0,52.0,Delivered,,Pickup
BB001704,C0113,PET0139,2025-08-30,P12,7.0,12.5,87.5,Delivered,5,Re-order Email
BB001705,C0113,PET0139,2025-09-12,P08,5.0,15.5,77.5,Delivered,,Web
BB001706,C0113,PET0139,2025-09-19,P08,3.0,15.5,46.5,Delivered,,Web
BB001707,C0113,PET0139,2025-09-27,P02,6.0,13.0,78.0,Delivered,,Web
BB001708,C0113,PET0139,2025-10-10,P02,6.0,13.0,78.0,Delivered,,Web
BB001709,C0113,PET0139,2025-10-24,P02,6.0,13.0,78.0,Delivered,,Web
BB001710,C0113,PET0139,2025-11-06,P02,5.0,13.0,65.0,Delivered,,Pickup
BB001711,C0113,PET0139,2025-11-20,P02,4.0,13.0,52.0,Delivered,,Re-order Email
BB001712,C0113,PET0139,2025-12-01,P02,6.0,13.0,78.0,Delivered,4,Web
BB001713,C0113,PET0139,2025-12-15,P11,7.0,12.0,84.0,Delivered,5,Web
BB001714,C0113,PET0139,2025-12-27,P04,5.0,14.0,70.0,Delivered,4,Pickup
BB001715,C0113,PET0139,2026-01-10,P02,2.0,13.0,26.0,Delivered,,Pickup
BB001716,C0113,PET0139,2026-01-19,P02,4.0,13.0,52.0,Delivered,,Web
BB001717,C0113,PET0139,2026-01-29,P02,7.0,13.0,91.0,Delivered,5,Web
BB001718,C0113,PET0139,2026-02-06,P02,5.0,13.0,65.0,Delivered,,Web
BB001719,C0113,PET0139,2026-02-19,P10,4.0,13.0,52.0,Delivered,,Web
BB001720,C0113,PET0139,2026-02-28,P02,5.0,13.0,65.0,Delivered,,Web
BB001721,C0113,PET0139,2026-03-13,P02,5.0,13.0,65.0,Delivered,,Re-order Email
BB001722,C0113,PET0139,2026-03-24,P02,4.0,13.0,52.0,Delivered,5,Web
BB001723,C0113,PET0139,2026-04-07,P01,4.0,14.5,58.0,Delivered,,Web
BB001724,C0113,PET0139,2026-04-15,P02,7.0,13.0,91.0,Delivered,,Web
BB001725,C0113,PET0139,2026-04-24,P02,5.0,13.0,65.0,Delivered,,Web
BB001726,C0115,PET0142,2026-03-31,P12,6.0,12.5,75.0,Delivered,,Web
BB001727,C0115,PET0142,2026-04-11,P11,4.0,12.0,48.0,Delivered,5,Web
BB001728,C0115,PET0142,2026-04-23,P11,7.0,12.0,84.0,Delivered,,Web
BB001729,C0116,PET0143,2025-11-16,P07,6.0,13.5,81.0,Delivered,5,Re-order Email
BB001730,C0116,PET0143,2025-11-29,P07,6.0,13.5,81.0,Delivered,,Web
BB001731,C0116,PET0143,2025-12-10,P07,7.0,13.5,94.5,Delivered,5,Web
BB001732,C0116,PET0143,2025-12-19,P07,7.0,13.5,94.5,Delivered,,Web
BB001733,C0116,PET0143,2025-12-26,P07,2.0,13.5,27.0,Delivered,5,Web
BB001734,C0116,PET0143,2026-01-06,P07,5.0,13.5,67.5,Delivered,,Web
BB001735,C0116,PET0143,2026-01-14,P07,7.0,13.5,94.5,Delivered,,Web
BB001736,C0116,PET0143,2026-01-22,P07,5.0,13.5,67.5,Delivered,,Web
BB001737,C0116,PET0143,2026-02-01,P07,7.0,13.5,94.5,Delivered,,Web
BB001738,C0116,PET0143,2026-02-11,P07,3.0,13.5,40.5,Delivered,5,Web
BB001739,C0116,PET0143,2026-02-22,P07,5.0,13.5,67.5,Delivered,,Pickup
BB001740,C0116,PET0143,2026-03-04,P07,5.0,13.5,67.5,Delivered,,Web
BB001741,C0116,PET0143,2026-03-15,P07,3.0,13.5,40.5,Delivered,,Web
BB001742,C0116,PET0143,2026-03-25,P07,5.0,13.5,67.5,Delivered,5,Web
BB001743,C0116,PET0143,2026-04-07,P07,6.0,13.5,81.0,Delivered,,Web
BB001744,C0116,PET0143,2026-04-19,P07,5.0,13.5,67.5,Delivered,,Web
BB001745,C0117,PET0144,2026-02-09,P07,5.0,13.5,67.5,Delivered,3,Web
BB001746,C0117,PET0144,2026-02-19,P07,5.0,13.5,67.5,Delivered,4,Pickup
BB001747,C0117,PET0144,2026-03-01,P06,4.0,14.5,58.0,Delivered,,Pickup
BB001748,C0117,PET0144,2026-03-13,P12,2.0,12.5,25.0,Delivered,,Web
BB001749,C0117,PET0144,2026-03-26,P06,4.0,14.5,58.0,Delivered,,Web
BB001750,C0117,PET0144,2026-04-03,P07,5.0,13.5,67.5,Delivered,,Web
BB001751,C0117,PET0144,2026-04-16,P07,2.0,13.5,27.0,Delivered,,Pickup
BB001752,C0117,PET0144,2026-04-23,P10,4.0,13.0,52.0,Delivered,,Web
BB001753,C0118,PET0145,2025-05-20,P12,4.0,12.5,50.0,Delivered,,Web
BB001754,C0118,PET0145,2025-05-27,P09,4.0,12.5,50.0,Delivered,,Pickup
BB001755,C0118,PET0145,2025-06-06,P01,4.0,14.5,58.0,Delivered,,Web
BB001756,C0118,PET0145,2025-06-13,P07,4.0,13.5,54.0,Delivered,,Pickup
BB001757,C0118,PET0145,2025-06-22,P03,2.0,13.5,27.0,Delivered,,Web
BB001758,C0118,PET0145,2025-06-30,P09,4.0,12.5,50.0,Delivered,,Web
BB001759,C0118,PET0145,2025-07-13,P09,5.0,12.5,62.5,Delivered,5,Web
BB001760,C0118,PET0145,2025-07-22,P09,6.0,12.5,75.0,Delivered,5,Re-order Email
BB001761,C0118,PET0145,2025-08-01,P09,6.0,12.5,75.0,Delivered,,Web
BB001762,C0118,PET0145,2025-08-09,P09,4.0,12.5,50.0,Delivered,,Web
BB001763,C0118,PET0145,2025-08-22,P09,4.0,12.5,50.0,Delivered,,Re-order Email
BB001764,C0118,PET0145,2025-08-31,P09,4.0,12.5,50.0,Delivered,,Web
BB001765,C0118,PET0145,2025-09-14,P09,5.0,12.5,62.5,Delivered,5,Web
BB001766,C0118,PET0145,2025-09-25,P09,7.0,12.5,87.5,Delivered,,Web
BB001767,C0118,PET0145,2025-10-05,P11,6.0,12.0,72.0,Delivered,,Web
BB001768,C0118,PET0145,2025-10-17,P09,7.0,12.5,87.5,Delivered,4,Web
BB001769,C0118,PET0145,2025-10-26,P02,5.0,13.0,65.0,Delivered,,Web
BB001770,C0118,PET0145,2025-11-06,P09,5.0,12.5,62.5,Delivered,,Web
BB001771,C0118,PET0145,2025-11-16,P09,4.0,12.5,50.0,Delivered,5,Web
BB001772,C0118,PET0145,2025-11-28,P09,3.0,12.5,37.5,Delivered,,Re-order Email
BB001773,C0118,PET0145,2025-12-12,P09,3.0,12.5,37.5,Delivered,,Web
BB001774,C0118,PET0145,2025-12-24,P09,4.0,12.5,50.0,Delivered,,Web
BB001775,C0118,PET0145,2026-01-07,P09,3.0,12.5,37.5,Delivered,,Web
BB001776,C0118,PET0145,2026-01-17,P11,4.0,12.0,48.0,Delivered,,Web
BB001777,C0118,PET0145,2026-01-31,P02,5.0,13.0,65.0,Delivered,,Web
BB001778,C0118,PET0145,2026-02-10,P09,6.0,12.5,75.0,Delivered,4,Web
BB001779,C0118,PET0145,2026-02-19,P09,5.0,12.5,62.5,Delivered,,Web
BB001780,C0118,PET0145,2026-03-05,P09,6.0,12.5,75.0,Delivered,,Web
BB001781,C0118,PET0145,2026-03-17,P09,4.0,12.5,50.0,Delivered,,Pickup
BB001782,C0118,PET0145,2026-03-28,P09,4.0,12.5,50.0,Delivered,,Re-order Email
BB001783,C0118,PET0145,2026-04-11,P11,6.0,12.0,72.0,Delivered,4,Pickup
BB001784,C0118,PET0145,2026-04-19,P09,5.0,12.5,62.5,Delivered,,Web
BB001785,C0118,PET0145,2026-04-26,P09,6.0,12.5,75.0,Delivered,5,Pickup
BB001786,C0119,PET0147,2026-04-24,P07,6.0,13.5,81.0,Delivered,,Pickup
BB001787,C0120,PET0148,2025-12-01,P02,5.0,13.0,65.0,Delivered,,Re-order Email
BB001788,C0120,PET0148,2025-12-15,P02,6.0,13.0,78.0,Delivered,,Web
BB001789,C0120,PET0148,2025-12-26,P02,7.0,13.0,91.0,Delivered,,Web
BB001790,C0120,PET0148,2026-01-03,P10,6.0,13.0,78.0,Delivered,,Web
BB001791,C0120,PET0148,2026-01-10,P02,4.0,13.0,52.0,Delivered,,Web
BB001792,C0120,PET0148,2026-01-17,P02,3.0,13.0,39.0,Delivered,,Web
BB001793,C0120,PET0148,2026-01-30,P02,5.0,13.0,65.0,Delivered,5,Web
BB001794,C0120,PET0148,2026-02-07,P02,3.0,13.0,39.0,Delivered,5,Web
BB001795,C0120,PET0148,2026-02-20,P06,3.0,14.5,43.5,Delivered,,Re-order Email
BB001796,C0120,PET0148,2026-03-04,P02,5.0,13.0,65.0,Delivered,,Pickup
BB001797,C0120,PET0148,2026-03-11,P02,4.0,13.0,52.0,Delivered,5,Web
BB001798,C0120,PET0148,2026-03-23,P10,2.0,13.0,26.0,Delivered,,Web
BB001799,C0120,PET0148,2026-03-30,P02,3.0,13.0,39.0,Delivered,5,Web
BB001800,C0120,PET0148,2026-04-06,P02,7.0,13.0,91.0,Delivered,,Web
BB001801,C0120,PET0148,2026-04-20,P11,4.0,12.0,48.0,Delivered,,Re-order Email
BB001802,C0121,PET0149,2026-02-09,P07,5.0,13.5,67.5,Delivered,5,Re-order Email
BB001803,C0121,PET0149,2026-02-20,P07,6.0,13.5,81.0,Delivered,,Re-order Email
BB001804,C0121,PET0149,2026-03-02,P10,4.0,13.0,52.0,Delivered,,Pickup
BB001805,C0121,PET0149,2026-03-12,P09,2.0,12.5,25.0,Delivered,,Pickup
BB001806,C0121,PET0149,2026-03-23,P12,3.0,12.5,37.5,Delivered,5,Web
BB001807,C0121,PET0149,2026-04-05,P07,6.0,13.5,81.0,Delivered,5,Web
BB001808,C0121,PET0149,2026-04-18,P07,4.0,13.5,54.0,Delivered,4,Web
BB001809,C0121,PET0149,2026-04-25,P10,5.0,13.0,65.0,Delivered,4,Pickup
BB001810,C0122,PET0150,2025-12-14,P04,5.0,14.0,70.0,Delivered,,Web
BB001811,C0122,PET0150,2025-12-27,P04,4.0,14.0,56.0,Delivered,3,Web
BB001812,C0122,PET0150,2026-01-09,P04,7.0,14.0,98.0,Delivered,,Web
BB001813,C0122,PET0150,2026-01-16,P04,4.0,14.0,56.0,Delivered,4,Web
BB001814,C0122,PET0150,2026-01-24,P07,5.0,13.5,67.5,Delivered,,Pickup
BB001815,C0122,PET0150,2026-02-05,P04,3.0,14.0,42.0,Delivered,,Pickup
BB001816,C0122,PET0150,2026-02-16,P04,3.0,14.0,42.0,Delivered,,Web
BB001817,C0122,PET0150,2026-02-28,P09,6.0,12.5,75.0,Delivered,5,Pickup
BB001818,C0122,PET0150,2026-03-08,P12,4.0,12.5,50.0,Delivered,,Web
BB001819,C0124,PET0152,2026-04-23,P12,4.0,12.5,50.0,Delivered,4,Web
BB001820,C0124,PET0153,2026-04-24,P01,2.0,14.5,29.0,Delivered,,Pickup
BB001821,C0124,PET0153,2026-05-01,P01,4.0,14.5,58.0,Delivered,,Re-order Email
BB001822,C0126,PET0155,2026-02-28,P02,6.0,13.0,78.0,Delivered,5,Web
BB001823,C0126,PET0155,2026-03-11,P06,6.0,14.5,87.0,Delivered,,Web
BB001824,C0126,PET0155,2026-03-21,P02,4.0,13.0,52.0,Delivered,,Web
BB001825,C0126,PET0155,2026-04-03,P02,3.0,13.0,39.0,Delivered,,Re-order Email
BB001826,C0126,PET0155,2026-04-13,P08,6.0,15.5,93.0,Delivered,5,Web
BB001827,C0126,PET0155,2026-04-20,P12,6.0,12.5,75.0,Delivered,,Web
BB001828,C0126,PET0155,2026-04-27,P02,6.0,13.0,78.0,Delivered,,Web
BB001829,C0127,PET0156,2025-07-07,P12,6.0,12.5,75.0,Delivered,,Pickup
BB001830,C0127,PET0156,2025-07-14,P04,4.0,14.0,56.0,Delivered,5,Web
BB001831,C0127,PET0156,2025-07-25,P04,3.0,14.0,42.0,Delivered,5,Pickup
BB001832,C0127,PET0156,2025-08-05,P04,6.0,14.0,84.0,Delivered,5,Web
BB001833,C0127,PET0156,2025-08-16,P07,4.0,13.5,54.0,Delivered,5,Web
BB001834,C0127,PET0156,2025-08-24,P08,5.0,15.5,77.5,Delivered,,Web
BB001835,C0127,PET0156,2025-09-06,P04,5.0,14.0,70.0,Delivered,,Web
BB001836,C0127,PET0156,2025-09-18,P07,4.0,13.5,54.0,Delivered,,Web
BB001837,C0127,PET0156,2025-10-01,P04,7.0,14.0,98.0,Delivered,5,Web
BB001838,C0127,PET0156,2025-10-14,P04,5.0,14.0,70.0,Delivered,,Web
BB001839,C0127,PET0156,2025-10-26,P10,6.0,13.0,78.0,Delivered,5,Pickup
BB001840,C0127,PET0156,2025-11-04,P10,7.0,13.0,91.0,Delivered,,Web
BB001841,C0127,PET0156,2025-11-12,P01,6.0,14.5,87.0,Delivered,,Web
BB001842,C0127,PET0156,2025-11-25,P04,5.0,14.0,70.0,Delivered,3,Web
BB001843,C0127,PET0156,2025-12-02,P04,4.0,14.0,56.0,Delivered,,Web
BB001844,C0127,PET0156,2025-12-12,P06,6.0,14.5,87.0,Delivered,,Pickup
BB001845,C0127,PET0156,2025-12-23,P04,4.0,14.0,56.0,Delivered,5,Web
BB001846,C0127,PET0156,2026-01-01,P04,6.0,14.0,84.0,Delivered,,Pickup
BB001847,C0127,PET0156,2026-01-15,P04,5.0,14.0,70.0,Delivered,,Web
BB001848,C0127,PET0156,2026-01-26,P04,5.0,14.0,70.0,Delivered,5,Web
BB001849,C0127,PET0156,2026-02-07,P06,6.0,14.5,87.0,Delivered,,Web
BB001850,C0127,PET0156,2026-02-14,P04,6.0,14.0,84.0,Delivered,,Web
BB001851,C0127,PET0156,2026-02-26,P04,3.0,14.0,42.0,Delivered,,Web
BB001852,C0127,PET0156,2026-03-05,P04,5.0,14.0,70.0,Delivered,5,Web
BB001853,C0127,PET0156,2026-03-15,P04,5.0,14.0,70.0,Delivered,,Web
BB001854,C0127,PET0156,2026-03-29,P04,4.0,14.0,56.0,Delivered,,Web
BB001855,C0127,PET0156,2026-04-10,P02,5.0,13.0,65.0,Delivered,3,Web
BB001856,C0127,PET0156,2026-04-19,P04,4.0,14.0,56.0,Delivered,5,Web
BB001857,C0127,PET0156,2026-04-28,P04,5.0,14.0,70.0,Delivered,,Web
BB001858,C0128,PET0157,2025-10-03,P12,5.0,12.5,62.5,Delivered,,Web
BB001859,C0128,PET0157,2025-10-16,P07,7.0,13.5,94.5,Delivered,4,Web
BB001860,C0128,PET0157,2025-10-24,P02,6.0,13.0,78.0,Delivered,5,Web
BB001861,C0128,PET0157,2025-11-05,P10,6.0,13.0,78.0,Delivered,,Web
BB001862,C0128,PET0157,2025-11-14,P03,5.0,13.5,67.5,Delivered,,Web
BB001863,C0128,PET0157,2025-11-27,P09,6.0,12.5,75.0,Delivered,5,Web
BB001864,C0128,PET0157,2025-12-06,P07,7.0,13.5,94.5,Delivered,5,Web
BB001865,C0128,PET0157,2025-12-15,P07,6.0,13.5,81.0,Delivered,,Pickup
BB001866,C0128,PET0157,2025-12-23,P08,4.0,15.5,62.0,Delivered,,Web
BB001867,C0128,PET0157,2025-12-30,P08,5.0,15.5,77.5,Delivered,,Pickup
BB001868,C0128,PET0157,2026-01-11,P08,5.0,15.5,77.5,Delivered,,Re-order Email
BB001869,C0128,PET0157,2026-01-22,P04,6.0,14.0,84.0,Delivered,,Web
BB001870,C0128,PET0157,2026-02-02,P08,6.0,15.5,93.0,Delivered,,Web
BB001871,C0128,PET0157,2026-02-14,P11,6.0,12.0,72.0,Delivered,,Re-order Email
BB001872,C0128,PET0157,2026-02-27,P08,4.0,15.5,62.0,Delivered,4,Re-order Email
BB001873,C0128,PET0157,2026-03-07,P08,5.0,15.5,77.5,Delivered,,Pickup
BB001874,C0128,PET0157,2026-03-15,P08,4.0,15.5,62.0,Delivered,,Web
BB001875,C0128,PET0157,2026-03-22,P06,6.0,14.5,87.0,Delivered,,Re-order Email
BB001876,C0128,PET0157,2026-04-04,P08,6.0,15.5,93.0,Delivered,5,Web
BB001877,C0128,PET0157,2026-04-17,P08,4.0,15.5,62.0,Delivered,,Pickup
BB001878,C0128,PET0157,2026-04-24,P08,5.0,15.5,77.5,Delivered,,Web
BB001879,C0129,PET0158,2025-09-10,P03,5.0,13.5,67.5,Delivered,,Web
BB001880,C0129,PET0158,2025-09-19,P12,5.0,12.5,62.5,Delivered,,Pickup
BB001881,C0129,PET0158,2025-10-03,P03,6.0,13.5,81.0,Delivered,3,Web
BB001882,C0129,PET0158,2025-10-12,P03,4.0,13.5,54.0,Delivered,,Web
BB001883,C0129,PET0158,2025-10-20,P03,4.0,13.5,54.0,Delivered,5,Web
BB001884,C0129,PET0158,2025-11-02,P03,5.0,13.5,67.5,Delivered,,Pickup
BB001885,C0129,PET0158,2025-11-15,P03,6.0,13.5,81.0,Delivered,,Web
BB001886,C0129,PET0158,2025-11-22,P03,4.0,13.5,54.0,Delivered,5,Web
BB001887,C0129,PET0158,2025-12-03,P04,5.0,14.0,70.0,Delivered,5,Web
BB001888,C0129,PET0158,2025-12-12,P09,6.0,12.5,75.0,Delivered,,Web
BB001889,C0129,PET0158,2025-12-25,P03,7.0,13.5,94.5,Delivered,5,Web
BB001890,C0129,PET0158,2026-01-07,P04,6.0,14.0,84.0,Delivered,,Web
BB001891,C0129,PET0158,2026-01-14,P03,5.0,13.5,67.5,Delivered,,Pickup
BB001892,C0129,PET0158,2026-01-25,P03,5.0,13.5,67.5,Delivered,5,Web
BB001893,C0129,PET0158,2026-02-05,P03,4.0,13.5,54.0,Delivered,,Re-order Email
BB001894,C0129,PET0158,2026-02-15,P03,3.0,13.5,40.5,Delivered,5,Web
BB001895,C0129,PET0158,2026-02-25,P03,5.0,13.5,67.5,Delivered,5,Pickup
BB001896,C0129,PET0158,2026-03-11,P04,7.0,14.0,98.0,Delivered,,Web
BB001897,C0129,PET0158,2026-03-20,P04,3.0,14.0,42.0,Delivered,4,Web
BB001898,C0129,PET0158,2026-04-03,P03,4.0,13.5,54.0,Delivered,5,Web
BB001899,C0129,PET0158,2026-04-15,P06,4.0,14.5,58.0,Delivered,,Web
BB001900,C0129,PET0158,2026-04-27,P03,5.0,13.5,67.5,Delivered,,Re-order Email
BB001901,C0130,PET0159,2026-05-02,P02,7.0,13.0,91.0,Scheduled,5,Web
BB001902,C0131,PET0160,2024-11-14,P06,6.0,14.5,87.0,Delivered,,Web
BB001903,C0131,PET0160,2024-11-27,P06,5.0,14.5,72.5,Delivered,,Web
BB001904,C0131,PET0160,2024-12-07,P06,7.0,14.5,101.5,Delivered,,Pickup
BB001905,C0131,PET0160,2024-12-15,P06,4.0,14.5,58.0,Delivered,5,Web
BB001906,C0131,PET0160,2024-12-25,P06,6.0,14.5,87.0,Delivered,,Re-order Email
BB001907,C0131,PET0160,2025-01-02,P06,7.0,14.5,101.5,Delivered,5,Web
BB001908,C0131,PET0160,2025-01-14,P06,7.0,14.5,101.5,Delivered,5,Web
BB001909,C0131,PET0160,2025-01-25,P06,4.0,14.5,58.0,Delivered,,Web
BB001910,C0131,PET0160,2025-02-03,P06,5.0,14.5,72.5,Delivered,5,Re-order Email
BB001911,C0131,PET0160,2025-02-12,P12,3.0,12.5,37.5,Delivered,5,Pickup
BB001912,C0131,PET0160,2025-02-24,P06,6.0,14.5,87.0,Delivered,,Web
BB001913,C0131,PET0160,2025-03-07,P06,7.0,14.5,101.5,Delivered,,Web
BB001914,C0131,PET0160,2025-03-16,P06,4.0,14.5,58.0,Delivered,,Web
BB001915,C0131,PET0160,2025-03-26,P06,6.0,14.5,87.0,Delivered,4,Web
BB001916,C0131,PET0160,2025-04-06,P08,4.0,15.5,62.0,Delivered,5,Web
BB001917,C0131,PET0160,2025-04-15,P06,3.0,14.5,43.5,Delivered,5,Web
BB001918,C0131,PET0160,2025-04-25,P03,5.0,13.5,67.5,Delivered,,Re-order Email
BB001919,C0131,PET0160,2025-05-04,P06,5.0,14.5,72.5,Delivered,5,Web
BB001920,C0131,PET0160,2025-05-15,P06,7.0,14.5,101.5,Delivered,,Re-order Email
BB001921,C0131,PET0160,2025-05-28,P06,5.0,14.5,72.5,Delivered,5,Web
BB001922,C0131,PET0160,2025-06-06,P06,6.0,14.5,87.0,Delivered,5,Web
BB001923,C0131,PET0160,2025-06-18,P02,3.0,13.0,39.0,Delivered,,Web
BB001924,C0131,PET0160,2025-06-29,P06,5.0,14.5,72.5,Delivered,4,Web
BB001925,C0131,PET0160,2025-07-10,P02,3.0,13.0,39.0,Delivered,,Web
BB001926,C0131,PET0160,2025-07-17,P06,4.0,14.5,58.0,Delivered,,Web
BB001927,C0131,PET0160,2025-07-30,P06,6.0,14.5,87.0,Delivered,,Web
BB001928,C0131,PET0160,2025-08-07,P06,3.0,14.5,43.5,Delivered,,Web
BB001929,C0131,PET0160,2025-08-19,P06,3.0,14.5,43.5,Delivered,5,Web
BB001930,C0131,PET0160,2025-08-28,P06,5.0,14.5,72.5,Delivered,,Web
BB001931,C0131,PET0160,2025-09-09,P06,4.0,14.5,58.0,Delivered,5,Web
BB001932,C0131,PET0160,2025-09-16,P06,7.0,14.5,101.5,Delivered,,Web
BB001933,C0131,PET0160,2025-09-27,P06,5.0,14.5,72.5,Delivered,,Web
BB001934,C0131,PET0160,2025-10-09,P06,4.0,14.5,58.0,Delivered,,Web
BB001935,C0131,PET0160,2025-10-21,P06,4.0,14.5,58.0,Delivered,,Web
BB001936,C0131,PET0160,2025-10-31,P02,4.0,13.0,52.0,Delivered,5,Re-order Email
BB001937,C0131,PET0160,2025-11-10,P06,3.0,14.5,43.5,Delivered,,Web
BB001938,C0131,PET0160,2025-11-22,P10,6.0,13.0,78.0,Delivered,5,Web
BB001939,C0131,PET0160,2025-12-04,P12,7.0,12.5,87.5,Delivered,4,Web
BB001940,C0131,PET0160,2025-12-16,P01,7.0,14.5,101.5,Delivered,,Web
BB001941,C0131,PET0160,2025-12-29,P06,6.0,14.5,87.0,Delivered,,Web
BB001942,C0131,PET0160,2026-01-08,P06,6.0,14.5,87.0,Delivered,,Web
BB001943,C0131,PET0160,2026-01-20,P06,5.0,14.5,72.5,Delivered,,Web
BB001944,C0131,PET0160,2026-01-30,P06,4.0,14.5,58.0,Delivered,4,Web
BB001945,C0131,PET0160,2026-02-12,P06,5.0,14.5,72.5,Delivered,4,Web
BB001946,C0131,PET0160,2026-02-24,P06,4.0,14.5,58.0,Delivered,,Web
BB001947,C0131,PET0160,2026-03-06,P06,5.0,14.5,72.5,Delivered,,Web
BB001948,C0131,PET0160,2026-03-17,P06,5.0,14.5,72.5,Delivered,5,Web
BB001949,C0131,PET0160,2026-03-29,P11,4.0,12.0,48.0,Delivered,,Web
BB001950,C0131,PET0160,2026-04-10,P01,4.0,14.5,58.0,Delivered,4,Re-order Email
BB001951,C0131,PET0160,2026-04-18,P06,4.0,14.5,58.0,Delivered,5,Web
BB001952,C0132,PET0161,2025-08-08,P10,7.0,13.0,91.0,Delivered,5,Web
BB001953,C0132,PET0161,2025-08-21,P10,4.0,13.0,52.0,Delivered,,Web
BB001954,C0132,PET0161,2025-08-30,P08,6.0,15.5,93.0,Delivered,4,Re-order Email
BB001955,C0132,PET0161,2025-09-08,P12,3.0,12.5,37.5,Delivered,5,Web
BB001956,C0132,PET0161,2025-09-22,P10,7.0,13.0,91.0,Delivered,,Re-order Email
BB001957,C0132,PET0161,2025-10-01,P10,3.0,13.0,39.0,Delivered,,Web
BB001958,C0132,PET0161,2025-10-08,P10,4.0,13.0,52.0,Delivered,,Web
BB001959,C0132,PET0161,2025-10-17,P08,6.0,15.5,93.0,Delivered,5,Web
BB001960,C0132,PET0161,2025-10-24,P10,3.0,13.0,39.0,Delivered,,Web
BB001961,C0132,PET0161,2025-11-04,P10,4.0,13.0,52.0,Delivered,5,Re-order Email
BB001962,C0132,PET0161,2025-11-18,P10,5.0,13.0,65.0,Delivered,,Pickup
BB001963,C0132,PET0161,2025-11-30,P10,3.0,13.0,39.0,Delivered,5,Web
BB001964,C0132,PET0161,2025-12-11,P10,6.0,13.0,78.0,Delivered,,Web
BB001965,C0132,PET0161,2025-12-23,P10,5.0,13.0,65.0,Delivered,4,Pickup
BB001966,C0132,PET0161,2025-12-31,P10,6.0,13.0,78.0,Delivered,,Re-order Email
BB001967,C0132,PET0161,2026-01-10,P10,3.0,13.0,39.0,Delivered,4,Web
BB001968,C0132,PET0161,2026-01-20,P12,7.0,12.5,87.5,Delivered,,Web
BB001969,C0132,PET0161,2026-02-01,P10,4.0,13.0,52.0,Delivered,,Re-order Email
BB001970,C0132,PET0161,2026-02-13,P10,5.0,13.0,65.0,Delivered,,Web
BB001971,C0132,PET0161,2026-02-23,P07,2.0,13.5,27.0,Delivered,,Web
BB001972,C0132,PET0161,2026-03-06,P10,3.0,13.0,39.0,Delivered,,Re-order Email
BB001973,C0132,PET0161,2026-03-17,P10,7.0,13.0,91.0,Delivered,,Web
BB001974,C0132,PET0161,2026-03-30,P10,4.0,13.0,52.0,Delivered,,Web
BB001975,C0132,PET0161,2026-04-07,P10,5.0,13.0,65.0,Delivered,5,Re-order Email
BB001976,C0132,PET0161,2026-04-20,P10,6.0,13.0,78.0,Delivered,,Web
BB001977,C0132,PET0162,2025-08-08,P09,6.0,12.5,75.0,Delivered,,Web
BB001978,C0132,PET0162,2025-08-18,P09,3.0,12.5,37.5,Delivered,,Web
BB001979,C0132,PET0162,2025-08-28,P09,6.0,12.5,75.0,Delivered,,Re-order Email
BB001980,C0132,PET0162,2025-09-08,P09,4.0,12.5,50.0,Delivered,,Re-order Email
BB001981,C0132,PET0162,2025-09-17,P03,5.0,13.5,67.5,Delivered,5,Re-order Email
BB001982,C0132,PET0162,2025-09-29,P09,6.0,12.5,75.0,Delivered,,Web
BB001983,C0132,PET0162,2025-10-12,P09,6.0,12.5,75.0,Delivered,,Web
BB001984,C0132,PET0162,2025-10-21,P09,4.0,12.5,50.0,Delivered,5,Web
BB001985,C0132,PET0162,2025-11-04,P10,6.0,13.0,78.0,Delivered,,Re-order Email
BB001986,C0132,PET0162,2025-11-14,P09,6.0,12.5,75.0,Delivered,5,Pickup
BB001987,C0132,PET0162,2025-11-27,P09,6.0,12.5,75.0,Delivered,,Pickup
BB001988,C0132,PET0162,2025-12-07,P09,5.0,12.5,62.5,Delivered,5,Web
BB001989,C0132,PET0162,2025-12-18,P09,4.0,12.5,50.0,Delivered,4,Web
BB001990,C0132,PET0162,2025-12-25,P09,6.0,12.5,75.0,Delivered,4,Web
BB001991,C0132,PET0162,2026-01-05,P06,3.0,14.5,43.5,Delivered,4,Web
BB001992,C0132,PET0162,2026-01-14,P09,4.0,12.5,50.0,Delivered,,Web
BB001993,C0132,PET0162,2026-01-25,P09,5.0,12.5,62.5,Delivered,,Re-order Email
BB001994,C0132,PET0162,2026-02-01,P09,6.0,12.5,75.0,Delivered,,Web
BB001995,C0132,PET0162,2026-02-11,P08,5.0,15.5,77.5,Delivered,,Web
BB001996,C0132,PET0162,2026-02-19,P09,5.0,12.5,62.5,Delivered,5,Web
BB001997,C0132,PET0162,2026-03-02,P09,5.0,12.5,62.5,Delivered,5,Web
BB001998,C0132,PET0162,2026-03-10,P09,3.0,12.5,37.5,Delivered,4,Re-order Email
BB001999,C0132,PET0162,2026-03-21,P09,2.0,12.5,25.0,Delivered,4,Web
BB002000,C0132,PET0162,2026-03-28,P09,5.0,12.5,62.5,Delivered,,Pickup
BB002001,C0132,PET0162,2026-04-10,P09,5.0,12.5,62.5,Delivered,,Web
BB002002,C0132,PET0162,2026-04-24,P04,5.0,14.0,70.0,Delivered,,Web
BB002003,C0133,PET0163,2025-05-21,P11,7.0,12.0,84.0,Delivered,,Re-order Email
BB002004,C0133,PET0163,2025-05-31,P11,5.0,12.0,60.0,Delivered,,Re-order Email
BB002005,C0133,PET0163,2025-06-12,P11,5.0,12.0,60.0,Delivered,4,Web
BB002006,C0133,PET0163,2025-06-24,P11,4.0,12.0,48.0,Delivered,5,Web
BB002007,C0133,PET0163,2025-07-05,P11,7.0,12.0,84.0,Delivered,5,Web
BB002008,C0133,PET0163,2025-07-18,P11,6.0,12.0,72.0,Delivered,4,Web
BB002009,C0133,PET0163,2025-07-25,P03,5.0,13.5,67.5,Delivered,,Web
BB002010,C0133,PET0163,2025-08-06,P11,5.0,12.0,60.0,Delivered,,Web
BB002011,C0133,PET0163,2025-08-13,P11,3.0,12.0,36.0,Delivered,5,Web
BB002012,C0133,PET0163,2025-08-21,P11,4.0,12.0,48.0,Delivered,,Web
BB002013,C0133,PET0163,2025-09-01,P01,5.0,14.5,72.5,Delivered,,Re-order Email
BB002014,C0133,PET0163,2025-09-12,P11,6.0,12.0,72.0,Delivered,,Web
BB002015,C0133,PET0163,2025-09-23,P11,5.0,12.0,60.0,Delivered,,Pickup
BB002016,C0133,PET0163,2025-10-02,P10,3.0,13.0,39.0,Delivered,,Web
BB002017,C0133,PET0163,2025-10-10,P11,5.0,12.0,60.0,Delivered,,Web
BB002018,C0133,PET0163,2025-10-17,P11,4.0,12.0,48.0,Delivered,5,Web
BB002019,C0133,PET0163,2025-10-25,P11,6.0,12.0,72.0,Delivered,,Pickup
BB002020,C0133,PET0163,2025-11-02,P11,4.0,12.0,48.0,Delivered,,Pickup
BB002021,C0133,PET0163,2025-11-11,P11,4.0,12.0,48.0,Delivered,3,Web
BB002022,C0133,PET0163,2025-11-20,P11,7.0,12.0,84.0,Delivered,5,Web
BB002023,C0133,PET0163,2025-11-29,P11,3.0,12.0,36.0,Delivered,,Web
BB002024,C0133,PET0163,2025-12-06,P11,6.0,12.0,72.0,Delivered,,Re-order Email
BB002025,C0133,PET0163,2025-12-17,P08,7.0,15.5,108.5,Delivered,4,Re-order Email
BB002026,C0133,PET0163,2025-12-26,P11,4.0,12.0,48.0,Delivered,,Web
BB002027,C0133,PET0163,2026-01-06,P09,6.0,12.5,75.0,Delivered,,Web
BB002028,C0133,PET0163,2026-01-20,P11,4.0,12.0,48.0,Delivered,,Web
BB002029,C0133,PET0163,2026-01-28,P11,5.0,12.0,60.0,Delivered,,Pickup
BB002030,C0133,PET0163,2026-02-04,P11,4.0,12.0,48.0,Delivered,,Pickup
BB002031,C0133,PET0163,2026-02-18,P11,5.0,12.0,60.0,Delivered,5,Re-order Email
BB002032,C0133,PET0163,2026-03-03,P10,5.0,13.0,65.0,Delivered,,Re-order Email
BB002033,C0133,PET0163,2026-03-16,P01,5.0,14.5,72.5,Delivered,,Web
BB002034,C0133,PET0163,2026-03-24,P11,4.0,12.0,48.0,Delivered,,Pickup
BB002035,C0133,PET0163,2026-03-31,P10,3.0,13.0,39.0,Delivered,,Web
BB002036,C0133,PET0163,2026-04-07,P11,7.0,12.0,84.0,Delivered,,Pickup
BB002037,C0133,PET0163,2026-04-16,P11,4.0,12.0,48.0,Delivered,,Web
BB002038,C0133,PET0163,2026-04-26,P11,3.0,12.0,36.0,Delivered,,Re-order Email
BB002039,C0134,PET0164,2025-08-26,P08,6.0,15.5,93.0,Delivered,,Web
BB002040,C0134,PET0164,2025-09-02,P09,4.0,12.5,50.0,Delivered,5,Pickup
BB002041,C0134,PET0164,2025-09-16,P08,5.0,15.5,77.5,Delivered,,Re-order Email
BB002042,C0134,PET0164,2025-09-25,P08,4.0,15.5,62.0,Delivered,,Web
BB002043,C0134,PET0164,2025-10-06,P03,5.0,13.5,67.5,Delivered,,Pickup
BB002044,C0134,PET0164,2025-10-14,P10,4.0,13.0,52.0,Delivered,,Web
BB002045,C0134,PET0164,2025-10-22,P02,5.0,13.0,65.0,Delivered,,Web
BB002046,C0134,PET0164,2025-11-05,P11,7.0,12.0,84.0,Delivered,,Pickup
BB002047,C0134,PET0164,2025-11-14,P08,4.0,15.5,62.0,Delivered,,Web
BB002048,C0134,PET0164,2025-11-24,P08,4.0,15.5,62.0,Delivered,5,Web
BB002049,C0134,PET0164,2025-12-08,P08,3.0,15.5,46.5,Delivered,,Web
BB002050,C0134,PET0164,2025-12-16,P08,5.0,15.5,77.5,Delivered,,Web
BB002051,C0134,PET0164,2025-12-28,P10,7.0,13.0,91.0,Delivered,4,Web
BB002052,C0134,PET0164,2026-01-11,P08,4.0,15.5,62.0,Delivered,5,Web
BB002053,C0134,PET0164,2026-01-25,P08,4.0,15.5,62.0,Delivered,,Web
BB002054,C0134,PET0164,2026-02-06,P08,4.0,15.5,62.0,Delivered,,Web
BB002055,C0134,PET0164,2026-02-14,P08,6.0,15.5,93.0,Delivered,,Web
BB002056,C0134,PET0164,2026-02-24,P01,6.0,14.5,87.0,Delivered,,Web
BB002057,C0134,PET0164,2026-03-10,P01,7.0,14.5,101.5,Delivered,,Pickup
BB002058,C0134,PET0164,2026-03-23,P08,4.0,15.5,62.0,Delivered,4,Web
BB002059,C0134,PET0164,2026-04-06,P08,4.0,15.5,62.0,Delivered,,Web
BB002060,C0134,PET0164,2026-04-13,P06,6.0,14.5,87.0,Delivered,,Re-order Email
BB002061,C0134,PET0164,2026-04-23,P08,5.0,15.5,77.5,Delivered,,Web
BB002062,C0135,PET0165,2026-05-02,P05,5.0,15.0,75.0,Scheduled,,Web
BB002063,C0135,PET0166,2026-01-01,P12,5.0,12.5,62.5,Delivered,4,Web
BB002064,C0135,PET0166,2026-01-10,P12,2.0,12.5,25.0,Delivered,4,Web
BB002065,C0135,PET0166,2026-01-19,P12,4.0,12.5,50.0,Delivered,5,Web
BB002066,C0135,PET0166,2026-01-27,P12,7.0,12.5,87.5,Delivered,,Pickup
BB002067,C0135,PET0166,2026-02-08,P12,2.0,12.5,25.0,Delivered,,Web
BB002068,C0135,PET0166,2026-02-15,P12,5.0,12.5,62.5,Delivered,,Web
BB002069,C0135,PET0166,2026-02-27,P12,5.0,12.5,62.5,Delivered,,Pickup
BB002070,C0135,PET0166,2026-03-10,P02,4.0,13.0,52.0,Delivered,5,Web
BB002071,C0135,PET0166,2026-03-21,P08,7.0,15.5,108.5,Delivered,,Web
BB002072,C0135,PET0166,2026-03-29,P12,3.0,12.5,37.5,Delivered,,Web
BB002073,C0135,PET0166,2026-04-10,P08,4.0,15.5,62.0,Delivered,,Web
BB002074,C0135,PET0166,2026-04-17,P12,3.0,12.5,37.5,Delivered,5,Web
BB002075,C0137,PET0168,2025-03-10,P07,3.0,13.5,40.5,Delivered,,Web
BB002076,C0137,PET0168,2025-03-24,P07,5.0,13.5,67.5,Delivered,,Web
BB002077,C0137,PET0168,2025-03-31,P07,6.0,13.5,81.0,Delivered,,Re-order Email
BB002078,C0137,PET0168,2025-04-09,P07,6.0,13.5,81.0,Delivered,5,Web
BB002079,C0137,PET0168,2025-04-22,P03,7.0,13.5,94.5,Delivered,5,Web
BB002080,C0137,PET0168,2025-04-30,P07,4.0,13.5,54.0,Delivered,,Web
BB002081,C0137,PET0168,2025-05-14,P07,5.0,13.5,67.5,Delivered,,Pickup
BB002082,C0137,PET0168,2025-05-23,P07,4.0,13.5,54.0,Delivered,5,Web
BB002083,C0137,PET0168,2025-06-06,P07,6.0,13.5,81.0,Delivered,5,Web
BB002084,C0137,PET0168,2025-06-15,P07,4.0,13.5,54.0,Delivered,,Re-order Email
BB002085,C0137,PET0168,2025-06-29,P07,4.0,13.5,54.0,Delivered,,Pickup
BB002086,C0137,PET0168,2025-07-10,P11,7.0,12.0,84.0,Delivered,,Web
BB002087,C0137,PET0168,2025-07-21,P07,5.0,13.5,67.5,Delivered,5,Web
BB002088,C0137,PET0168,2025-07-28,P07,3.0,13.5,40.5,Delivered,5,Re-order Email
BB002089,C0137,PET0168,2025-08-10,P07,6.0,13.5,81.0,Delivered,5,Web
BB002090,C0137,PET0168,2025-08-23,P07,3.0,13.5,40.5,Delivered,3,Web
BB002091,C0137,PET0168,2025-09-05,P07,4.0,13.5,54.0,Delivered,5,Web
BB002092,C0137,PET0168,2025-09-12,P07,5.0,13.5,67.5,Delivered,,Web
BB002093,C0137,PET0168,2025-09-22,P06,4.0,14.5,58.0,Delivered,5,Web
BB002094,C0137,PET0168,2025-10-03,P07,5.0,13.5,67.5,Delivered,5,Web
BB002095,C0137,PET0168,2025-10-16,P07,5.0,13.5,67.5,Delivered,,Web
BB002096,C0137,PET0168,2025-10-30,P07,6.0,13.5,81.0,Delivered,5,Web
BB002097,C0137,PET0168,2025-11-08,P07,3.0,13.5,40.5,Delivered,,Web
BB002098,C0137,PET0168,2025-11-17,P07,4.0,13.5,54.0,Delivered,,Web
BB002099,C0137,PET0168,2025-11-26,P10,4.0,13.0,52.0,Delivered,,Pickup
BB002100,C0137,PET0168,2025-12-04,P07,4.0,13.5,54.0,Delivered,,Web
BB002101,C0137,PET0168,2025-12-17,P07,4.0,13.5,54.0,Delivered,,Web
BB002102,C0137,PET0168,2025-12-27,P07,4.0,13.5,54.0,Delivered,5,Web
BB002103,C0137,PET0168,2026-01-06,P07,6.0,13.5,81.0,Delivered,5,Web
BB002104,C0137,PET0168,2026-01-16,P07,5.0,13.5,67.5,Delivered,,Web
BB002105,C0137,PET0168,2026-01-30,P12,6.0,12.5,75.0,Delivered,,Web
BB002106,C0137,PET0168,2026-02-09,P08,6.0,15.5,93.0,Delivered,,Pickup
BB002107,C0137,PET0168,2026-02-22,P08,4.0,15.5,62.0,Delivered,5,Web
BB002108,C0137,PET0168,2026-03-04,P07,5.0,13.5,67.5,Delivered,5,Pickup
BB002109,C0137,PET0168,2026-03-18,P07,7.0,13.5,94.5,Delivered,5,Pickup
BB002110,C0137,PET0168,2026-03-29,P07,4.0,13.5,54.0,Delivered,5,Pickup
BB002111,C0137,PET0168,2026-04-08,P07,5.0,13.5,67.5,Delivered,5,Re-order Email
BB002112,C0137,PET0168,2026-04-19,P07,7.0,13.5,94.5,Delivered,,Re-order Email
BB002113,C0137,PET0168,2026-04-30,P07,4.0,13.5,54.0,Delivered,5,Web
BB002114,C0138,PET0169,2024-11-13,P03,4.0,13.5,54.0,Delivered,4,Pickup
BB002115,C0138,PET0169,2024-11-21,P09,4.0,12.5,50.0,Delivered,3,Pickup
BB002116,C0138,PET0169,2024-12-01,P03,6.0,13.5,81.0,Delivered,,Re-order Email
BB002117,C0138,PET0169,2024-12-11,P08,6.0,15.5,93.0,Delivered,,Web
BB002118,C0138,PET0169,2024-12-18,P03,5.0,13.5,67.5,Delivered,,Web
BB002119,C0138,PET0169,2024-12-30,P03,5.0,13.5,67.5,Delivered,,Web
BB002120,C0138,PET0169,2025-01-09,P03,4.0,13.5,54.0,Delivered,,Web
BB002121,C0138,PET0169,2025-01-20,P03,2.0,13.5,27.0,Delivered,,Web
BB002122,C0138,PET0169,2025-01-29,P04,5.0,14.0,70.0,Delivered,5,Web
BB002123,C0138,PET0169,2025-02-07,P08,4.0,15.5,62.0,Delivered,,Web
BB002124,C0138,PET0169,2025-02-20,P07,3.0,13.5,40.5,Delivered,5,Web
BB002125,C0138,PET0169,2025-02-28,P03,4.0,13.5,54.0,Delivered,5,Web
BB002126,C0138,PET0169,2025-03-11,P03,4.0,13.5,54.0,Delivered,,Web
BB002127,C0138,PET0169,2025-03-21,P07,3.0,13.5,40.5,Delivered,,Web
BB002128,C0138,PET0169,2025-04-01,P03,4.0,13.5,54.0,Delivered,,Web
BB002129,C0138,PET0169,2025-04-12,P03,3.0,13.5,40.5,Delivered,,Re-order Email
BB002130,C0138,PET0169,2025-04-20,P03,5.0,13.5,67.5,Delivered,,Web
BB002131,C0138,PET0169,2025-04-30,P03,5.0,13.5,67.5,Delivered,,Web
BB002132,C0138,PET0169,2025-05-11,P03,6.0,13.5,81.0,Delivered,4,Pickup
BB002133,C0138,PET0169,2025-05-19,P03,3.0,13.5,40.5,Delivered,,Web
BB002134,C0138,PET0169,2025-05-27,P08,5.0,15.5,77.5,Delivered,,Web
BB002135,C0138,PET0169,2025-06-03,P06,3.0,14.5,43.5,Delivered,5,Re-order Email
BB002136,C0138,PET0169,2025-06-12,P03,3.0,13.5,40.5,Delivered,,Web
BB002137,C0138,PET0169,2025-06-19,P03,3.0,13.5,40.5,Delivered,5,Re-order Email
BB002138,C0138,PET0169,2025-06-26,P03,4.0,13.5,54.0,Delivered,,Web
BB002139,C0138,PET0169,2025-07-06,P03,4.0,13.5,54.0,Delivered,5,Web
BB002140,C0138,PET0169,2025-07-17,P03,3.0,13.5,40.5,Delivered,5,Web
BB002141,C0138,PET0169,2025-07-30,P03,7.0,13.5,94.5,Delivered,,Web
BB002142,C0138,PET0169,2025-08-12,P03,3.0,13.5,40.5,Delivered,,Pickup
BB002143,C0138,PET0169,2025-08-19,P03,6.0,13.5,81.0,Delivered,5,Web
BB002144,C0138,PET0169,2025-08-30,P03,7.0,13.5,94.5,Delivered,,Re-order Email
BB002145,C0138,PET0169,2025-09-12,P03,5.0,13.5,67.5,Delivered,5,Web
BB002146,C0138,PET0169,2025-09-21,P03,4.0,13.5,54.0,Delivered,,Web
BB002147,C0138,PET0169,2025-10-03,P09,3.0,12.5,37.5,Delivered,5,Re-order Email
BB002148,C0138,PET0169,2025-10-10,P03,3.0,13.5,40.5,Delivered,,Web
BB002149,C0138,PET0169,2025-10-21,P03,4.0,13.5,54.0,Delivered,,Web
BB002150,C0138,PET0169,2025-10-30,P03,6.0,13.5,81.0,Delivered,,Web
BB002151,C0138,PET0169,2025-11-07,P11,4.0,12.0,48.0,Delivered,5,Web
BB002152,C0138,PET0169,2025-11-18,P03,5.0,13.5,67.5,Delivered,,Pickup
BB002153,C0138,PET0169,2025-11-30,P03,5.0,13.5,67.5,Delivered,5,Pickup
BB002154,C0138,PET0169,2025-12-10,P03,5.0,13.5,67.5,Delivered,,Web
BB002155,C0138,PET0169,2025-12-17,P03,4.0,13.5,54.0,Delivered,,Re-order Email
BB002156,C0138,PET0169,2025-12-26,P03,4.0,13.5,54.0,Delivered,,Web
BB002157,C0138,PET0169,2026-01-06,P03,3.0,13.5,40.5,Delivered,,Web
BB002158,C0138,PET0169,2026-01-13,P03,5.0,13.5,67.5,Delivered,,Web
BB002159,C0138,PET0169,2026-01-20,P11,3.0,12.0,36.0,Delivered,,Web
BB002160,C0138,PET0169,2026-01-28,P03,5.0,13.5,67.5,Delivered,,Pickup
BB002161,C0138,PET0169,2026-02-10,P03,5.0,13.5,67.5,Delivered,,Web
BB002162,C0138,PET0169,2026-02-18,P03,3.0,13.5,40.5,Delivered,,Pickup
BB002163,C0138,PET0169,2026-02-25,P03,3.0,13.5,40.5,Delivered,5,Web
BB002164,C0138,PET0169,2026-03-08,P03,5.0,13.5,67.5,Delivered,,Web
BB002165,C0138,PET0169,2026-03-21,P03,3.0,13.5,40.5,Delivered,,Web
BB002166,C0138,PET0169,2026-04-02,P12,7.0,12.5,87.5,Delivered,,Web
BB002167,C0138,PET0169,2026-04-09,P03,3.0,13.5,40.5,Delivered,,Pickup
BB002168,C0138,PET0169,2026-04-22,P04,5.0,14.0,70.0,Delivered,,Web
BB002169,C0139,PET0170,2025-11-06,P02,5.0,13.0,65.0,Delivered,5,Pickup
BB002170,C0139,PET0170,2025-11-14,P02,7.0,13.0,91.0,Delivered,,Web
BB002171,C0139,PET0170,2025-11-26,P02,3.0,13.0,39.0,Delivered,,Web
BB002172,C0139,PET0170,2025-12-05,P02,5.0,13.0,65.0,Delivered,,Pickup
BB002173,C0139,PET0170,2025-12-15,P02,6.0,13.0,78.0,Delivered,,Web
BB002174,C0139,PET0170,2025-12-28,P02,6.0,13.0,78.0,Delivered,,Pickup
BB002175,C0139,PET0170,2026-01-11,P07,4.0,13.5,54.0,Delivered,,Web
BB002176,C0139,PET0170,2026-01-18,P02,5.0,13.0,65.0,Delivered,,Web
BB002177,C0139,PET0170,2026-02-01,P02,3.0,13.0,39.0,Delivered,,Web
BB002178,C0139,PET0170,2026-02-10,P02,4.0,13.0,52.0,Delivered,,Pickup
BB002179,C0139,PET0170,2026-02-19,P02,7.0,13.0,91.0,Delivered,,Web
BB002180,C0139,PET0170,2026-03-01,P02,4.0,13.0,52.0,Delivered,5,Web
BB002181,C0139,PET0170,2026-03-15,P02,6.0,13.0,78.0,Delivered,,Pickup
BB002182,C0139,PET0170,2026-03-22,P02,7.0,13.0,91.0,Delivered,,Re-order Email
BB002183,C0139,PET0170,2026-03-29,P06,5.0,14.5,72.5,Delivered,,Web
BB002184,C0139,PET0170,2026-04-12,P11,3.0,12.0,36.0,Delivered,,Web
BB002185,C0139,PET0170,2026-04-25,P02,5.0,13.0,65.0,Delivered,,Web
BB002186,C0140,PET0171,2026-02-23,P09,3.0,12.5,37.5,Delivered,5,Web
BB002187,C0140,PET0171,2026-03-08,P09,5.0,12.5,62.5,Delivered,5,Web
BB002188,C0140,PET0171,2026-03-17,P09,5.0,12.5,62.5,Delivered,5,Pickup
BB002189,C0140,PET0171,2026-03-29,P09,5.0,12.5,62.5,Delivered,,Web
BB002190,C0140,PET0171,2026-04-08,P09,5.0,12.5,62.5,Delivered,,Web
BB002191,C0140,PET0171,2026-04-20,P06,7.0,14.5,101.5,Delivered,,Re-order Email
BB002192,C0141,PET0172,2025-07-27,P03,2.0,13.5,27.0,Delivered,,Web
BB002193,C0141,PET0172,2025-08-04,P03,6.0,13.5,81.0,Delivered,5,Pickup
BB002194,C0141,PET0172,2025-08-11,P03,4.0,13.5,54.0,Delivered,,Re-order Email
BB002195,C0141,PET0172,2025-08-21,P03,4.0,13.5,54.0,Delivered,4,Web
BB002196,C0141,PET0172,2025-09-02,P10,6.0,13.0,78.0,Delivered,,Web
BB002197,C0141,PET0172,2025-09-12,P03,6.0,13.5,81.0,Delivered,,Web
BB002198,C0141,PET0172,2025-09-20,P03,5.0,13.5,67.5,Delivered,4,Web
BB002199,C0141,PET0172,2025-10-03,P03,7.0,13.5,94.5,Delivered,5,Pickup
BB002200,C0141,PET0172,2025-10-11,P03,6.0,13.5,81.0,Delivered,,Re-order Email
BB002201,C0141,PET0172,2025-10-22,P03,3.0,13.5,40.5,Delivered,,Pickup
BB002202,C0141,PET0172,2025-10-30,P03,4.0,13.5,54.0,Delivered,5,Pickup
BB002203,C0141,PET0172,2025-11-12,P03,4.0,13.5,54.0,Delivered,5,Re-order Email
BB002204,C0141,PET0172,2025-11-21,P03,2.0,13.5,27.0,Delivered,5,Web
BB002205,C0141,PET0172,2025-12-03,P03,7.0,13.5,94.5,Delivered,,Web
BB002206,C0141,PET0172,2025-12-14,P03,4.0,13.5,54.0,Delivered,,Web
BB002207,C0141,PET0172,2025-12-22,P01,3.0,14.5,43.5,Delivered,,Web
BB002208,C0141,PET0172,2025-12-29,P03,5.0,13.5,67.5,Delivered,,Web
BB002209,C0141,PET0172,2026-01-08,P09,3.0,12.5,37.5,Delivered,,Web
BB002210,C0141,PET0172,2026-01-15,P03,3.0,13.5,40.5,Delivered,5,Re-order Email
BB002211,C0141,PET0172,2026-01-22,P03,6.0,13.5,81.0,Delivered,5,Web
BB002212,C0141,PET0172,2026-01-30,P03,3.0,13.5,40.5,Delivered,,Web
BB002213,C0141,PET0172,2026-02-09,P10,4.0,13.0,52.0,Delivered,,Re-order Email
BB002214,C0141,PET0172,2026-02-17,P03,7.0,13.5,94.5,Delivered,5,Web
BB002215,C0141,PET0172,2026-02-27,P03,5.0,13.5,67.5,Delivered,,Re-order Email
BB002216,C0141,PET0172,2026-03-10,P03,4.0,13.5,54.0,Delivered,,Pickup
BB002217,C0141,PET0172,2026-03-20,P03,4.0,13.5,54.0,Delivered,,Pickup
BB002218,C0141,PET0172,2026-04-01,P03,6.0,13.5,81.0,Delivered,,Re-order Email
BB002219,C0141,PET0172,2026-04-15,P03,4.0,13.5,54.0,Delivered,,Web
BB002220,C0141,PET0172,2026-04-26,P03,5.0,13.5,67.5,Delivered,,Web
BB002221,C0142,PET0173,2026-01-03,P10,7.0,13.0,91.0,Delivered,5,Web
BB002222,C0142,PET0173,2026-01-13,P12,5.0,12.5,62.5,Delivered,,Re-order Email
BB002223,C0142,PET0173,2026-01-24,P12,3.0,12.5,37.5,Delivered,,Web
BB002224,C0142,PET0173,2026-02-04,P12,6.0,12.5,75.0,Delivered,,Web
BB002225,C0142,PET0173,2026-02-14,P12,4.0,12.5,50.0,Delivered,5,Re-order Email
BB002226,C0142,PET0173,2026-02-23,P10,5.0,13.0,65.0,Delivered,,Web
BB002227,C0142,PET0173,2026-03-08,P07,5.0,13.5,67.5,Delivered,,Re-order Email
BB002228,C0142,PET0173,2026-03-19,P12,7.0,12.5,87.5,Delivered,,Web
BB002229,C0142,PET0173,2026-03-31,P12,6.0,12.5,75.0,Delivered,5,Web
BB002230,C0142,PET0173,2026-04-11,P12,7.0,12.5,87.5,Delivered,5,Web
BB002231,C0142,PET0173,2026-04-20,P09,5.0,12.5,62.5,Delivered,5,Re-order Email
BB002232,C0142,PET0173,2026-04-27,P12,6.0,12.5,75.0,Delivered,,Web
BB002233,C0143,PET0174,2026-01-26,P07,6.0,13.5,81.0,Delivered,5,Web
BB002234,C0143,PET0174,2026-02-08,P07,4.0,13.5,54.0,Delivered,,Re-order Email
BB002235,C0143,PET0174,2026-02-15,P07,2.0,13.5,27.0,Delivered,,Web
BB002236,C0143,PET0174,2026-02-24,P07,5.0,13.5,67.5,Delivered,4,Web
BB002237,C0143,PET0174,2026-03-04,P11,5.0,12.0,60.0,Delivered,,Re-order Email
BB002238,C0144,PET0175,2026-04-15,P01,7.0,14.5,101.5,Delivered,4,Web
BB002239,C0144,PET0175,2026-04-23,P12,4.0,12.5,50.0,Delivered,,Re-order Email
BB002240,C0145,PET0176,2026-04-30,P05,3.0,15.0,45.0,Delivered,,Re-order Email
BB002241,C0146,PET0177,2025-10-01,P02,2.0,13.0,26.0,Delivered,4,Web
BB002242,C0146,PET0177,2025-10-14,P02,4.0,13.0,52.0,Delivered,,Web
BB002243,C0146,PET0177,2025-10-22,P02,6.0,13.0,78.0,Delivered,,Re-order Email
BB002244,C0146,PET0177,2025-10-31,P02,7.0,13.0,91.0,Delivered,5,Web
BB002245,C0146,PET0177,2025-11-13,P03,4.0,13.5,54.0,Delivered,,Web
BB002246,C0146,PET0177,2025-11-21,P01,6.0,14.5,87.0,Delivered,,Pickup
BB002247,C0146,PET0177,2025-12-02,P02,4.0,13.0,52.0,Delivered,4,Web
BB002248,C0146,PET0177,2025-12-10,P02,6.0,13.0,78.0,Delivered,5,Web
BB002249,C0146,PET0177,2025-12-23,P06,3.0,14.5,43.5,Delivered,,Re-order Email
BB002250,C0146,PET0177,2026-01-02,P02,6.0,13.0,78.0,Delivered,,Web
BB002251,C0146,PET0177,2026-01-16,P07,6.0,13.5,81.0,Delivered,5,Web
BB002252,C0146,PET0177,2026-01-30,P10,3.0,13.0,39.0,Delivered,,Web
BB002253,C0146,PET0177,2026-02-12,P02,5.0,13.0,65.0,Delivered,,Web
BB002254,C0146,PET0177,2026-02-25,P10,4.0,13.0,52.0,Delivered,,Web
BB002255,C0146,PET0177,2026-03-11,P08,6.0,15.5,93.0,Delivered,,Pickup
BB002256,C0146,PET0177,2026-03-20,P02,7.0,13.0,91.0,Delivered,4,Pickup
BB002257,C0146,PET0177,2026-03-27,P07,5.0,13.5,67.5,Delivered,,Web
BB002258,C0146,PET0177,2026-04-07,P08,5.0,15.5,77.5,Delivered,5,Re-order Email
BB002259,C0146,PET0177,2026-04-21,P02,7.0,13.0,91.0,Delivered,,Web
BB002260,C0147,PET0178,2025-09-27,P08,4.0,15.5,62.0,Delivered,,Web
BB002261,C0147,PET0178,2025-10-11,P08,6.0,15.5,93.0,Delivered,,Web
BB002262,C0147,PET0178,2025-10-18,P08,4.0,15.5,62.0,Delivered,,Web
BB002263,C0147,PET0178,2025-10-30,P11,2.0,12.0,24.0,Delivered,,Re-order Email
BB002264,C0147,PET0178,2025-11-13,P11,3.0,12.0,36.0,Delivered,,Web
BB002265,C0147,PET0178,2025-11-26,P08,3.0,15.5,46.5,Delivered,,Web
BB002266,C0147,PET0178,2025-12-04,P08,5.0,15.5,77.5,Delivered,,Web
BB002267,C0147,PET0178,2025-12-18,P08,4.0,15.5,62.0,Delivered,5,Web
BB002268,C0147,PET0178,2025-12-25,P08,2.0,15.5,31.0,Delivered,,Web
BB002269,C0147,PET0178,2026-01-05,P07,5.0,13.5,67.5,Delivered,5,Web
BB002270,C0147,PET0178,2026-01-13,P08,6.0,15.5,93.0,Delivered,4,Web
BB002271,C0147,PET0178,2026-01-25,P01,4.0,14.5,58.0,Delivered,4,Web
BB002272,C0147,PET0178,2026-02-06,P09,6.0,12.5,75.0,Delivered,5,Web
BB002273,C0147,PET0178,2026-02-18,P02,4.0,13.0,52.0,Delivered,5,Web
BB002274,C0147,PET0178,2026-02-28,P08,5.0,15.5,77.5,Delivered,,Web
BB002275,C0147,PET0178,2026-03-14,P08,5.0,15.5,77.5,Delivered,,Web
BB002276,C0147,PET0178,2026-03-28,P08,3.0,15.5,46.5,Delivered,5,Web
BB002277,C0147,PET0178,2026-04-11,P08,4.0,15.5,62.0,Delivered,4,Web
BB002278,C0147,PET0178,2026-04-18,P12,5.0,12.5,62.5,Delivered,,Web
BB002279,C0147,PET0179,2025-09-28,P03,2.0,13.5,27.0,Delivered,,Web
BB002280,C0147,PET0179,2025-10-12,P06,5.0,14.5,72.5,Delivered,,Web
BB002281,C0147,PET0179,2025-10-24,P07,4.0,13.5,54.0,Delivered,4,Web
BB002282,C0147,PET0179,2025-11-02,P06,4.0,14.5,58.0,Delivered,4,Web
BB002283,C0147,PET0179,2025-11-10,P06,4.0,14.5,58.0,Delivered,,Web
BB002284,C0147,PET0179,2025-11-22,P06,4.0,14.5,58.0,Delivered,,Pickup
BB002285,C0147,PET0179,2025-11-29,P06,7.0,14.5,101.5,Delivered,,Pickup
BB002286,C0147,PET0179,2025-12-12,P08,6.0,15.5,93.0,Delivered,,Web
BB002287,C0147,PET0179,2025-12-21,P06,5.0,14.5,72.5,Delivered,,Pickup
BB002288,C0147,PET0179,2026-01-02,P06,6.0,14.5,87.0,Delivered,4,Re-order Email
BB002289,C0147,PET0179,2026-01-16,P06,4.0,14.5,58.0,Delivered,5,Pickup
BB002290,C0147,PET0179,2026-01-23,P08,5.0,15.5,77.5,Delivered,,Web
BB002291,C0147,PET0179,2026-02-02,P06,5.0,14.5,72.5,Delivered,,Web
BB002292,C0147,PET0179,2026-02-10,P06,4.0,14.5,58.0,Delivered,,Web
BB002293,C0147,PET0179,2026-02-23,P06,2.0,14.5,29.0,Delivered,,Web
BB002294,C0147,PET0179,2026-03-04,P10,4.0,13.0,52.0,Delivered,,Web
BB002295,C0147,PET0179,2026-03-11,P06,4.0,14.5,58.0,Delivered,5,Web
BB002296,C0147,PET0179,2026-03-23,P06,4.0,14.5,58.0,Delivered,,Pickup
BB002297,C0147,PET0179,2026-04-03,P06,2.0,14.5,29.0,Delivered,5,Web
BB002298,C0147,PET0179,2026-04-16,P06,6.0,14.5,87.0,Delivered,,Web
BB002299,C0147,PET0179,2026-04-30,P10,3.0,13.0,39.0,Delivered,,Re-order Email
BB002300,C0148,PET0180,2024-11-16,P02,7.0,13.0,91.0,Delivered,5,Web
BB002301,C0148,PET0180,2024-11-27,P09,3.0,12.5,37.5,Delivered,,Web
BB002302,C0148,PET0180,2024-12-07,P02,5.0,13.0,65.0,Delivered,,Web
BB002303,C0148,PET0180,2024-12-15,P12,5.0,12.5,62.5,Delivered,,Web
BB002304,C0148,PET0180,2024-12-26,P02,5.0,13.0,65.0,Delivered,,Web
BB002305,C0148,PET0180,2025-01-07,P02,4.0,13.0,52.0,Delivered,5,Web
BB002306,C0148,PET0180,2025-01-19,P02,2.0,13.0,26.0,Delivered,,Web
BB002307,C0148,PET0180,2025-02-01,P07,3.0,13.5,40.5,Delivered,5,Web
BB002308,C0148,PET0180,2025-02-14,P02,5.0,13.0,65.0,Delivered,5,Web
BB002309,C0148,PET0180,2025-02-24,P02,6.0,13.0,78.0,Delivered,,Web
BB002310,C0148,PET0180,2025-03-04,P10,7.0,13.0,91.0,Delivered,,Web
BB002311,C0148,PET0180,2025-03-14,P03,3.0,13.5,40.5,Delivered,5,Pickup
BB002312,C0148,PET0180,2025-03-22,P03,5.0,13.5,67.5,Delivered,,Web
BB002313,C0148,PET0180,2025-03-30,P02,5.0,13.0,65.0,Delivered,,Web
BB002314,C0148,PET0180,2025-04-12,P02,4.0,13.0,52.0,Delivered,5,Web
BB002315,C0148,PET0180,2025-04-23,P08,5.0,15.5,77.5,Delivered,,Web
BB002316,C0148,PET0180,2025-05-05,P02,5.0,13.0,65.0,Delivered,,Web
BB002317,C0148,PET0180,2025-05-14,P09,6.0,12.5,75.0,Delivered,4,Web
BB002318,C0148,PET0180,2025-05-25,P02,4.0,13.0,52.0,Delivered,,Web
BB002319,C0148,PET0180,2025-06-07,P12,3.0,12.5,37.5,Delivered,5,Web
BB002320,C0148,PET0180,2025-06-14,P02,7.0,13.0,91.0,Delivered,,Web
BB002321,C0148,PET0180,2025-06-24,P02,5.0,13.0,65.0,Delivered,,Pickup
BB002322,C0148,PET0180,2025-07-07,P12,5.0,12.5,62.5,Delivered,,Web
BB002323,C0148,PET0180,2025-07-14,P02,3.0,13.0,39.0,Delivered,5,Web
BB002324,C0148,PET0180,2025-07-22,P02,5.0,13.0,65.0,Delivered,,Web
BB002325,C0148,PET0180,2025-08-04,P02,7.0,13.0,91.0,Delivered,5,Web
BB002326,C0148,PET0180,2025-08-15,P02,3.0,13.0,39.0,Delivered,5,Pickup
BB002327,C0148,PET0180,2025-08-22,P02,5.0,13.0,65.0,Delivered,5,Re-order Email
BB002328,C0148,PET0180,2025-08-29,P09,5.0,12.5,62.5,Delivered,4,Re-order Email
BB002329,C0148,PET0180,2025-09-10,P02,6.0,13.0,78.0,Delivered,,Re-order Email
BB002330,C0148,PET0180,2025-09-23,P02,4.0,13.0,52.0,Delivered,,Re-order Email
BB002331,C0148,PET0180,2025-09-30,P02,6.0,13.0,78.0,Delivered,,Web
BB002332,C0148,PET0180,2025-10-12,P02,6.0,13.0,78.0,Delivered,,Web
BB002333,C0148,PET0180,2025-10-24,P02,5.0,13.0,65.0,Delivered,,Web
BB002334,C0148,PET0180,2025-11-01,P02,5.0,13.0,65.0,Delivered,5,Re-order Email
BB002335,C0148,PET0180,2025-11-13,P02,6.0,13.0,78.0,Delivered,5,Web
BB002336,C0148,PET0180,2025-11-21,P02,5.0,13.0,65.0,Delivered,,Web
BB002337,C0148,PET0180,2025-12-03,P02,7.0,13.0,91.0,Delivered,5,Web
BB002338,C0148,PET0180,2025-12-15,P02,5.0,13.0,65.0,Delivered,5,Web
BB002339,C0148,PET0180,2025-12-28,P02,5.0,13.0,65.0,Delivered,,Web
BB002340,C0148,PET0180,2026-01-10,P03,7.0,13.5,94.5,Delivered,,Web
BB002341,C0148,PET0180,2026-01-18,P08,7.0,15.5,108.5,Delivered,,Web
BB002342,C0148,PET0180,2026-01-25,P02,5.0,13.0,65.0,Delivered,,Web
BB002343,C0148,PET0180,2026-02-04,P02,3.0,13.0,39.0,Delivered,5,Re-order Email
BB002344,C0148,PET0180,2026-02-15,P02,6.0,13.0,78.0,Delivered,5,Web
BB002345,C0148,PET0180,2026-02-26,P06,2.0,14.5,29.0,Delivered,4,Re-order Email
BB002346,C0148,PET0180,2026-03-06,P02,2.0,13.0,26.0,Delivered,,Web
BB002347,C0148,PET0180,2026-03-13,P08,7.0,15.5,108.5,Delivered,,Re-order Email
BB002348,C0148,PET0180,2026-03-26,P08,4.0,15.5,62.0,Delivered,,Web
BB002349,C0149,PET0181,2025-07-07,P06,5.0,14.5,72.5,Delivered,,Web
BB002350,C0149,PET0181,2025-07-14,P12,5.0,12.5,62.5,Delivered,5,Web
BB002351,C0149,PET0181,2025-07-21,P12,5.0,12.5,62.5,Delivered,,Web
BB002352,C0149,PET0181,2025-07-28,P12,5.0,12.5,62.5,Delivered,4,Web
BB002353,C0149,PET0181,2025-08-09,P06,4.0,14.5,58.0,Delivered,,Re-order Email
BB002354,C0149,PET0181,2025-08-19,P11,4.0,12.0,48.0,Delivered,,Web
BB002355,C0149,PET0181,2025-08-26,P12,5.0,12.5,62.5,Delivered,,Pickup
BB002356,C0149,PET0181,2025-09-08,P12,6.0,12.5,75.0,Delivered,4,Web
BB002357,C0149,PET0181,2025-09-19,P08,5.0,15.5,77.5,Delivered,,Web
BB002358,C0149,PET0181,2025-09-26,P12,4.0,12.5,50.0,Delivered,,Re-order Email
BB002359,C0149,PET0181,2025-10-06,P12,4.0,12.5,50.0,Delivered,4,Web
BB002360,C0149,PET0181,2025-10-15,P12,4.0,12.5,50.0,Delivered,5,Re-order Email
BB002361,C0149,PET0181,2025-10-27,P12,5.0,12.5,62.5,Delivered,5,Web
BB002362,C0149,PET0181,2025-11-08,P06,2.0,14.5,29.0,Delivered,,Web
BB002363,C0149,PET0181,2025-11-16,P12,4.0,12.5,50.0,Delivered,,Pickup
BB002364,C0149,PET0181,2025-11-29,P12,5.0,12.5,62.5,Delivered,4,Web
BB002365,C0149,PET0181,2025-12-08,P12,4.0,12.5,50.0,Delivered,,Web
BB002366,C0149,PET0181,2025-12-16,P12,7.0,12.5,87.5,Delivered,,Pickup
BB002367,C0149,PET0181,2025-12-24,P12,5.0,12.5,62.5,Delivered,,Web
BB002368,C0149,PET0181,2026-01-03,P12,4.0,12.5,50.0,Delivered,4,Pickup
BB002369,C0149,PET0181,2026-01-16,P09,4.0,12.5,50.0,Delivered,,Web
BB002370,C0149,PET0181,2026-01-26,P12,6.0,12.5,75.0,Delivered,,Web
BB002371,C0149,PET0181,2026-02-07,P12,6.0,12.5,75.0,Delivered,5,Web
BB002372,C0149,PET0181,2026-02-14,P12,5.0,12.5,62.5,Delivered,,Web
BB002373,C0149,PET0181,2026-02-21,P07,3.0,13.5,40.5,Delivered,,Re-order Email
BB002374,C0149,PET0181,2026-03-02,P12,6.0,12.5,75.0,Delivered,,Web
BB002375,C0149,PET0181,2026-03-15,P11,7.0,12.0,84.0,Delivered,,Web
BB002376,C0149,PET0181,2026-03-28,P12,4.0,12.5,50.0,Delivered,5,Web
BB002377,C0149,PET0181,2026-04-10,P12,4.0,12.5,50.0,Delivered,,Web
BB002378,C0149,PET0181,2026-04-18,P10,2.0,13.0,26.0,Delivered,4,Web
BB002379,C0149,PET0181,2026-04-28,P12,6.0,12.5,75.0,Delivered,5,Web
BB002380,C0150,PET0182,2025-08-28,P10,4.0,13.0,52.0,Delivered,,Re-order Email
BB002381,C0150,PET0182,2025-09-04,P10,6.0,13.0,78.0,Delivered,,Web
BB002382,C0150,PET0182,2025-09-13,P10,5.0,13.0,65.0,Delivered,4,Web
BB002383,C0150,PET0182,2025-09-22,P10,4.0,13.0,52.0,Delivered,,Pickup
BB002384,C0150,PET0182,2025-10-04,P09,7.0,12.5,87.5,Delivered,5,Re-order Email
BB002385,C0150,PET0182,2025-10-15,P10,6.0,13.0,78.0,Delivered,,Web
BB002386,C0150,PET0182,2025-10-25,P10,7.0,13.0,91.0,Delivered,,Re-order Email
BB002387,C0150,PET0182,2025-11-03,P10,3.0,13.0,39.0,Delivered,5,Web
BB002388,C0150,PET0182,2025-11-16,P10,5.0,13.0,65.0,Delivered,,Web
BB002389,C0150,PET0182,2025-11-29,P10,5.0,13.0,65.0,Delivered,,Web
BB002390,C0150,PET0182,2025-12-08,P10,4.0,13.0,52.0,Delivered,,Web
BB002391,C0150,PET0182,2025-12-17,P10,5.0,13.0,65.0,Delivered,,Re-order Email
BB002392,C0150,PET0182,2025-12-24,P03,5.0,13.5,67.5,Delivered,,Web
BB002393,C0150,PET0182,2026-01-02,P10,6.0,13.0,78.0,Delivered,,Web
BB002394,C0150,PET0182,2026-01-15,P03,4.0,13.5,54.0,Delivered,,Web
BB002395,C0150,PET0182,2026-01-24,P10,6.0,13.0,78.0,Delivered,,Web
BB002396,C0150,PET0182,2026-02-04,P10,4.0,13.0,52.0,Delivered,,Web
BB002397,C0150,PET0182,2026-02-17,P01,7.0,14.5,101.5,Delivered,,Re-order Email
BB002398,C0150,PET0182,2026-02-26,P10,7.0,13.0,91.0,Delivered,3,Web
BB002399,C0150,PET0182,2026-03-10,P10,5.0,13.0,65.0,Delivered,,Web
BB002400,C0150,PET0182,2026-03-22,P10,4.0,13.0,52.0,Delivered,,Web
BB002401,C0151,PET0183,2025-08-09,P03,5.0,13.5,67.5,Delivered,,Web
BB002402,C0151,PET0183,2025-08-22,P03,6.0,13.5,81.0,Delivered,5,Web
BB002403,C0151,PET0183,2025-09-02,P03,4.0,13.5,54.0,Delivered,4,Web
BB002404,C0151,PET0183,2025-09-14,P03,7.0,13.5,94.5,Delivered,,Web
BB002405,C0151,PET0183,2025-09-21,P03,5.0,13.5,67.5,Delivered,,Web
BB002406,C0151,PET0183,2025-10-03,P06,4.0,14.5,58.0,Delivered,5,Web
BB002407,C0151,PET0183,2025-10-15,P03,6.0,13.5,81.0,Delivered,,Web
BB002408,C0151,PET0183,2025-10-26,P03,7.0,13.5,94.5,Delivered,5,Web
BB002409,C0151,PET0183,2025-11-04,P07,2.0,13.5,27.0,Delivered,5,Web
BB002410,C0151,PET0183,2025-11-14,P03,5.0,13.5,67.5,Delivered,,Web
BB002411,C0151,PET0183,2025-11-24,P03,7.0,13.5,94.5,Delivered,,Web
BB002412,C0151,PET0183,2025-12-07,P02,5.0,13.0,65.0,Delivered,4,Web
BB002413,C0151,PET0183,2025-12-17,P06,3.0,14.5,43.5,Delivered,5,Web
BB002414,C0151,PET0183,2025-12-26,P03,4.0,13.5,54.0,Delivered,,Web
BB002415,C0151,PET0183,2026-01-06,P03,5.0,13.5,67.5,Delivered,,Web
BB002416,C0151,PET0183,2026-01-15,P03,5.0,13.5,67.5,Delivered,,Web
BB002417,C0151,PET0183,2026-01-27,P03,5.0,13.5,67.5,Delivered,,Web
BB002418,C0151,PET0183,2026-02-03,P03,4.0,13.5,54.0,Delivered,,Pickup
BB002419,C0151,PET0183,2026-02-14,P03,4.0,13.5,54.0,Delivered,5,Re-order Email
BB002420,C0151,PET0183,2026-02-26,P03,6.0,13.5,81.0,Delivered,,Web
BB002421,C0151,PET0183,2026-03-08,P03,5.0,13.5,67.5,Delivered,,Web
BB002422,C0151,PET0183,2026-03-19,P03,4.0,13.5,54.0,Delivered,5,Web
BB002423,C0151,PET0183,2026-03-26,P03,4.0,13.5,54.0,Delivered,,Web
BB002424,C0151,PET0183,2026-04-03,P03,4.0,13.5,54.0,Delivered,3,Web
BB002425,C0151,PET0183,2026-04-15,P03,3.0,13.5,40.5,Delivered,,Re-order Email
BB002426,C0151,PET0183,2026-04-22,P03,6.0,13.5,81.0,Delivered,5,Web
BB002427,C0152,PET0184,2025-03-08,P02,5.0,13.0,65.0,Delivered,,Web
BB002428,C0152,PET0184,2025-03-19,P09,5.0,12.5,62.5,Delivered,5,Web
BB002429,C0152,PET0184,2025-04-01,P09,3.0,12.5,37.5,Delivered,,Web
BB002430,C0152,PET0184,2025-04-15,P09,5.0,12.5,62.5,Delivered,5,Web
BB002431,C0152,PET0184,2025-04-28,P02,5.0,13.0,65.0,Delivered,,Web
BB002432,C0152,PET0184,2025-05-12,P09,2.0,12.5,25.0,Delivered,,Web
BB002433,C0152,PET0184,2025-05-23,P09,4.0,12.5,50.0,Delivered,,Web
BB002434,C0152,PET0184,2025-06-01,P09,7.0,12.5,87.5,Delivered,,Web
BB002435,C0152,PET0184,2025-06-10,P09,5.0,12.5,62.5,Delivered,,Pickup
BB002436,C0152,PET0184,2025-06-21,P09,6.0,12.5,75.0,Delivered,5,Web
BB002437,C0152,PET0184,2025-07-04,P09,6.0,12.5,75.0,Delivered,,Re-order Email
BB002438,C0152,PET0184,2025-07-15,P09,5.0,12.5,62.5,Delivered,,Web
BB002439,C0152,PET0184,2025-07-25,P09,2.0,12.5,25.0,Delivered,,Pickup
BB002440,C0152,PET0184,2025-08-01,P09,3.0,12.5,37.5,Delivered,5,Re-order Email
BB002441,C0152,PET0184,2025-08-11,P09,4.0,12.5,50.0,Delivered,,Re-order Email
BB002442,C0152,PET0184,2025-08-23,P09,7.0,12.5,87.5,Delivered,5,Web
BB002443,C0152,PET0184,2025-09-01,P09,5.0,12.5,62.5,Delivered,4,Re-order Email
BB002444,C0152,PET0184,2025-09-15,P09,7.0,12.5,87.5,Delivered,,Web
BB002445,C0152,PET0184,2025-09-28,P02,6.0,13.0,78.0,Delivered,,Web
BB002446,C0152,PET0184,2025-10-07,P10,6.0,13.0,78.0,Delivered,,Pickup
BB002447,C0152,PET0184,2025-10-14,P09,6.0,12.5,75.0,Delivered,4,Web
BB002448,C0152,PET0184,2025-10-24,P09,5.0,12.5,62.5,Delivered,4,Web
BB002449,C0152,PET0184,2025-11-01,P09,5.0,12.5,62.5,Delivered,,Pickup
BB002450,C0152,PET0184,2025-11-12,P09,4.0,12.5,50.0,Delivered,,Web
BB002451,C0152,PET0184,2025-11-20,P09,5.0,12.5,62.5,Delivered,,Pickup
BB002452,C0152,PET0184,2025-12-04,P09,6.0,12.5,75.0,Delivered,,Web
BB002453,C0152,PET0184,2025-12-12,P09,6.0,12.5,75.0,Delivered,3,Web
BB002454,C0152,PET0184,2025-12-24,P09,4.0,12.5,50.0,Delivered,4,Re-order Email
BB002455,C0152,PET0184,2026-01-03,P09,5.0,12.5,62.5,Delivered,,Re-order Email
BB002456,C0152,PET0184,2026-01-11,P09,4.0,12.5,50.0,Delivered,,Re-order Email
BB002457,C0152,PET0184,2026-01-23,P09,4.0,12.5,50.0,Delivered,,Web
BB002458,C0152,PET0184,2026-01-31,P11,5.0,12.0,60.0,Delivered,5,Web
BB002459,C0152,PET0184,2026-02-12,P01,6.0,14.5,87.0,Delivered,,Web
BB002460,C0152,PET0184,2026-02-20,P09,5.0,12.5,62.5,Delivered,,Web
BB002461,C0152,PET0184,2026-03-06,P01,5.0,14.5,72.5,Delivered,,Re-order Email
BB002462,C0152,PET0184,2026-03-16,P09,4.0,12.5,50.0,Delivered,,Re-order Email
BB002463,C0152,PET0184,2026-03-23,P09,4.0,12.5,50.0,Delivered,,Re-order Email
BB002464,C0152,PET0184,2026-04-01,P09,4.0,12.5,50.0,Delivered,,Web
BB002465,C0152,PET0184,2026-04-10,P09,4.0,12.5,50.0,Delivered,,Web
BB002466,C0152,PET0184,2026-04-23,P09,5.0,12.5,62.5,Delivered,4,Web
BB002467,C0152,PET0185,2025-03-07,P11,7.0,12.0,84.0,Delivered,,Re-order Email
BB002468,C0152,PET0185,2025-03-17,P11,4.0,12.0,48.0,Delivered,,Web
BB002469,C0152,PET0185,2025-03-28,P11,7.0,12.0,84.0,Delivered,,Web
BB002470,C0152,PET0185,2025-04-07,P11,2.0,12.0,24.0,Delivered,,Pickup
BB002471,C0152,PET0185,2025-04-20,P11,3.0,12.0,36.0,Delivered,,Web
BB002472,C0152,PET0185,2025-04-27,P02,7.0,13.0,91.0,Delivered,,Pickup
BB002473,C0152,PET0185,2025-05-05,P11,3.0,12.0,36.0,Delivered,,Web
BB002474,C0152,PET0185,2025-05-13,P11,4.0,12.0,48.0,Delivered,5,Pickup
BB002475,C0152,PET0185,2025-05-24,P11,4.0,12.0,48.0,Delivered,,Web
BB002476,C0152,PET0185,2025-06-04,P02,5.0,13.0,65.0,Delivered,4,Re-order Email
BB002477,C0152,PET0185,2025-06-16,P11,4.0,12.0,48.0,Delivered,,Web
BB002478,C0152,PET0185,2025-06-24,P11,6.0,12.0,72.0,Delivered,5,Web
BB002479,C0152,PET0185,2025-07-04,P11,6.0,12.0,72.0,Delivered,,Pickup
BB002480,C0152,PET0185,2025-07-14,P07,7.0,13.5,94.5,Delivered,3,Web
BB002481,C0152,PET0185,2025-07-23,P11,5.0,12.0,60.0,Delivered,5,Web
BB002482,C0152,PET0185,2025-07-30,P12,6.0,12.5,75.0,Delivered,5,Web
BB002483,C0152,PET0185,2025-08-12,P11,3.0,12.0,36.0,Delivered,,Web
BB002484,C0152,PET0185,2025-08-24,P11,7.0,12.0,84.0,Delivered,5,Web
BB002485,C0152,PET0185,2025-09-02,P03,5.0,13.5,67.5,Delivered,,Re-order Email
BB002486,C0152,PET0185,2025-09-14,P02,4.0,13.0,52.0,Delivered,,Pickup
BB002487,C0152,PET0185,2025-09-24,P11,7.0,12.0,84.0,Delivered,,Web
BB002488,C0152,PET0185,2025-10-01,P11,5.0,12.0,60.0,Delivered,,Web
BB002489,C0152,PET0185,2025-10-10,P11,5.0,12.0,60.0,Delivered,,Web
BB002490,C0152,PET0185,2025-10-19,P11,4.0,12.0,48.0,Delivered,5,Web
BB002491,C0152,PET0185,2025-10-27,P09,5.0,12.5,62.5,Delivered,,Web
BB002492,C0152,PET0185,2025-11-03,P07,2.0,13.5,27.0,Delivered,,Re-order Email
BB002493,C0152,PET0185,2025-11-11,P06,5.0,14.5,72.5,Delivered,,Web
BB002494,C0152,PET0185,2025-11-23,P11,5.0,12.0,60.0,Delivered,5,Web
BB002495,C0152,PET0185,2025-12-06,P11,4.0,12.0,48.0,Delivered,,Web
BB002496,C0152,PET0185,2025-12-14,P06,7.0,14.5,101.5,Delivered,,Pickup
BB002497,C0152,PET0185,2025-12-22,P07,5.0,13.5,67.5,Delivered,,Pickup
BB002498,C0152,PET0185,2025-12-30,P11,3.0,12.0,36.0,Delivered,,Re-order Email
BB002499,C0152,PET0185,2026-01-10,P11,5.0,12.0,60.0,Delivered,,Web
BB002500,C0152,PET0185,2026-01-20,P11,7.0,12.0,84.0,Delivered,,Web
BB002501,C0152,PET0185,2026-02-01,P10,4.0,13.0,52.0,Delivered,,Web
BB002502,C0152,PET0185,2026-02-09,P03,3.0,13.5,40.5,Delivered,5,Web
BB002503,C0152,PET0185,2026-02-20,P11,4.0,12.0,48.0,Delivered,,Web
BB002504,C0152,PET0185,2026-02-27,P03,6.0,13.5,81.0,Delivered,,Re-order Email
BB002505,C0152,PET0185,2026-03-12,P11,5.0,12.0,60.0,Delivered,,Web
BB002506,C0152,PET0185,2026-03-22,P11,4.0,12.0,48.0,Delivered,5,Re-order Email
BB002507,C0152,PET0185,2026-04-03,P11,4.0,12.0,48.0,Delivered,5,Web
BB002508,C0152,PET0185,2026-04-11,P03,6.0,13.5,81.0,Delivered,,Web
BB002509,C0152,PET0185,2026-04-18,P11,4.0,12.0,48.0,Delivered,,Re-order Email
BB002510,C0152,PET0185,2026-04-26,P11,4.0,12.0,48.0,Delivered,,Web
BB002511,C0154,PET0187,2026-04-12,P01,4.0,14.5,58.0,Delivered,4,Web
BB002512,C0154,PET0187,2026-04-19,P08,4.0,15.5,62.0,Delivered,,Web
BB002513,C0155,PET0188,2026-04-29,P05,6.0,15.0,90.0,Delivered,,Re-order Email
BB002514,C0156,PET0189,2026-02-10,P10,6.0,13.0,78.0,Delivered,,Web
BB002515,C0156,PET0189,2026-02-20,P11,5.0,12.0,60.0,Delivered,,Web
BB002516,C0156,PET0189,2026-03-04,P10,7.0,13.0,91.0,Delivered,,Web
BB002517,C0156,PET0189,2026-03-17,P10,5.0,13.0,65.0,Delivered,5,Web
BB002518,C0156,PET0189,2026-03-29,P10,4.0,13.0,52.0,Delivered,5,Web
BB002519,C0156,PET0189,2026-04-05,P10,5.0,13.0,65.0,Delivered,,Web
BB002520,C0156,PET0189,2026-04-16,P10,5.0,13.0,65.0,Delivered,,Web
BB002521,C0156,PET0189,2026-04-25,P07,3.0,13.5,40.5,Delivered,,Pickup
BB002522,C0157,PET0190,2026-03-22,P12,5.0,12.5,62.5,Delivered,,Web
BB002523,C0157,PET0190,2026-04-01,P12,3.0,12.5,37.5,Delivered,4,Web
BB002524,C0157,PET0190,2026-04-09,P12,6.0,12.5,75.0,Delivered,5,Pickup
BB002525,C0157,PET0190,2026-04-19,P12,3.0,12.5,37.5,Delivered,,Web
BB002526,C0157,PET0191,2026-03-23,P11,4.0,12.0,48.0,Delivered,4,Web
BB002527,C0157,PET0191,2026-04-01,P03,5.0,13.5,67.5,Delivered,5,Web
BB002528,C0157,PET0191,2026-04-13,P03,5.0,13.5,67.5,Delivered,,Pickup
BB002529,C0157,PET0191,2026-04-22,P03,6.0,13.5,81.0,Delivered,5,Web
BB002530,C0157,PET0191,2026-04-29,P03,2.0,13.5,27.0,Delivered,5,Web
BB002531,C0158,PET0192,2024-11-12,P11,6.0,12.0,72.0,Delivered,5,Web
BB002532,C0158,PET0192,2024-11-19,P11,5.0,12.0,60.0,Delivered,,Web
BB002533,C0158,PET0192,2024-11-29,P11,7.0,12.0,84.0,Delivered,5,Web
BB002534,C0158,PET0192,2024-12-07,P09,4.0,12.5,50.0,Delivered,5,Web
BB002535,C0158,PET0192,2024-12-19,P11,3.0,12.0,36.0,Delivered,4,Re-order Email
BB002536,C0158,PET0192,2024-12-31,P12,5.0,12.5,62.5,Delivered,,Web
BB002537,C0158,PET0192,2025-01-12,P11,4.0,12.0,48.0,Delivered,,Web
BB002538,C0158,PET0192,2025-01-25,P11,5.0,12.0,60.0,Delivered,,Pickup
BB002539,C0158,PET0192,2025-02-03,P12,7.0,12.5,87.5,Delivered,,Web
BB002540,C0158,PET0192,2025-02-14,P11,5.0,12.0,60.0,Delivered,,Web
BB002541,C0158,PET0192,2025-02-24,P11,7.0,12.0,84.0,Delivered,,Web
BB002542,C0158,PET0192,2025-03-03,P11,6.0,12.0,72.0,Delivered,,Web
BB002543,C0158,PET0192,2025-03-16,P11,6.0,12.0,72.0,Delivered,5,Pickup
BB002544,C0158,PET0192,2025-03-29,P11,4.0,12.0,48.0,Delivered,4,Web
BB002545,C0158,PET0192,2025-04-05,P11,4.0,12.0,48.0,Delivered,5,Web
BB002546,C0158,PET0192,2025-04-16,P11,6.0,12.0,72.0,Delivered,,Web
BB002547,C0158,PET0192,2025-04-27,P11,6.0,12.0,72.0,Delivered,5,Pickup
BB002548,C0158,PET0192,2025-05-08,P11,5.0,12.0,60.0,Delivered,,Web
BB002549,C0158,PET0192,2025-05-17,P11,5.0,12.0,60.0,Delivered,,Web
BB002550,C0158,PET0192,2025-05-24,P11,3.0,12.0,36.0,Delivered,,Pickup
BB002551,C0158,PET0192,2025-05-31,P11,6.0,12.0,72.0,Delivered,5,Web
BB002552,C0158,PET0192,2025-06-07,P08,6.0,15.5,93.0,Delivered,,Web
BB002553,C0158,PET0192,2025-06-15,P11,5.0,12.0,60.0,Delivered,,Web
BB002554,C0158,PET0192,2025-06-25,P10,4.0,13.0,52.0,Delivered,,Web
BB002555,C0158,PET0192,2025-07-06,P11,3.0,12.0,36.0,Delivered,3,Pickup
BB002556,C0158,PET0192,2025-07-15,P11,6.0,12.0,72.0,Delivered,,Pickup
BB002557,C0158,PET0192,2025-07-23,P11,3.0,12.0,36.0,Delivered,,Web
BB002558,C0158,PET0192,2025-08-04,P11,6.0,12.0,72.0,Delivered,,Web
BB002559,C0158,PET0192,2025-08-17,P12,5.0,12.5,62.5,Delivered,5,Pickup
BB002560,C0158,PET0192,2025-08-25,P11,7.0,12.0,84.0,Delivered,5,Pickup
BB002561,C0158,PET0192,2025-09-05,P12,4.0,12.5,50.0,Delivered,,Web
BB002562,C0158,PET0192,2025-09-15,P11,6.0,12.0,72.0,Delivered,5,Web
BB002563,C0158,PET0192,2025-09-28,P11,6.0,12.0,72.0,Delivered,5,Web
BB002564,C0158,PET0192,2025-10-06,P11,5.0,12.0,60.0,Delivered,4,Pickup
BB002565,C0158,PET0192,2025-10-16,P11,3.0,12.0,36.0,Delivered,,Web
BB002566,C0158,PET0192,2025-10-30,P10,5.0,13.0,65.0,Delivered,4,Web
BB002567,C0158,PET0192,2025-11-12,P11,3.0,12.0,36.0,Delivered,,Web
BB002568,C0158,PET0192,2025-11-21,P11,5.0,12.0,60.0,Delivered,,Web
BB002569,C0158,PET0192,2025-12-04,P11,7.0,12.0,84.0,Delivered,,Web
BB002570,C0158,PET0192,2025-12-12,P11,3.0,12.0,36.0,Delivered,5,Web
BB002571,C0158,PET0192,2025-12-20,P11,6.0,12.0,72.0,Delivered,,Re-order Email
BB002572,C0158,PET0192,2025-12-29,P11,6.0,12.0,72.0,Delivered,,Re-order Email
BB002573,C0158,PET0192,2026-01-11,P11,4.0,12.0,48.0,Delivered,,Web
BB002574,C0158,PET0192,2026-01-19,P11,4.0,12.0,48.0,Delivered,4,Web
BB002575,C0158,PET0192,2026-01-27,P11,4.0,12.0,48.0,Delivered,,Pickup
BB002576,C0158,PET0192,2026-02-08,P11,7.0,12.0,84.0,Delivered,5,Web
BB002577,C0158,PET0192,2026-02-22,P06,4.0,14.5,58.0,Delivered,,Web
BB002578,C0158,PET0192,2026-03-02,P11,4.0,12.0,48.0,Delivered,,Web
BB002579,C0158,PET0192,2026-03-14,P07,5.0,13.5,67.5,Delivered,,Web
BB002580,C0158,PET0192,2026-03-28,P11,3.0,12.0,36.0,Delivered,,Web
BB002581,C0158,PET0192,2026-04-06,P11,5.0,12.0,60.0,Delivered,,Web
BB002582,C0158,PET0192,2026-04-14,P11,2.0,12.0,24.0,Delivered,,Web
BB002583,C0159,PET0193,2025-12-24,P10,6.0,13.0,78.0,Delivered,5,Re-order Email
BB002584,C0159,PET0193,2026-01-04,P09,6.0,12.5,75.0,Delivered,,Web
BB002585,C0159,PET0193,2026-01-12,P09,4.0,12.5,50.0,Delivered,,Web
BB002586,C0159,PET0193,2026-01-23,P04,4.0,14.0,56.0,Delivered,,Pickup
BB002587,C0159,PET0193,2026-01-31,P09,4.0,12.5,50.0,Delivered,5,Re-order Email
BB002588,C0159,PET0193,2026-02-11,P09,4.0,12.5,50.0,Delivered,5,Re-order Email
BB002589,C0159,PET0193,2026-02-18,P09,6.0,12.5,75.0,Delivered,,Web
BB002590,C0159,PET0193,2026-03-03,P02,3.0,13.0,39.0,Delivered,,Web
BB002591,C0159,PET0193,2026-04-19,P09,5.0,12.5,62.5,Delivered,5,Web
BB002592,C0160,PET0194,2026-05-03,P07,4.0,13.5,54.0,Scheduled,,Web
BB002593,C0160,PET0195,2025-12-11,P08,5.0,15.5,77.5,Delivered,,Web
BB002594,C0160,PET0195,2025-12-22,P08,5.0,15.5,77.5,Delivered,,Web
BB002595,C0160,PET0195,2026-01-03,P09,5.0,12.5,62.5,Delivered,,Web
BB002596,C0160,PET0195,2026-01-12,P08,5.0,15.5,77.5,Delivered,,Web
BB002597,C0160,PET0195,2026-01-24,P08,2.0,15.5,31.0,Delivered,5,Web
BB002598,C0160,PET0195,2026-02-05,P08,5.0,15.5,77.5,Delivered,,Pickup
BB002599,C0160,PET0195,2026-02-14,P07,5.0,13.5,67.5,Delivered,,Web
BB002600,C0160,PET0195,2026-02-21,P08,6.0,15.5,93.0,Delivered,5,Web
BB002601,C0160,PET0195,2026-02-28,P08,4.0,15.5,62.0,Delivered,,Web
BB002602,C0160,PET0195,2026-03-07,P08,6.0,15.5,93.0,Delivered,,Web
BB002603,C0160,PET0195,2026-03-15,P08,5.0,15.5,77.5,Delivered,,Web
BB002604,C0160,PET0195,2026-03-28,P08,5.0,15.5,77.5,Delivered,,Web
BB002605,C0160,PET0195,2026-04-10,P08,5.0,15.5,77.5,Delivered,,Web
BB002606,C0160,PET0195,2026-04-18,P08,5.0,15.5,77.5,Delivered,5,Web
BB002607,C0161,PET0196,2025-11-07,P03,5.0,13.5,67.5,Delivered,5,Pickup
BB002608,C0161,PET0196,2025-11-20,P03,6.0,13.5,81.0,Delivered,,Pickup
BB002609,C0161,PET0196,2025-12-04,P03,6.0,13.5,81.0,Delivered,5,Web
BB002610,C0161,PET0196,2025-12-18,P07,6.0,13.5,81.0,Delivered,3,Web
BB002611,C0161,PET0196,2025-12-27,P03,5.0,13.5,67.5,Delivered,,Re-order Email
BB002612,C0161,PET0196,2026-01-07,P01,5.0,14.5,72.5,Delivered,5,Web
BB002613,C0161,PET0196,2026-01-17,P03,5.0,13.5,67.5,Delivered,,Re-order Email
BB002614,C0161,PET0196,2026-01-24,P03,4.0,13.5,54.0,Delivered,,Pickup
BB002615,C0161,PET0196,2026-02-07,P03,6.0,13.5,81.0,Delivered,,Web
BB002616,C0161,PET0196,2026-02-21,P03,6.0,13.5,81.0,Delivered,,Web
BB002617,C0161,PET0196,2026-03-05,P01,6.0,14.5,87.0,Delivered,,Web
BB002618,C0161,PET0196,2026-03-15,P11,3.0,12.0,36.0,Delivered,,Web
BB002619,C0161,PET0196,2026-03-25,P03,5.0,13.5,67.5,Delivered,,Web
BB002620,C0161,PET0196,2026-04-04,P03,3.0,13.5,40.5,Delivered,4,Re-order Email
BB002621,C0161,PET0196,2026-04-17,P03,7.0,13.5,94.5,Delivered,5,Web
BB002622,C0162,PET0197,2026-05-02,P05,5.0,15.0,75.0,Scheduled,5,Web
BB002623,C0164,PET0199,2025-04-03,P10,7.0,13.0,91.0,Delivered,4,Web
BB002624,C0164,PET0199,2025-04-10,P10,3.0,13.0,39.0,Delivered,,Web
BB002625,C0164,PET0199,2025-04-24,P11,2.0,12.0,24.0,Delivered,,Re-order Email
BB002626,C0164,PET0199,2025-05-01,P10,4.0,13.0,52.0,Delivered,,Web
BB002627,C0164,PET0199,2025-05-10,P10,4.0,13.0,52.0,Delivered,,Web
BB002628,C0164,PET0199,2025-05-23,P10,7.0,13.0,91.0,Delivered,,Web
BB002629,C0164,PET0199,2025-05-30,P01,5.0,14.5,72.5,Delivered,5,Pickup
BB002630,C0164,PET0199,2025-06-10,P10,7.0,13.0,91.0,Delivered,4,Web
BB002631,C0164,PET0199,2025-06-17,P10,4.0,13.0,52.0,Delivered,,Web
BB002632,C0164,PET0199,2025-06-27,P10,7.0,13.0,91.0,Delivered,,Re-order Email
BB002633,C0164,PET0199,2025-07-10,P10,3.0,13.0,39.0,Delivered,,Pickup
BB002634,C0164,PET0199,2025-07-22,P10,3.0,13.0,39.0,Delivered,,Web
BB002635,C0164,PET0199,2025-08-03,P10,4.0,13.0,52.0,Delivered,,Web
BB002636,C0164,PET0199,2025-08-16,P10,6.0,13.0,78.0,Delivered,5,Web
BB002637,C0164,PET0199,2025-08-26,P10,5.0,13.0,65.0,Delivered,,Web
BB002638,C0164,PET0199,2025-09-07,P10,5.0,13.0,65.0,Delivered,4,Web
BB002639,C0164,PET0199,2025-09-14,P10,5.0,13.0,65.0,Delivered,,Pickup
BB002640,C0164,PET0199,2025-09-27,P10,5.0,13.0,65.0,Delivered,5,Re-order Email
BB002641,C0164,PET0199,2025-10-05,P10,5.0,13.0,65.0,Delivered,,Web
BB002642,C0164,PET0199,2025-10-13,P10,3.0,13.0,39.0,Delivered,,Web
BB002643,C0164,PET0199,2025-10-25,P10,4.0,13.0,52.0,Delivered,,Web
BB002644,C0164,PET0199,2025-11-07,P10,5.0,13.0,65.0,Delivered,5,Web
BB002645,C0164,PET0199,2025-11-16,P10,3.0,13.0,39.0,Delivered,5,Web
BB002646,C0164,PET0199,2025-11-26,P10,4.0,13.0,52.0,Delivered,,Web
BB002647,C0164,PET0199,2025-12-09,P07,6.0,13.5,81.0,Delivered,,Pickup
BB002648,C0164,PET0199,2025-12-23,P10,7.0,13.0,91.0,Delivered,,Web
BB002649,C0164,PET0199,2026-01-05,P01,5.0,14.5,72.5,Delivered,,Re-order Email
BB002650,C0164,PET0199,2026-01-13,P09,6.0,12.5,75.0,Delivered,4,Web
BB002651,C0164,PET0199,2026-01-22,P10,4.0,13.0,52.0,Delivered,,Web
BB002652,C0164,PET0199,2026-02-02,P07,6.0,13.5,81.0,Delivered,,Web
BB002653,C0164,PET0199,2026-02-14,P10,3.0,13.0,39.0,Delivered,,Pickup
BB002654,C0164,PET0199,2026-02-21,P10,6.0,13.0,78.0,Delivered,4,Pickup
BB002655,C0164,PET0199,2026-03-05,P10,5.0,13.0,65.0,Delivered,,Web
BB002656,C0164,PET0199,2026-03-13,P10,5.0,13.0,65.0,Delivered,,Web
BB002657,C0164,PET0199,2026-03-27,P12,3.0,12.5,37.5,Delivered,,Web
BB002658,C0164,PET0199,2026-04-09,P10,4.0,13.0,52.0,Delivered,5,Web
BB002659,C0164,PET0199,2026-04-16,P06,3.0,14.5,43.5,Delivered,,Re-order Email
BB002660,C0165,PET0200,2026-03-08,P10,3.0,13.0,39.0,Delivered,,Web
BB002661,C0165,PET0200,2026-03-17,P01,4.0,14.5,58.0,Delivered,,Web
BB002662,C0165,PET0200,2026-03-24,P01,5.0,14.5,72.5,Delivered,5,Web
BB002663,C0165,PET0200,2026-04-05,P01,5.0,14.5,72.5,Delivered,,Web
BB002664,C0165,PET0200,2026-04-13,P07,5.0,13.5,67.5,Delivered,,Web
BB002665,C0165,PET0200,2026-04-22,P04,4.0,14.0,56.0,Delivered,,Web
BB002666,C0166,PET0202,2026-02-17,P12,6.0,12.5,75.0,Delivered,5,Web
BB002667,C0166,PET0202,2026-03-02,P10,5.0,13.0,65.0,Delivered,5,Web
BB002668,C0166,PET0202,2026-03-11,P12,5.0,12.5,62.5,Delivered,5,Web
BB002669,C0166,PET0202,2026-03-24,P10,4.0,13.0,52.0,Delivered,5,Re-order Email
BB002670,C0166,PET0202,2026-03-31,P07,5.0,13.5,67.5,Delivered,5,Pickup
BB002671,C0166,PET0202,2026-04-09,P04,2.0,14.0,28.0,Delivered,5,Web
BB002672,C0166,PET0202,2026-04-22,P10,5.0,13.0,65.0,Delivered,,Web
BB002673,C0167,PET0203,2024-11-12,P09,4.0,12.5,50.0,Delivered,5,Web
BB002674,C0167,PET0203,2024-11-22,P06,5.0,14.5,72.5,Delivered,,Web
BB002675,C0167,PET0203,2024-12-01,P07,5.0,13.5,67.5,Delivered,5,Pickup
BB002676,C0167,PET0203,2024-12-12,P09,4.0,12.5,50.0,Delivered,5,Web
BB002677,C0167,PET0203,2024-12-19,P02,5.0,13.0,65.0,Delivered,,Pickup
BB002678,C0167,PET0203,2024-12-30,P09,4.0,12.5,50.0,Delivered,5,Re-order Email
BB002679,C0167,PET0203,2025-01-09,P09,6.0,12.5,75.0,Delivered,,Re-order Email
BB002680,C0167,PET0203,2025-01-17,P06,4.0,14.5,58.0,Delivered,,Re-order Email
BB002681,C0167,PET0203,2025-01-27,P09,6.0,12.5,75.0,Delivered,4,Web
BB002682,C0167,PET0203,2025-02-07,P09,7.0,12.5,87.5,Delivered,5,Web
BB002683,C0167,PET0203,2025-02-16,P09,4.0,12.5,50.0,Delivered,,Pickup
BB002684,C0167,PET0203,2025-02-28,P09,7.0,12.5,87.5,Delivered,,Web
BB002685,C0167,PET0203,2025-03-12,P09,4.0,12.5,50.0,Delivered,4,Web
BB002686,C0167,PET0203,2025-03-22,P09,6.0,12.5,75.0,Delivered,,Web
BB002687,C0167,PET0203,2025-04-04,P11,6.0,12.0,72.0,Delivered,5,Web
BB002688,C0167,PET0203,2025-04-12,P09,5.0,12.5,62.5,Delivered,,Web
BB002689,C0167,PET0203,2025-04-23,P09,7.0,12.5,87.5,Delivered,,Pickup
BB002690,C0167,PET0203,2025-05-03,P12,6.0,12.5,75.0,Delivered,5,Pickup
BB002691,C0167,PET0203,2025-05-14,P09,5.0,12.5,62.5,Delivered,,Web
BB002692,C0167,PET0203,2025-05-25,P09,2.0,12.5,25.0,Delivered,,Web
BB002693,C0167,PET0203,2025-06-01,P09,3.0,12.5,37.5,Delivered,,Re-order Email
BB002694,C0167,PET0203,2025-06-13,P09,3.0,12.5,37.5,Delivered,,Pickup
BB002695,C0167,PET0203,2025-06-26,P07,6.0,13.5,81.0,Delivered,4,Web
BB002696,C0167,PET0203,2025-07-08,P07,5.0,13.5,67.5,Delivered,,Re-order Email
BB002697,C0167,PET0203,2025-07-17,P11,4.0,12.0,48.0,Delivered,5,Re-order Email
BB002698,C0167,PET0203,2025-07-30,P09,6.0,12.5,75.0,Delivered,4,Web
BB002699,C0167,PET0203,2025-08-06,P07,5.0,13.5,67.5,Delivered,,Web
BB002700,C0167,PET0203,2025-08-18,P09,7.0,12.5,87.5,Delivered,5,Pickup
BB002701,C0167,PET0203,2025-08-29,P09,7.0,12.5,87.5,Delivered,,Web
BB002702,C0167,PET0203,2025-09-06,P09,4.0,12.5,50.0,Delivered,,Web
BB002703,C0167,PET0203,2025-09-14,P06,6.0,14.5,87.0,Delivered,4,Web
BB002704,C0167,PET0203,2025-09-21,P09,6.0,12.5,75.0,Delivered,,Web
BB002705,C0167,PET0203,2025-09-29,P09,4.0,12.5,50.0,Delivered,,Web
BB002706,C0167,PET0203,2025-10-10,P09,4.0,12.5,50.0,Delivered,,Web
BB002707,C0167,PET0203,2025-10-23,P02,5.0,13.0,65.0,Delivered,,Web
BB002708,C0167,PET0203,2025-11-02,P09,5.0,12.5,62.5,Delivered,5,Web
BB002709,C0167,PET0203,2025-11-13,P09,3.0,12.5,37.5,Delivered,,Web
BB002710,C0167,PET0203,2025-11-25,P09,4.0,12.5,50.0,Delivered,,Pickup
BB002711,C0167,PET0203,2025-12-05,P09,6.0,12.5,75.0,Delivered,,Web
BB002712,C0167,PET0203,2025-12-13,P09,6.0,12.5,75.0,Delivered,,Web
BB002713,C0167,PET0203,2025-12-26,P09,3.0,12.5,37.5,Delivered,,Web
BB002714,C0167,PET0203,2026-01-04,P09,3.0,12.5,37.5,Delivered,5,Web
BB002715,C0167,PET0203,2026-01-13,P09,3.0,12.5,37.5,Delivered,,Web
BB002716,C0168,PET0204,2025-12-21,P03,6.0,13.5,81.0,Delivered,5,Web
BB002717,C0168,PET0204,2026-01-02,P03,4.0,13.5,54.0,Delivered,5,Re-order Email
BB002718,C0168,PET0204,2026-01-09,P03,3.0,13.5,40.5,Delivered,,Web
BB002719,C0168,PET0204,2026-01-18,P03,5.0,13.5,67.5,Delivered,,Web
BB002720,C0168,PET0204,2026-01-25,P06,5.0,14.5,72.5,Delivered,,Pickup
BB002721,C0168,PET0204,2026-02-04,P02,5.0,13.0,65.0,Delivered,5,Pickup
BB002722,C0168,PET0204,2026-02-11,P12,4.0,12.5,50.0,Delivered,,Re-order Email
BB002723,C0168,PET0204,2026-02-22,P09,2.0,12.5,25.0,Delivered,,Web
BB002724,C0168,PET0204,2026-03-06,P03,7.0,13.5,94.5,Delivered,,Web
BB002725,C0168,PET0204,2026-03-15,P11,3.0,12.0,36.0,Delivered,,Pickup
BB002726,C0168,PET0204,2026-03-28,P09,5.0,12.5,62.5,Delivered,5,Web
BB002727,C0168,PET0204,2026-04-11,P03,4.0,13.5,54.0,Delivered,,Web
BB002728,C0168,PET0204,2026-04-23,P06,6.0,14.5,87.0,Delivered,,Pickup
BB002729,C0169,PET0205,2025-10-13,P12,6.0,12.5,75.0,Delivered,,Web
BB002730,C0169,PET0205,2025-10-26,P10,3.0,13.0,39.0,Delivered,,Re-order Email
BB002731,C0169,PET0205,2025-11-07,P12,5.0,12.5,62.5,Delivered,,Re-order Email
BB002732,C0169,PET0205,2025-11-15,P06,4.0,14.5,58.0,Delivered,,Pickup
BB002733,C0169,PET0205,2025-11-28,P12,6.0,12.5,75.0,Delivered,4,Web
BB002734,C0169,PET0205,2025-12-07,P08,5.0,15.5,77.5,Delivered,,Re-order Email
BB002735,C0169,PET0205,2025-12-14,P01,7.0,14.5,101.5,Delivered,,Pickup
BB002736,C0169,PET0205,2025-12-21,P12,2.0,12.5,25.0,Delivered,4,Web
BB002737,C0169,PET0205,2025-12-29,P12,7.0,12.5,87.5,Delivered,,Web
BB002738,C0169,PET0205,2026-01-07,P03,5.0,13.5,67.5,Delivered,5,Web
BB002739,C0169,PET0205,2026-01-18,P12,4.0,12.5,50.0,Delivered,,Pickup
BB002740,C0169,PET0205,2026-01-31,P12,7.0,12.5,87.5,Delivered,5,Re-order Email
BB002741,C0169,PET0205,2026-02-08,P01,4.0,14.5,58.0,Delivered,5,Web
BB002742,C0169,PET0205,2026-02-21,P12,6.0,12.5,75.0,Delivered,,Web
BB002743,C0169,PET0205,2026-03-04,P12,7.0,12.5,87.5,Delivered,,Pickup
BB002744,C0169,PET0205,2026-03-13,P12,3.0,12.5,37.5,Delivered,5,Web
BB002745,C0169,PET0205,2026-03-24,P12,6.0,12.5,75.0,Delivered,,Web
BB002746,C0169,PET0205,2026-04-03,P11,5.0,12.0,60.0,Delivered,4,Web
BB002747,C0169,PET0205,2026-04-12,P12,3.0,12.5,37.5,Delivered,4,Re-order Email
BB002748,C0169,PET0205,2026-04-24,P01,5.0,14.5,72.5,Delivered,,Web
BB002749,C0170,PET0206,2025-07-01,P01,6.0,14.5,87.0,Delivered,,Web
BB002750,C0170,PET0206,2025-07-13,P03,4.0,13.5,54.0,Delivered,,Pickup
BB002751,C0170,PET0206,2025-07-23,P03,5.0,13.5,67.5,Delivered,,Web
BB002752,C0170,PET0206,2025-08-02,P02,6.0,13.0,78.0,Delivered,,Web
BB002753,C0170,PET0206,2025-08-14,P02,5.0,13.0,65.0,Delivered,,Web
BB002754,C0170,PET0206,2025-08-23,P12,4.0,12.5,50.0,Delivered,5,Web
BB002755,C0170,PET0206,2025-08-30,P05,4.0,15.0,60.0,Delivered,4,Web
BB002756,C0170,PET0206,2025-09-07,P12,4.0,12.5,50.0,Delivered,,Pickup
BB002757,C0170,PET0206,2025-09-19,P02,7.0,13.0,91.0,Delivered,4,Pickup
BB002758,C0170,PET0206,2025-10-01,P02,7.0,13.0,91.0,Delivered,,Re-order Email
BB002759,C0170,PET0206,2025-10-15,P01,5.0,14.5,72.5,Delivered,,Web
BB002760,C0170,PET0206,2025-10-23,P02,4.0,13.0,52.0,Delivered,,Re-order Email
BB002761,C0170,PET0206,2025-11-01,P02,3.0,13.0,39.0,Delivered,,Pickup
BB002762,C0170,PET0206,2025-11-11,P01,5.0,14.5,72.5,Delivered,,Web
BB002763,C0170,PET0206,2025-11-22,P02,5.0,13.0,65.0,Delivered,5,Re-order Email
BB002764,C0170,PET0206,2025-11-29,P02,5.0,13.0,65.0,Delivered,,Web
BB002765,C0170,PET0206,2025-12-08,P01,2.0,14.5,29.0,Delivered,,Web
BB002766,C0170,PET0206,2025-12-15,P05,4.0,15.0,60.0,Delivered,5,Web
BB002767,C0170,PET0206,2025-12-22,P02,5.0,13.0,65.0,Delivered,4,Web
BB002768,C0170,PET0206,2026-01-01,P02,5.0,13.0,65.0,Delivered,,Web
BB002769,C0170,PET0206,2026-01-08,P02,5.0,13.0,65.0,Delivered,,Web
BB002770,C0170,PET0206,2026-01-16,P02,3.0,13.0,39.0,Delivered,5,Web
BB002771,C0170,PET0206,2026-01-26,P02,5.0,13.0,65.0,Delivered,,Web
BB002772,C0170,PET0206,2026-02-04,P02,4.0,13.0,52.0,Delivered,5,Web
BB002773,C0170,PET0206,2026-02-18,P02,6.0,13.0,78.0,Delivered,4,Web
BB002774,C0170,PET0206,2026-03-01,P02,4.0,13.0,52.0,Delivered,,Web
BB002775,C0170,PET0206,2026-03-12,P02,4.0,13.0,52.0,Delivered,,Pickup
BB002776,C0170,PET0206,2026-03-20,P03,7.0,13.5,94.5,Delivered,,Web
BB002777,C0170,PET0206,2026-03-30,P02,2.0,13.0,26.0,Delivered,4,Web
BB002778,C0170,PET0206,2026-04-11,P02,3.0,13.0,39.0,Delivered,,Web
BB002779,C0170,PET0206,2026-04-20,P05,5.0,15.0,75.0,Delivered,4,Pickup
BB002780,C0170,PET0206,2026-04-27,P02,5.0,13.0,65.0,Delivered,,Re-order Email
BB002781,C0171,PET0207,2026-05-03,P03,5.0,13.5,67.5,Scheduled,,Pickup
BB002782,C0172,PET0208,2025-05-08,P09,4.0,12.5,50.0,Delivered,4,Web
BB002783,C0172,PET0208,2025-05-15,P07,3.0,13.5,40.5,Delivered,,Web
BB002784,C0172,PET0208,2025-05-29,P09,5.0,12.5,62.5,Delivered,,Pickup
BB002785,C0172,PET0208,2025-06-11,P09,6.0,12.5,75.0,Delivered,4,Web
BB002786,C0172,PET0208,2025-06-23,P09,2.0,12.5,25.0,Delivered,5,Web
BB002787,C0172,PET0208,2025-07-01,P09,4.0,12.5,50.0,Delivered,,Web
BB002788,C0172,PET0208,2025-07-09,P09,6.0,12.5,75.0,Delivered,4,Web
BB002789,C0172,PET0208,2025-07-21,P09,7.0,12.5,87.5,Delivered,,Web
BB002790,C0172,PET0208,2025-08-03,P09,2.0,12.5,25.0,Delivered,5,Re-order Email
BB002791,C0172,PET0208,2025-08-13,P09,4.0,12.5,50.0,Delivered,,Web
BB002792,C0172,PET0208,2025-08-21,P09,4.0,12.5,50.0,Delivered,,Web
BB002793,C0172,PET0208,2025-08-31,P09,6.0,12.5,75.0,Delivered,,Web
BB002794,C0172,PET0208,2025-09-07,P09,6.0,12.5,75.0,Delivered,4,Web
BB002795,C0172,PET0208,2025-09-14,P09,7.0,12.5,87.5,Delivered,,Web
BB002796,C0172,PET0208,2025-09-22,P01,4.0,14.5,58.0,Delivered,4,Web
BB002797,C0172,PET0208,2025-10-06,P09,4.0,12.5,50.0,Delivered,4,Web
BB002798,C0172,PET0208,2025-10-17,P07,6.0,13.5,81.0,Delivered,,Re-order Email
BB002799,C0172,PET0208,2025-10-24,P09,3.0,12.5,37.5,Delivered,,Web
BB002800,C0172,PET0208,2025-11-04,P09,4.0,12.5,50.0,Delivered,5,Re-order Email
BB002801,C0172,PET0208,2025-11-11,P09,2.0,12.5,25.0,Delivered,,Web
BB002802,C0172,PET0208,2025-11-18,P09,4.0,12.5,50.0,Delivered,,Pickup
BB002803,C0172,PET0208,2025-11-25,P09,4.0,12.5,50.0,Delivered,4,Re-order Email
BB002804,C0172,PET0208,2025-12-02,P09,2.0,12.5,25.0,Delivered,,Web
BB002805,C0172,PET0208,2025-12-14,P02,6.0,13.0,78.0,Delivered,5,Web
BB002806,C0172,PET0208,2025-12-24,P09,5.0,12.5,62.5,Delivered,,Web
BB002807,C0172,PET0208,2025-12-31,P09,5.0,12.5,62.5,Delivered,5,Web
BB002808,C0172,PET0208,2026-01-11,P09,6.0,12.5,75.0,Delivered,4,Web
BB002809,C0172,PET0208,2026-01-20,P09,5.0,12.5,62.5,Delivered,,Web
BB002810,C0172,PET0208,2026-02-01,P03,3.0,13.5,40.5,Delivered,3,Web
BB002811,C0172,PET0208,2026-02-09,P09,3.0,12.5,37.5,Delivered,5,Web
BB002812,C0172,PET0208,2026-02-19,P01,5.0,14.5,72.5,Delivered,5,Web
BB002813,C0172,PET0208,2026-02-26,P09,7.0,12.5,87.5,Delivered,,Re-order Email
BB002814,C0172,PET0208,2026-03-10,P06,3.0,14.5,43.5,Delivered,4,Pickup
BB002815,C0172,PET0208,2026-03-23,P08,5.0,15.5,77.5,Delivered,4,Pickup
BB002816,C0172,PET0208,2026-04-04,P02,3.0,13.0,39.0,Delivered,5,Web
BB002817,C0172,PET0208,2026-04-18,P10,5.0,13.0,65.0,Delivered,,Web
BB002818,C0172,PET0208,2026-04-25,P09,4.0,12.5,50.0,Delivered,,Web
BB002819,C0172,PET0209,2025-05-11,P09,6.0,12.5,75.0,Delivered,5,Pickup
BB002820,C0172,PET0209,2025-05-23,P09,6.0,12.5,75.0,Delivered,4,Web
BB002821,C0172,PET0209,2025-06-04,P09,4.0,12.5,50.0,Delivered,,Web
BB002822,C0172,PET0209,2025-06-15,P03,7.0,13.5,94.5,Delivered,,Re-order Email
BB002823,C0172,PET0209,2025-06-22,P04,5.0,14.0,70.0,Delivered,,Web
BB002824,C0172,PET0209,2025-06-29,P09,3.0,12.5,37.5,Delivered,,Web
BB002825,C0172,PET0209,2025-07-06,P06,5.0,14.5,72.5,Delivered,,Web
BB002826,C0172,PET0209,2025-07-18,P09,4.0,12.5,50.0,Delivered,5,Web
BB002827,C0172,PET0209,2025-07-31,P09,3.0,12.5,37.5,Delivered,,Web
BB002828,C0172,PET0209,2025-08-07,P09,6.0,12.5,75.0,Delivered,,Web
BB002829,C0172,PET0209,2025-08-17,P09,4.0,12.5,50.0,Delivered,,Web
BB002830,C0172,PET0209,2025-09-30,P08,4.0,15.5,62.0,Delivered,5,Re-order Email
BB002831,C0172,PET0209,2025-10-11,P01,5.0,14.5,72.5,Delivered,5,Web
BB002832,C0172,PET0209,2025-10-22,P09,3.0,12.5,37.5,Delivered,,Web
BB002833,C0172,PET0209,2025-11-03,P02,3.0,13.0,39.0,Delivered,5,Web
BB002834,C0172,PET0209,2025-11-11,P04,7.0,14.0,98.0,Delivered,5,Web
BB002835,C0172,PET0209,2025-11-23,P09,6.0,12.5,75.0,Delivered,,Web
BB002836,C0172,PET0209,2025-12-03,P09,4.0,12.5,50.0,Delivered,5,Web
BB002837,C0172,PET0209,2025-12-13,P08,4.0,15.5,62.0,Delivered,5,Web
BB002838,C0172,PET0209,2025-12-22,P09,7.0,12.5,87.5,Delivered,,Web
BB002839,C0172,PET0209,2026-01-02,P09,3.0,12.5,37.5,Delivered,,Re-order Email
BB002840,C0172,PET0209,2026-01-11,P09,2.0,12.5,25.0,Delivered,,Web
BB002841,C0172,PET0209,2026-01-24,P09,7.0,12.5,87.5,Delivered,4,Web
BB002842,C0172,PET0209,2026-02-01,P04,4.0,14.0,56.0,Delivered,,Web
BB002843,C0172,PET0209,2026-02-09,P09,2.0,12.5,25.0,Delivered,5,Pickup
BB002844,C0172,PET0209,2026-02-20,P01,6.0,14.5,87.0,Delivered,,Web
BB002845,C0172,PET0209,2026-03-01,P04,6.0,14.0,84.0,Delivered,,Web
BB002846,C0172,PET0209,2026-03-11,P09,5.0,12.5,62.5,Delivered,5,Pickup
BB002847,C0172,PET0209,2026-03-20,P09,3.0,12.5,37.5,Delivered,5,Re-order Email
BB002848,C0172,PET0209,2026-03-28,P09,6.0,12.5,75.0,Delivered,5,Re-order Email
BB002849,C0172,PET0209,2026-04-08,P09,7.0,12.5,87.5,Delivered,,Pickup
BB002850,C0172,PET0209,2026-04-20,P09,3.0,12.5,37.5,Delivered,5,Web
BB002851,C0173,PET0210,2026-02-08,P02,6.0,13.0,78.0,Delivered,,Web
BB002852,C0173,PET0210,2026-02-21,P11,7.0,12.0,84.0,Delivered,,Pickup
BB002853,C0173,PET0210,2026-03-02,P02,7.0,13.0,91.0,Delivered,,Web
BB002854,C0173,PET0210,2026-03-15,P02,5.0,13.0,65.0,Delivered,5,Web
BB002855,C0173,PET0210,2026-03-27,P02,5.0,13.0,65.0,Delivered,,Pickup
BB002856,C0173,PET0210,2026-04-03,P06,7.0,14.5,101.5,Delivered,,Pickup
BB002857,C0173,PET0210,2026-04-14,P02,6.0,13.0,78.0,Delivered,5,Web
BB002858,C0174,PET0211,2026-04-06,P09,4.0,12.5,50.0,Delivered,5,Web
BB002859,C0174,PET0211,2026-04-19,P07,4.0,13.5,54.0,Delivered,,Web
BB002860,C0174,PET0211,2026-04-26,P10,6.0,13.0,78.0,Delivered,,Re-order Email
BB002861,C0175,PET0212,2024-11-15,P07,5.0,13.5,67.5,Delivered,5,Pickup
BB002862,C0175,PET0212,2024-11-23,P07,5.0,13.5,67.5,Delivered,,Web
BB002863,C0175,PET0212,2024-12-02,P03,4.0,13.5,54.0,Delivered,5,Web
BB002864,C0175,PET0212,2024-12-15,P12,2.0,12.5,25.0,Delivered,5,Web
BB002865,C0175,PET0212,2024-12-22,P01,4.0,14.5,58.0,Delivered,,Re-order Email
BB002866,C0175,PET0212,2025-01-03,P07,6.0,13.5,81.0,Delivered,,Web
BB002867,C0175,PET0212,2025-01-12,P07,3.0,13.5,40.5,Delivered,,Web
BB002868,C0175,PET0212,2025-01-24,P07,4.0,13.5,54.0,Delivered,,Web
BB002869,C0175,PET0212,2025-02-03,P10,3.0,13.0,39.0,Delivered,,Pickup
BB002870,C0175,PET0212,2025-02-13,P07,3.0,13.5,40.5,Delivered,5,Web
BB002871,C0175,PET0212,2025-02-24,P07,5.0,13.5,67.5,Delivered,4,Web
BB002872,C0175,PET0212,2025-03-09,P07,3.0,13.5,40.5,Delivered,,Web
BB002873,C0175,PET0212,2025-03-19,P10,3.0,13.0,39.0,Delivered,,Web
BB002874,C0175,PET0212,2025-03-28,P07,4.0,13.5,54.0,Delivered,5,Web
BB002875,C0175,PET0212,2025-04-09,P07,7.0,13.5,94.5,Delivered,,Web
BB002876,C0175,PET0212,2025-04-17,P07,7.0,13.5,94.5,Delivered,,Web
BB002877,C0175,PET0212,2025-04-30,P07,6.0,13.5,81.0,Delivered,,Web
BB002878,C0175,PET0212,2025-05-12,P07,4.0,13.5,54.0,Delivered,5,Web
BB002879,C0175,PET0212,2025-05-22,P07,4.0,13.5,54.0,Delivered,5,Re-order Email
BB002880,C0175,PET0212,2025-06-03,P07,3.0,13.5,40.5,Delivered,,Web
BB002881,C0175,PET0212,2025-06-10,P07,3.0,13.5,40.5,Delivered,5,Web
BB002882,C0175,PET0212,2025-06-22,P07,6.0,13.5,81.0,Delivered,5,Web
BB002883,C0175,PET0212,2025-07-01,P07,7.0,13.5,94.5,Delivered,5,Web
BB002884,C0175,PET0212,2025-07-08,P02,5.0,13.0,65.0,Delivered,4,Pickup
BB002885,C0175,PET0212,2025-07-21,P07,3.0,13.5,40.5,Delivered,,Pickup
BB002886,C0175,PET0212,2025-08-01,P07,4.0,13.5,54.0,Delivered,,Web
BB002887,C0175,PET0212,2025-08-12,P07,7.0,13.5,94.5,Delivered,,Web
BB002888,C0175,PET0212,2025-08-24,P07,3.0,13.5,40.5,Delivered,,Re-order Email
BB002889,C0175,PET0212,2025-09-01,P07,5.0,13.5,67.5,Delivered,,Web
BB002890,C0175,PET0212,2025-09-10,P07,2.0,13.5,27.0,Delivered,,Re-order Email
BB002891,C0175,PET0212,2025-09-18,P06,3.0,14.5,43.5,Delivered,5,Pickup
BB002892,C0175,PET0212,2025-09-25,P07,5.0,13.5,67.5,Delivered,,Web
BB002893,C0175,PET0212,2025-10-03,P07,7.0,13.5,94.5,Delivered,5,Web
BB002894,C0175,PET0212,2025-10-16,P07,5.0,13.5,67.5,Delivered,,Re-order Email
BB002895,C0175,PET0212,2025-10-23,P07,5.0,13.5,67.5,Delivered,5,Web
BB002896,C0175,PET0212,2025-11-05,P09,4.0,12.5,50.0,Delivered,4,Re-order Email
BB002897,C0175,PET0212,2025-11-13,P07,3.0,13.5,40.5,Delivered,5,Web
BB002898,C0175,PET0212,2025-11-24,P07,4.0,13.5,54.0,Delivered,,Web
BB002899,C0175,PET0212,2025-12-03,P07,5.0,13.5,67.5,Delivered,5,Web
BB002900,C0175,PET0212,2025-12-11,P07,5.0,13.5,67.5,Delivered,,Web
BB002901,C0175,PET0212,2025-12-23,P07,4.0,13.5,54.0,Delivered,5,Web
BB002902,C0175,PET0212,2026-01-05,P07,6.0,13.5,81.0,Delivered,5,Web
BB002903,C0175,PET0212,2026-01-12,P12,4.0,12.5,50.0,Delivered,,Web
BB002904,C0175,PET0212,2026-01-25,P07,4.0,13.5,54.0,Delivered,,Re-order Email
BB002905,C0175,PET0212,2026-02-06,P07,5.0,13.5,67.5,Delivered,,Web
BB002906,C0175,PET0212,2026-02-15,P07,7.0,13.5,94.5,Delivered,,Web
BB002907,C0175,PET0212,2026-02-27,P07,4.0,13.5,54.0,Delivered,,Web
BB002908,C0175,PET0212,2026-03-10,P07,3.0,13.5,40.5,Delivered,4,Re-order Email
BB002909,C0175,PET0212,2026-03-23,P07,6.0,13.5,81.0,Delivered,5,Web
BB002910,C0175,PET0212,2026-04-03,P07,6.0,13.5,81.0,Delivered,4,Web
BB002911,C0176,PET0213,2026-01-14,P07,3.0,13.5,40.5,Delivered,,Web
BB002912,C0176,PET0213,2026-01-25,P07,4.0,13.5,54.0,Delivered,,Pickup
BB002913,C0176,PET0213,2026-02-07,P07,4.0,13.5,54.0,Delivered,5,Web
BB002914,C0176,PET0213,2026-02-18,P07,5.0,13.5,67.5,Delivered,,Web
BB002915,C0176,PET0213,2026-03-03,P07,6.0,13.5,81.0,Delivered,,Web
BB002916,C0176,PET0213,2026-03-10,P07,5.0,13.5,67.5,Delivered,,Web
BB002917,C0176,PET0213,2026-03-18,P07,5.0,13.5,67.5,Delivered,,Pickup
BB002918,C0176,PET0213,2026-03-31,P07,5.0,13.5,67.5,Delivered,,Web
BB002919,C0176,PET0213,2026-04-14,P07,6.0,13.5,81.0,Delivered,,Web
BB002920,C0176,PET0213,2026-04-22,P07,7.0,13.5,94.5,Delivered,,Re-order Email
BB002921,C0176,PET0213,2026-04-30,P07,4.0,13.5,54.0,Delivered,5,Re-order Email
BB002922,C0176,PET0214,2026-01-12,P07,3.0,13.5,40.5,Delivered,5,Pickup
BB002923,C0176,PET0214,2026-01-20,P04,4.0,14.0,56.0,Delivered,,Pickup
BB002924,C0176,PET0214,2026-01-27,P04,7.0,14.0,98.0,Delivered,,Web
BB002925,C0176,PET0214,2026-02-04,P04,2.0,14.0,28.0,Delivered,,Pickup
BB002926,C0176,PET0214,2026-02-13,P04,5.0,14.0,70.0,Delivered,,Web
BB002927,C0176,PET0214,2026-02-23,P04,4.0,14.0,56.0,Delivered,5,Web
BB002928,C0176,PET0214,2026-03-02,P04,7.0,14.0,98.0,Delivered,4,Pickup
BB002929,C0176,PET0214,2026-03-10,P04,4.0,14.0,56.0,Delivered,,Re-order Email
BB002930,C0176,PET0214,2026-03-17,P04,7.0,14.0,98.0,Delivered,,Web
BB002931,C0176,PET0214,2026-03-26,P01,2.0,14.5,29.0,Delivered,5,Web
BB002932,C0176,PET0214,2026-04-09,P12,5.0,12.5,62.5,Delivered,,Pickup
BB002933,C0176,PET0214,2026-04-21,P04,7.0,14.0,98.0,Delivered,,Web
BB002934,C0178,PET0216,2024-11-11,P09,3.0,12.5,37.5,Delivered,,Web
BB002935,C0178,PET0216,2024-11-25,P06,5.0,14.5,72.5,Delivered,,Web
BB002936,C0178,PET0216,2024-12-07,P06,4.0,14.5,58.0,Delivered,4,Web
BB002937,C0178,PET0216,2024-12-21,P06,6.0,14.5,87.0,Delivered,,Web
BB002938,C0178,PET0216,2025-01-04,P08,4.0,15.5,62.0,Delivered,,Web
BB002939,C0178,PET0216,2025-01-11,P01,3.0,14.5,43.5,Delivered,4,Re-order Email
BB002940,C0178,PET0216,2025-01-24,P06,4.0,14.5,58.0,Delivered,5,Web
BB002941,C0178,PET0216,2025-02-02,P06,4.0,14.5,58.0,Delivered,,Web
BB002942,C0178,PET0216,2025-02-10,P06,6.0,14.5,87.0,Delivered,,Re-order Email
BB002943,C0178,PET0216,2025-02-24,P03,5.0,13.5,67.5,Delivered,,Pickup
BB002944,C0178,PET0216,2025-03-03,P06,3.0,14.5,43.5,Delivered,,Web
BB002945,C0178,PET0216,2025-03-17,P06,7.0,14.5,101.5,Delivered,,Web
BB002946,C0178,PET0216,2025-03-28,P06,4.0,14.5,58.0,Delivered,,Web
BB002947,C0178,PET0216,2025-04-08,P07,7.0,13.5,94.5,Delivered,4,Web
BB002948,C0178,PET0216,2025-04-19,P06,2.0,14.5,29.0,Delivered,,Re-order Email
BB002949,C0178,PET0216,2025-04-27,P12,6.0,12.5,75.0,Delivered,,Re-order Email
BB002950,C0178,PET0216,2025-05-07,P06,3.0,14.5,43.5,Delivered,3,Web
BB002951,C0178,PET0216,2025-05-17,P02,5.0,13.0,65.0,Delivered,,Web
BB002952,C0178,PET0216,2025-05-31,P06,4.0,14.5,58.0,Delivered,4,Web
BB002953,C0178,PET0216,2025-06-13,P06,3.0,14.5,43.5,Delivered,,Web
BB002954,C0178,PET0216,2025-06-27,P06,5.0,14.5,72.5,Delivered,,Web
BB002955,C0178,PET0216,2025-07-11,P09,5.0,12.5,62.5,Delivered,,Re-order Email
BB002956,C0178,PET0216,2025-07-21,P06,4.0,14.5,58.0,Delivered,,Pickup
BB002957,C0178,PET0216,2025-08-03,P06,6.0,14.5,87.0,Delivered,5,Web
BB002958,C0178,PET0216,2025-08-14,P06,6.0,14.5,87.0,Delivered,,Re-order Email
BB002959,C0178,PET0216,2025-08-22,P06,2.0,14.5,29.0,Delivered,,Web
BB002960,C0178,PET0216,2025-09-04,P06,6.0,14.5,87.0,Delivered,5,Web
BB002961,C0178,PET0216,2025-09-13,P06,5.0,14.5,72.5,Delivered,4,Pickup
BB002962,C0178,PET0216,2025-09-22,P06,5.0,14.5,72.5,Delivered,5,Re-order Email
BB002963,C0178,PET0216,2025-10-01,P06,5.0,14.5,72.5,Delivered,5,Re-order Email
BB002964,C0178,PET0216,2025-10-11,P01,5.0,14.5,72.5,Delivered,,Web
BB002965,C0178,PET0216,2025-10-22,P06,4.0,14.5,58.0,Delivered,,Web
BB002966,C0178,PET0216,2025-11-04,P01,6.0,14.5,87.0,Delivered,5,Pickup
BB002967,C0178,PET0216,2025-11-12,P06,3.0,14.5,43.5,Delivered,,Web
BB002968,C0178,PET0216,2025-11-20,P06,4.0,14.5,58.0,Delivered,,Web
BB002969,C0178,PET0216,2025-12-01,P12,6.0,12.5,75.0,Delivered,,Web
BB002970,C0178,PET0216,2025-12-11,P06,3.0,14.5,43.5,Delivered,,Web
BB002971,C0178,PET0216,2025-12-21,P06,6.0,14.5,87.0,Delivered,,Re-order Email
BB002972,C0178,PET0216,2026-01-04,P10,3.0,13.0,39.0,Delivered,,Web
BB002973,C0178,PET0216,2026-01-16,P12,5.0,12.5,62.5,Delivered,,Pickup
BB002974,C0178,PET0216,2026-01-30,P06,5.0,14.5,72.5,Delivered,,Re-order Email
BB002975,C0178,PET0216,2026-02-09,P06,5.0,14.5,72.5,Delivered,5,Web
BB002976,C0178,PET0216,2026-02-22,P03,5.0,13.5,67.5,Delivered,4,Web
BB002977,C0178,PET0216,2026-03-04,P06,4.0,14.5,58.0,Delivered,,Web
BB002978,C0178,PET0216,2026-03-17,P06,4.0,14.5,58.0,Delivered,,Web
BB002979,C0178,PET0216,2026-03-27,P08,3.0,15.5,46.5,Delivered,5,Web
BB002980,C0178,PET0216,2026-04-10,P02,7.0,13.0,91.0,Delivered,,Web
BB002981,C0178,PET0216,2026-04-19,P06,4.0,14.5,58.0,Delivered,,Web
BB002982,C0179,PET0217,2025-08-15,P06,7.0,14.5,101.5,Delivered,,Web
BB002983,C0179,PET0217,2025-08-22,P06,7.0,14.5,101.5,Delivered,5,Web
BB002984,C0179,PET0217,2025-08-29,P06,5.0,14.5,72.5,Delivered,,Web
BB002985,C0179,PET0217,2025-09-11,P06,6.0,14.5,87.0,Delivered,,Web
BB002986,C0179,PET0217,2025-09-19,P06,4.0,14.5,58.0,Delivered,5,Web
BB002987,C0179,PET0217,2025-10-01,P06,5.0,14.5,72.5,Delivered,,Re-order Email
BB002988,C0179,PET0217,2025-10-09,P03,4.0,13.5,54.0,Delivered,5,Web
BB002989,C0179,PET0217,2025-10-20,P06,5.0,14.5,72.5,Delivered,5,Pickup
BB002990,C0179,PET0217,2025-11-02,P10,6.0,13.0,78.0,Delivered,5,Web
BB002991,C0179,PET0217,2025-11-13,P06,3.0,14.5,43.5,Delivered,,Re-order Email
BB002992,C0179,PET0217,2025-11-23,P06,3.0,14.5,43.5,Delivered,5,Web
BB002993,C0180,PET0218,2026-03-16,P03,7.0,13.5,94.5,Delivered,,Web
BB002994,C0180,PET0218,2026-03-29,P03,2.0,13.5,27.0,Delivered,,Web
BB002995,C0180,PET0218,2026-04-05,P03,5.0,13.5,67.5,Delivered,4,Web
BB002996,C0180,PET0218,2026-04-19,P10,4.0,13.0,52.0,Delivered,,Web
BB002997,C0180,PET0218,2026-04-28,P03,5.0,13.5,67.5,Delivered,,Web
BB002998,C0181,PET0219,2026-04-28,P12,4.0,12.5,50.0,Delivered,,Web
BB002999,C0182,PET0220,2025-10-20,P01,7.0,14.5,101.5,Delivered,,Web
BB003000,C0182,PET0220,2025-11-03,P01,4.0,14.5,58.0,Delivered,5,Web
BB003001,C0182,PET0220,2025-11-14,P01,4.0,14.5,58.0,Delivered,5,Web
BB003002,C0182,PET0220,2025-11-24,P01,6.0,14.5,87.0,Delivered,4,Web
BB003003,C0182,PET0220,2025-12-06,P01,4.0,14.5,58.0,Delivered,,Web
BB003004,C0182,PET0220,2025-12-14,P01,5.0,14.5,72.5,Delivered,5,Web
BB003005,C0182,PET0220,2025-12-23,P01,3.0,14.5,43.5,Delivered,,Web
BB003006,C0182,PET0220,2026-01-06,P08,7.0,15.5,108.5,Delivered,,Web
BB003007,C0182,PET0220,2026-01-20,P01,4.0,14.5,58.0,Delivered,5,Web
BB003008,C0182,PET0220,2026-02-02,P01,7.0,14.5,101.5,Delivered,5,Web
BB003009,C0182,PET0220,2026-02-10,P01,3.0,14.5,43.5,Delivered,4,Web
BB003010,C0182,PET0220,2026-02-19,P03,3.0,13.5,40.5,Delivered,,Pickup
BB003011,C0182,PET0220,2026-03-04,P11,4.0,12.0,48.0,Delivered,5,Re-order Email
BB003012,C0182,PET0220,2026-03-17,P01,6.0,14.5,87.0,Delivered,5,Web
BB003013,C0182,PET0220,2026-03-24,P01,5.0,14.5,72.5,Delivered,4,Re-order Email
BB003014,C0182,PET0220,2026-03-31,P01,5.0,14.5,72.5,Delivered,,Re-order Email
BB003015,C0182,PET0220,2026-04-09,P01,6.0,14.5,87.0,Delivered,4,Web
BB003016,C0182,PET0220,2026-04-18,P02,3.0,13.0,39.0,Delivered,,Web
BB003017,C0182,PET0220,2026-04-25,P01,7.0,14.5,101.5,Delivered,,Pickup
BB003018,C0183,PET0221,2026-04-14,P03,6.0,13.5,81.0,Delivered,,Web
BB003019,C0183,PET0221,2026-04-22,P03,4.0,13.5,54.0,Delivered,,Web
BB003020,C0183,PET0221,2026-05-01,P10,6.0,13.0,78.0,Delivered,,Pickup
BB003021,C0184,PET0222,2025-08-14,P06,5.0,14.5,72.5,Delivered,,Web
BB003022,C0184,PET0222,2025-08-27,P06,7.0,14.5,101.5,Delivered,,Pickup
BB003023,C0184,PET0222,2025-09-06,P06,6.0,14.5,87.0,Delivered,5,Web
BB003024,C0184,PET0222,2025-09-15,P06,2.0,14.5,29.0,Delivered,,Web
BB003025,C0184,PET0222,2025-09-27,P08,5.0,15.5,77.5,Delivered,4,Web
BB003026,C0184,PET0222,2025-10-08,P06,5.0,14.5,72.5,Delivered,,Web
BB003027,C0184,PET0222,2025-10-20,P11,2.0,12.0,24.0,Delivered,,Web
BB003028,C0184,PET0222,2025-10-30,P06,6.0,14.5,87.0,Delivered,,Web
BB003029,C0184,PET0222,2025-11-09,P08,4.0,15.5,62.0,Delivered,,Web
BB003030,C0184,PET0222,2025-11-22,P06,6.0,14.5,87.0,Delivered,,Web
BB003031,C0184,PET0222,2025-12-30,P06,7.0,14.5,101.5,Delivered,,Web
BB003032,C0184,PET0222,2026-01-12,P10,6.0,13.0,78.0,Delivered,5,Web
BB003033,C0184,PET0222,2026-01-23,P06,5.0,14.5,72.5,Delivered,4,Re-order Email
BB003034,C0184,PET0222,2026-01-30,P06,5.0,14.5,72.5,Delivered,5,Web
BB003035,C0184,PET0222,2026-02-12,P06,6.0,14.5,87.0,Delivered,,Web
BB003036,C0184,PET0222,2026-02-21,P06,3.0,14.5,43.5,Delivered,,Web
BB003037,C0184,PET0222,2026-02-28,P06,6.0,14.5,87.0,Delivered,,Web
BB003038,C0184,PET0222,2026-03-11,P06,6.0,14.5,87.0,Delivered,,Re-order Email
BB003039,C0184,PET0222,2026-03-24,P06,7.0,14.5,101.5,Delivered,,Web
BB003040,C0184,PET0222,2026-04-03,P06,2.0,14.5,29.0,Delivered,,Re-order Email
BB003041,C0184,PET0222,2026-04-11,P06,4.0,14.5,58.0,Delivered,,Web
BB003042,C0184,PET0222,2026-04-18,P01,6.0,14.5,87.0,Delivered,,Pickup
BB003043,C0184,PET0222,2026-04-26,P09,4.0,12.5,50.0,Delivered,5,Re-order Email
BB003044,C0184,PET0223,2025-08-14,P08,4.0,15.5,62.0,Delivered,,Web
BB003045,C0184,PET0223,2025-08-24,P08,4.0,15.5,62.0,Delivered,5,Web
BB003046,C0184,PET0223,2025-09-01,P08,7.0,15.5,108.5,Delivered,,Pickup
BB003047,C0184,PET0223,2025-09-13,P03,5.0,13.5,67.5,Delivered,,Web
BB003048,C0184,PET0223,2025-09-20,P08,4.0,15.5,62.0,Delivered,5,Pickup
BB003049,C0184,PET0223,2025-09-28,P07,4.0,13.5,54.0,Delivered,,Re-order Email
BB003050,C0184,PET0223,2025-10-08,P08,3.0,15.5,46.5,Delivered,5,Web
BB003051,C0184,PET0223,2025-10-18,P08,5.0,15.5,77.5,Delivered,,Re-order Email
BB003052,C0184,PET0223,2025-10-25,P08,7.0,15.5,108.5,Delivered,4,Re-order Email
BB003053,C0184,PET0223,2025-11-04,P08,3.0,15.5,46.5,Delivered,,Pickup
BB003054,C0184,PET0223,2025-11-12,P01,6.0,14.5,87.0,Delivered,,Re-order Email
BB003055,C0184,PET0223,2025-11-25,P08,5.0,15.5,77.5,Delivered,,Web
BB003056,C0184,PET0223,2025-12-04,P08,4.0,15.5,62.0,Delivered,,Web
BB003057,C0184,PET0223,2025-12-14,P08,4.0,15.5,62.0,Delivered,5,Web
BB003058,C0184,PET0223,2025-12-23,P08,5.0,15.5,77.5,Delivered,,Web
BB003059,C0184,PET0223,2026-01-01,P08,7.0,15.5,108.5,Delivered,,Re-order Email
BB003060,C0184,PET0223,2026-01-08,P08,4.0,15.5,62.0,Delivered,4,Re-order Email
BB003061,C0184,PET0223,2026-01-20,P10,7.0,13.0,91.0,Delivered,,Pickup
BB003062,C0184,PET0223,2026-01-27,P08,6.0,15.5,93.0,Delivered,5,Web
BB003063,C0184,PET0223,2026-02-07,P10,5.0,13.0,65.0,Delivered,,Web
BB003064,C0184,PET0223,2026-02-17,P11,7.0,12.0,84.0,Delivered,5,Web
BB003065,C0184,PET0223,2026-03-02,P08,6.0,15.5,93.0,Delivered,,Web
BB003066,C0184,PET0223,2026-03-09,P08,2.0,15.5,31.0,Delivered,,Web
BB003067,C0184,PET0223,2026-03-19,P07,3.0,13.5,40.5,Delivered,,Re-order Email
BB003068,C0184,PET0223,2026-03-27,P11,6.0,12.0,72.0,Delivered,,Web
BB003069,C0184,PET0223,2026-04-07,P08,3.0,15.5,46.5,Delivered,,Web
BB003070,C0184,PET0223,2026-04-15,P08,4.0,15.5,62.0,Delivered,,Web
BB003071,C0184,PET0223,2026-04-22,P10,4.0,13.0,52.0,Delivered,,Web
BB003072,C0185,PET0224,2025-12-15,P06,6.0,14.5,87.0,Delivered,4,Re-order Email
BB003073,C0185,PET0224,2025-12-28,P06,4.0,14.5,58.0,Delivered,,Web
BB003074,C0185,PET0224,2026-01-10,P12,3.0,12.5,37.5,Delivered,,Web
BB003075,C0185,PET0224,2026-01-20,P06,4.0,14.5,58.0,Delivered,,Web
BB003076,C0185,PET0224,2026-01-29,P06,4.0,14.5,58.0,Delivered,,Re-order Email
BB003077,C0185,PET0224,2026-02-08,P03,4.0,13.5,54.0,Delivered,5,Web
BB003078,C0185,PET0224,2026-02-18,P06,4.0,14.5,58.0,Delivered,5,Web
BB003079,C0185,PET0224,2026-03-04,P06,4.0,14.5,58.0,Delivered,,Web
BB003080,C0185,PET0224,2026-03-12,P11,3.0,12.0,36.0,Delivered,,Web
BB003081,C0185,PET0224,2026-03-23,P06,5.0,14.5,72.5,Delivered,,Web
BB003082,C0185,PET0224,2026-04-04,P06,5.0,14.5,72.5,Delivered,,Web
BB003083,C0185,PET0224,2026-04-17,P06,5.0,14.5,72.5,Delivered,5,Web
BB003084,C0185,PET0224,2026-04-24,P06,6.0,14.5,87.0,Delivered,,Web
BB003085,C0186,PET0225,2026-02-01,P07,5.0,13.5,67.5,Delivered,5,Pickup
BB003086,C0186,PET0225,2026-02-11,P07,7.0,13.5,94.5,Delivered,,Web
BB003087,C0186,PET0225,2026-02-21,P07,2.0,13.5,27.0,Delivered,,Re-order Email
BB003088,C0186,PET0225,2026-02-28,P07,5.0,13.5,67.5,Delivered,,Web
BB003089,C0187,PET0226,2025-08-28,P09,3.0,12.5,37.5,Delivered,5,Web
BB003090,C0187,PET0226,2025-09-07,P09,4.0,12.5,50.0,Delivered,,Web
BB003091,C0187,PET0226,2025-09-17,P06,4.0,14.5,58.0,Delivered,,Web
BB003092,C0187,PET0226,2025-09-28,P11,2.0,12.0,24.0,Delivered,5,Re-order Email
BB003093,C0187,PET0226,2025-10-11,P10,5.0,13.0,65.0,Delivered,5,Web
BB003094,C0187,PET0226,2025-10-23,P09,4.0,12.5,50.0,Delivered,5,Re-order Email
BB003095,C0187,PET0226,2025-10-31,P09,5.0,12.5,62.5,Delivered,,Web
BB003096,C0187,PET0226,2025-11-09,P09,6.0,12.5,75.0,Delivered,,Web
BB003097,C0187,PET0226,2025-11-17,P09,5.0,12.5,62.5,Delivered,,Web
BB003098,C0187,PET0226,2025-11-24,P09,4.0,12.5,50.0,Delivered,,Re-order Email
BB003099,C0187,PET0226,2025-12-07,P03,7.0,13.5,94.5,Delivered,5,Web
BB003100,C0187,PET0226,2025-12-17,P02,4.0,13.0,52.0,Delivered,,Web
BB003101,C0187,PET0226,2025-12-26,P09,6.0,12.5,75.0,Delivered,,Web
BB003102,C0187,PET0226,2026-01-07,P09,3.0,12.5,37.5,Delivered,,Web
BB003103,C0187,PET0226,2026-01-20,P10,5.0,13.0,65.0,Delivered,,Web
BB003104,C0187,PET0226,2026-02-01,P09,5.0,12.5,62.5,Delivered,,Web
BB003105,C0187,PET0226,2026-02-08,P03,4.0,13.5,54.0,Delivered,,Web
BB003106,C0187,PET0226,2026-02-18,P09,5.0,12.5,62.5,Delivered,,Web
BB003107,C0187,PET0226,2026-03-03,P09,3.0,12.5,37.5,Delivered,,Pickup
BB003108,C0187,PET0226,2026-03-10,P09,3.0,12.5,37.5,Delivered,,Pickup
BB003109,C0187,PET0226,2026-03-23,P06,2.0,14.5,29.0,Delivered,,Web
BB003110,C0187,PET0226,2026-04-04,P09,5.0,12.5,62.5,Delivered,,Re-order Email
BB003111,C0187,PET0226,2026-04-18,P06,5.0,14.5,72.5,Delivered,,Web
BB003112,C0187,PET0227,2025-08-26,P08,4.0,15.5,62.0,Delivered,,Web
BB003113,C0187,PET0227,2025-09-09,P10,3.0,13.0,39.0,Delivered,,Web
BB003114,C0187,PET0227,2025-09-23,P11,3.0,12.0,36.0,Delivered,,Web
BB003115,C0187,PET0227,2025-10-04,P01,4.0,14.5,58.0,Delivered,,Web
BB003116,C0187,PET0227,2025-10-14,P11,5.0,12.0,60.0,Delivered,5,Web
BB003117,C0187,PET0227,2025-10-22,P11,5.0,12.0,60.0,Delivered,,Web
BB003118,C0187,PET0227,2025-11-03,P11,7.0,12.0,84.0,Delivered,3,Web
BB003119,C0187,PET0227,2025-11-16,P11,4.0,12.0,48.0,Delivered,5,Web
BB003120,C0187,PET0227,2025-11-25,P11,6.0,12.0,72.0,Delivered,,Web
BB003121,C0187,PET0227,2025-12-05,P11,3.0,12.0,36.0,Delivered,,Web
BB003122,C0187,PET0227,2025-12-14,P11,4.0,12.0,48.0,Delivered,5,Web
BB003123,C0187,PET0227,2025-12-28,P11,2.0,12.0,24.0,Delivered,,Web
BB003124,C0187,PET0227,2026-01-04,P11,5.0,12.0,60.0,Delivered,,Pickup
BB003125,C0187,PET0227,2026-01-16,P09,4.0,12.5,50.0,Delivered,,Web
BB003126,C0187,PET0227,2026-01-24,P11,5.0,12.0,60.0,Delivered,,Web
BB003127,C0187,PET0227,2026-02-07,P11,6.0,12.0,72.0,Delivered,,Web
BB003128,C0187,PET0227,2026-02-16,P11,6.0,12.0,72.0,Delivered,,Web
BB003129,C0187,PET0227,2026-02-28,P11,3.0,12.0,36.0,Delivered,,Web
BB003130,C0187,PET0227,2026-03-08,P11,5.0,12.0,60.0,Delivered,5,Web
BB003131,C0187,PET0227,2026-03-21,P11,6.0,12.0,72.0,Delivered,,Web
BB003132,C0187,PET0227,2026-03-31,P11,6.0,12.0,72.0,Delivered,,Web
BB003133,C0187,PET0227,2026-04-13,P03,2.0,13.5,27.0,Delivered,,Re-order Email
BB003134,C0187,PET0227,2026-04-22,P11,6.0,12.0,72.0,Delivered,,Web
BB003135,C0188,PET0228,2026-03-22,P01,5.0,14.5,72.5,Delivered,,Re-order Email
BB003136,C0188,PET0228,2026-03-31,P01,5.0,14.5,72.5,Delivered,,Web
BB003137,C0188,PET0228,2026-04-13,P12,4.0,12.5,50.0,Delivered,,Re-order Email
BB003138,C0188,PET0228,2026-04-24,P01,6.0,14.5,87.0,Delivered,,Web
BB003139,C0189,PET0229,2026-02-18,P08,6.0,15.5,93.0,Delivered,3,Web
BB003140,C0189,PET0229,2026-03-02,P08,4.0,15.5,62.0,Delivered,,Web
BB003141,C0189,PET0229,2026-03-15,P08,4.0,15.5,62.0,Delivered,4,Web
BB003142,C0189,PET0229,2026-03-23,P08,7.0,15.5,108.5,Delivered,,Web
BB003143,C0189,PET0229,2026-04-02,P08,6.0,15.5,93.0,Delivered,5,Web
BB003144,C0189,PET0229,2026-04-15,P08,7.0,15.5,108.5,Delivered,,Re-order Email
BB003145,C0189,PET0229,2026-04-27,P06,7.0,14.5,101.5,Delivered,,Web
BB003146,C0190,PET0230,2026-01-21,P02,4.0,13.0,52.0,Delivered,,Re-order Email
BB003147,C0190,PET0230,2026-02-02,P08,3.0,15.5,46.5,Delivered,5,Web
BB003148,C0190,PET0230,2026-02-11,P08,4.0,15.5,62.0,Delivered,,Web
BB003149,C0190,PET0230,2026-02-22,P11,6.0,12.0,72.0,Delivered,,Web
BB003150,C0190,PET0230,2026-03-07,P08,6.0,15.5,93.0,Delivered,,Web
BB003151,C0190,PET0230,2026-03-17,P08,6.0,15.5,93.0,Delivered,5,Web
BB003152,C0190,PET0230,2026-04-20,P08,4.0,15.5,62.0,Delivered,,Web
BB003153,C0191,PET0231,2025-12-30,P09,7.0,12.5,87.5,Delivered,,Pickup
BB003154,C0191,PET0231,2026-01-10,P09,4.0,12.5,50.0,Delivered,4,Web
BB003155,C0191,PET0231,2026-01-20,P06,4.0,14.5,58.0,Delivered,,Web
BB003156,C0191,PET0231,2026-02-01,P09,5.0,12.5,62.5,Delivered,5,Pickup
BB003157,C0191,PET0231,2026-02-12,P09,5.0,12.5,62.5,Delivered,5,Pickup
BB003158,C0191,PET0231,2026-02-22,P11,4.0,12.0,48.0,Delivered,5,Re-order Email
BB003159,C0191,PET0231,2026-03-03,P10,4.0,13.0,52.0,Delivered,,Re-order Email
BB003160,C0191,PET0231,2026-03-14,P09,6.0,12.5,75.0,Delivered,5,Web
BB003161,C0191,PET0231,2026-03-27,P09,6.0,12.5,75.0,Delivered,,Web
BB003162,C0191,PET0231,2026-04-07,P09,5.0,12.5,62.5,Delivered,,Web
BB003163,C0191,PET0231,2026-04-20,P09,6.0,12.5,75.0,Delivered,,Web
BB003164,C0191,PET0232,2025-12-30,P07,5.0,13.5,67.5,Delivered,,Web
BB003165,C0191,PET0232,2026-01-12,P09,5.0,12.5,62.5,Delivered,,Web
BB003166,C0191,PET0232,2026-01-19,P07,6.0,13.5,81.0,Delivered,,Re-order Email
BB003167,C0191,PET0232,2026-01-27,P07,5.0,13.5,67.5,Delivered,,Web
BB003168,C0191,PET0232,2026-02-08,P10,3.0,13.0,39.0,Delivered,,Web
BB003169,C0191,PET0232,2026-02-21,P11,6.0,12.0,72.0,Delivered,4,Web
BB003170,C0192,PET0233,2026-04-28,P12,6.0,12.5,75.0,Delivered,,Web
BB003171,C0192,PET0234,2025-11-15,P07,7.0,13.5,94.5,Delivered,,Web
BB003172,C0192,PET0234,2025-11-22,P07,5.0,13.5,67.5,Delivered,,Web
BB003173,C0192,PET0234,2025-11-30,P07,7.0,13.5,94.5,Delivered,,Web
BB003174,C0192,PET0234,2025-12-12,P07,4.0,13.5,54.0,Delivered,5,Web
BB003175,C0192,PET0234,2025-12-21,P02,2.0,13.0,26.0,Delivered,,Web
BB003176,C0192,PET0234,2025-12-31,P07,5.0,13.5,67.5,Delivered,,Pickup
BB003177,C0192,PET0234,2026-01-10,P02,2.0,13.0,26.0,Delivered,5,Web
BB003178,C0192,PET0234,2026-01-18,P10,4.0,13.0,52.0,Delivered,5,Web
BB003179,C0192,PET0234,2026-01-31,P07,6.0,13.5,81.0,Delivered,,Web
BB003180,C0192,PET0234,2026-02-08,P12,5.0,12.5,62.5,Delivered,,Web
BB003181,C0192,PET0234,2026-02-21,P07,5.0,13.5,67.5,Delivered,,Pickup
BB003182,C0192,PET0234,2026-03-06,P07,5.0,13.5,67.5,Delivered,,Web
BB003183,C0192,PET0234,2026-03-16,P02,4.0,13.0,52.0,Delivered,5,Web
BB003184,C0192,PET0234,2026-03-25,P01,5.0,14.5,72.5,Delivered,5,Web
BB003185,C0192,PET0234,2026-04-03,P07,6.0,13.5,81.0,Delivered,,Re-order Email
BB003186,C0192,PET0234,2026-04-10,P03,7.0,13.5,94.5,Delivered,,Web
BB003187,C0192,PET0234,2026-04-18,P03,7.0,13.5,94.5,Delivered,,Re-order Email
BB003188,C0192,PET0235,2025-11-14,P01,3.0,14.5,43.5,Delivered,,Web
BB003189,C0192,PET0235,2025-11-26,P01,6.0,14.5,87.0,Delivered,,Web
BB003190,C0192,PET0235,2025-12-08,P01,2.0,14.5,29.0,Delivered,5,Web
BB003191,C0192,PET0235,2025-12-17,P04,4.0,14.0,56.0,Delivered,5,Web
BB003192,C0192,PET0235,2025-12-29,P01,4.0,14.5,58.0,Delivered,4,Web
BB003193,C0192,PET0235,2026-01-09,P02,6.0,13.0,78.0,Delivered,,Web
BB003194,C0192,PET0235,2026-01-18,P01,4.0,14.5,58.0,Delivered,5,Web
BB003195,C0192,PET0235,2026-01-29,P01,3.0,14.5,43.5,Delivered,5,Web
BB003196,C0192,PET0235,2026-02-06,P01,4.0,14.5,58.0,Delivered,4,Web
BB003197,C0192,PET0235,2026-02-18,P01,6.0,14.5,87.0,Delivered,,Web
BB003198,C0192,PET0235,2026-03-03,P01,4.0,14.5,58.0,Delivered,5,Pickup
BB003199,C0192,PET0235,2026-03-11,P01,5.0,14.5,72.5,Delivered,4,Pickup
BB003200,C0192,PET0235,2026-03-20,P01,4.0,14.5,58.0,Delivered,,Web
BB003201,C0194,PET0237,2026-04-28,P01,6.0,14.5,87.0,Delivered,,Web
BB003202,C0195,PET0238,2026-01-05,P01,5.0,14.5,72.5,Delivered,,Web
BB003203,C0195,PET0238,2026-01-12,P01,6.0,14.5,87.0,Delivered,5,Web
BB003204,C0195,PET0238,2026-01-20,P01,4.0,14.5,58.0,Delivered,4,Web
BB003205,C0195,PET0238,2026-02-02,P01,5.0,14.5,72.5,Delivered,,Web
BB003206,C0195,PET0238,2026-02-14,P01,6.0,14.5,87.0,Delivered,5,Web
BB003207,C0195,PET0238,2026-02-26,P01,4.0,14.5,58.0,Delivered,,Re-order Email
BB003208,C0195,PET0238,2026-03-05,P12,3.0,12.5,37.5,Delivered,5,Web
BB003209,C0195,PET0238,2026-03-16,P09,4.0,12.5,50.0,Delivered,,Re-order Email
BB003210,C0195,PET0238,2026-03-28,P01,2.0,14.5,29.0,Delivered,,Re-order Email
BB003211,C0195,PET0238,2026-04-04,P10,3.0,13.0,39.0,Delivered,,Pickup
BB003212,C0195,PET0238,2026-04-15,P01,6.0,14.5,87.0,Delivered,,Re-order Email
BB003213,C0195,PET0238,2026-04-22,P01,3.0,14.5,43.5,Delivered,5,Web
BB003214,C0196,PET0239,2026-03-18,P10,2.0,13.0,26.0,Delivered,,Web
BB003215,C0196,PET0239,2026-03-27,P10,3.0,13.0,39.0,Delivered,3,Web
BB003216,C0196,PET0239,2026-04-05,P10,3.0,13.0,39.0,Delivered,5,Web
BB003217,C0196,PET0239,2026-04-17,P10,4.0,13.0,52.0,Delivered,,Web
BB003218,C0196,PET0240,2026-03-17,P11,3.0,12.0,36.0,Delivered,,Web
BB003219,C0196,PET0240,2026-03-30,P11,4.0,12.0,48.0,Delivered,,Re-order Email
BB003220,C0197,PET0241,2026-04-29,P12,4.0,12.5,50.0,Delivered,,Re-order Email
BB003221,C0198,PET0242,2025-11-04,P07,4.0,13.5,54.0,Delivered,,Web
BB003222,C0198,PET0242,2025-11-16,P12,6.0,12.5,75.0,Delivered,,Pickup
BB003223,C0198,PET0242,2025-11-29,P12,6.0,12.5,75.0,Delivered,4,Web
BB003224,C0198,PET0242,2025-12-10,P12,7.0,12.5,87.5,Delivered,,Web
BB003225,C0198,PET0242,2025-12-19,P12,6.0,12.5,75.0,Delivered,,Web
BB003226,C0198,PET0242,2025-12-31,P01,4.0,14.5,58.0,Delivered,5,Web
BB003227,C0198,PET0242,2026-01-07,P08,5.0,15.5,77.5,Delivered,,Web
BB003228,C0198,PET0242,2026-01-17,P06,3.0,14.5,43.5,Delivered,3,Web
BB003229,C0198,PET0242,2026-01-30,P12,5.0,12.5,62.5,Delivered,5,Web
BB003230,C0198,PET0242,2026-02-10,P12,6.0,12.5,75.0,Delivered,,Re-order Email
BB003231,C0198,PET0242,2026-02-23,P12,7.0,12.5,87.5,Delivered,,Re-order Email
BB003232,C0198,PET0242,2026-03-06,P12,6.0,12.5,75.0,Delivered,,Web
BB003233,C0198,PET0242,2026-03-18,P12,6.0,12.5,75.0,Delivered,,Web
BB003234,C0198,PET0242,2026-03-30,P12,3.0,12.5,37.5,Delivered,,Web
BB003235,C0198,PET0242,2026-04-10,P12,4.0,12.5,50.0,Delivered,,Re-order Email
BB003236,C0198,PET0242,2026-04-20,P12,3.0,12.5,37.5,Delivered,,Pickup
BB003237,C0199,PET0243,2026-04-30,P12,3.0,12.5,37.5,Delivered,5,Web
BB003238,C0199,PET0244,2026-05-04,P01,7.0,14.5,101.5,Scheduled,,Web
BB003239,C0200,PET0245,2026-04-03,P12,7.0,12.5,87.5,Delivered,,Web
BB003240,C0200,PET0245,2026-04-13,P03,7.0,13.5,94.5,Delivered,,Pickup
BB003241,C0200,PET0245,2026-04-27,P12,5.0,12.5,62.5,Delivered,4,Web
BB003242,C0201,PET0246,2026-04-03,P01,3.0,14.5,43.5,Delivered,4,Web
BB003243,C0201,PET0246,2026-04-13,P01,5.0,14.5,72.5,Delivered,4,Web
BB003244,C0201,PET0246,2026-04-22,P01,3.0,14.5,43.5,Delivered,5,Pickup
BB003245,C0203,PET0248,2026-03-26,P09,6.0,12.5,75.0,Delivered,,Web
BB003246,C0203,PET0248,2026-04-09,P08,3.0,15.5,46.5,Delivered,,Web
BB003247,C0203,PET0248,2026-04-16,P11,3.0,12.0,36.0,Delivered,,Web
BB003248,C0203,PET0248,2026-04-26,P11,6.0,12.0,72.0,Delivered,,Pickup
BB003249,C0204,PET0249,2025-10-06,P01,4.0,14.5,58.0,Delivered,5,Web
BB003250,C0204,PET0249,2025-10-20,P12,4.0,12.5,50.0,Delivered,4,Web
BB003251,C0204,PET0249,2025-11-01,P01,3.0,14.5,43.5,Delivered,,Web
BB003252,C0204,PET0249,2025-11-10,P07,4.0,13.5,54.0,Delivered,,Pickup
BB003253,C0204,PET0249,2025-11-24,P01,6.0,14.5,87.0,Delivered,,Re-order Email
BB003254,C0204,PET0249,2025-12-05,P01,5.0,14.5,72.5,Delivered,,Web
BB003255,C0204,PET0249,2025-12-19,P11,4.0,12.0,48.0,Delivered,,Web
BB003256,C0204,PET0249,2025-12-27,P01,5.0,14.5,72.5,Delivered,,Web
BB003257,C0204,PET0249,2026-01-03,P01,3.0,14.5,43.5,Delivered,,Web
BB003258,C0204,PET0249,2026-01-13,P01,4.0,14.5,58.0,Delivered,5,Web
BB003259,C0204,PET0249,2026-01-21,P01,2.0,14.5,29.0,Delivered,,Web
BB003260,C0204,PET0249,2026-01-29,P01,4.0,14.5,58.0,Delivered,3,Web
BB003261,C0204,PET0249,2026-02-05,P01,4.0,14.5,58.0,Delivered,,Re-order Email
BB003262,C0204,PET0249,2026-02-15,P02,3.0,13.0,39.0,Delivered,5,Web
BB003263,C0204,PET0249,2026-03-01,P01,4.0,14.5,58.0,Delivered,5,Web
BB003264,C0204,PET0249,2026-03-09,P01,5.0,14.5,72.5,Delivered,,Web
BB003265,C0204,PET0249,2026-03-18,P07,7.0,13.5,94.5,Delivered,,Pickup
BB003266,C0204,PET0249,2026-03-27,P01,5.0,14.5,72.5,Delivered,,Web
BB003267,C0204,PET0249,2026-04-09,P01,3.0,14.5,43.5,Delivered,,Web
BB003268,C0204,PET0249,2026-04-17,P02,4.0,13.0,52.0,Delivered,,Web
BB003269,C0204,PET0249,2026-04-26,P06,6.0,14.5,87.0,Delivered,4,Web
BB003270,C0205,PET0250,2025-11-09,P11,3.0,12.0,36.0,Delivered,,Web
BB003271,C0205,PET0250,2025-11-19,P11,6.0,12.0,72.0,Delivered,5,Re-order Email
BB003272,C0205,PET0250,2025-12-01,P11,2.0,12.0,24.0,Delivered,,Web
BB003273,C0205,PET0250,2025-12-10,P11,6.0,12.0,72.0,Delivered,4,Web
BB003274,C0205,PET0250,2025-12-19,P02,4.0,13.0,52.0,Delivered,5,Web
BB003275,C0205,PET0250,2025-12-30,P11,7.0,12.0,84.0,Delivered,4,Web
BB003276,C0205,PET0250,2026-01-10,P11,4.0,12.0,48.0,Delivered,,Re-order Email
BB003277,C0205,PET0250,2026-01-22,P11,7.0,12.0,84.0,Delivered,5,Pickup
BB003278,C0205,PET0250,2026-02-01,P11,6.0,12.0,72.0,Delivered,,Re-order Email
BB003279,C0205,PET0250,2026-03-22,P02,4.0,13.0,52.0,Delivered,,Re-order Email
BB003280,C0205,PET0250,2026-04-03,P11,5.0,12.0,60.0,Delivered,,Pickup
BB003281,C0205,PET0250,2026-04-16,P11,5.0,12.0,60.0,Delivered,,Web
BB003282,C0205,PET0250,2026-04-27,P06,5.0,14.5,72.5,Delivered,4,Pickup
BB003283,C0206,PET0251,2025-02-03,P11,6.0,12.0,72.0,Delivered,,Web
BB003284,C0206,PET0251,2025-02-11,P11,7.0,12.0,84.0,Delivered,,Web
BB003285,C0206,PET0251,2025-02-18,P11,3.0,12.0,36.0,Delivered,,Web
BB003286,C0206,PET0251,2025-03-01,P11,4.0,12.0,48.0,Delivered,,Web
BB003287,C0206,PET0251,2025-03-13,P11,4.0,12.0,48.0,Delivered,,Re-order Email
BB003288,C0206,PET0251,2025-03-27,P11,3.0,12.0,36.0,Delivered,,Pickup
BB003289,C0206,PET0251,2025-04-08,P09,6.0,12.5,75.0,Delivered,,Web
BB003290,C0206,PET0251,2025-04-21,P11,5.0,12.0,60.0,Delivered,,Web
BB003291,C0206,PET0251,2025-04-29,P06,6.0,14.5,87.0,Delivered,,Web
BB003292,C0206,PET0251,2025-05-09,P11,6.0,12.0,72.0,Delivered,3,Re-order Email
BB003293,C0206,PET0251,2025-05-21,P06,4.0,14.5,58.0,Delivered,,Web
BB003294,C0206,PET0251,2025-06-02,P11,5.0,12.0,60.0,Delivered,,Web
BB003295,C0206,PET0251,2025-06-15,P11,4.0,12.0,48.0,Delivered,,Web
BB003296,C0206,PET0251,2025-06-23,P11,3.0,12.0,36.0,Delivered,,Web
BB003297,C0206,PET0251,2025-07-02,P11,4.0,12.0,48.0,Delivered,,Web
BB003298,C0206,PET0251,2025-07-16,P11,4.0,12.0,48.0,Delivered,,Re-order Email
BB003299,C0206,PET0251,2025-07-28,P06,5.0,14.5,72.5,Delivered,4,Web
BB003300,C0206,PET0251,2025-08-08,P12,6.0,12.5,75.0,Delivered,4,Web
BB003301,C0206,PET0251,2025-08-19,P03,5.0,13.5,67.5,Delivered,5,Web
BB003302,C0206,PET0251,2025-08-31,P11,6.0,12.0,72.0,Delivered,,Web
BB003303,C0206,PET0251,2025-09-11,P11,5.0,12.0,60.0,Delivered,,Web
BB003304,C0206,PET0251,2025-09-22,P11,6.0,12.0,72.0,Delivered,,Web
BB003305,C0206,PET0251,2025-10-04,P11,5.0,12.0,60.0,Delivered,4,Web
BB003306,C0206,PET0251,2025-10-15,P09,4.0,12.5,50.0,Delivered,,Pickup
BB003307,C0206,PET0251,2025-10-22,P11,6.0,12.0,72.0,Delivered,,Web
BB003308,C0206,PET0251,2025-10-29,P11,7.0,12.0,84.0,Delivered,,Web
BB003309,C0206,PET0251,2025-11-08,P02,6.0,13.0,78.0,Delivered,4,Web
BB003310,C0206,PET0251,2025-11-18,P11,5.0,12.0,60.0,Delivered,5,Web
BB003311,C0206,PET0251,2025-11-30,P11,5.0,12.0,60.0,Delivered,5,Re-order Email
BB003312,C0206,PET0251,2025-12-08,P11,2.0,12.0,24.0,Delivered,5,Pickup
BB003313,C0206,PET0251,2025-12-22,P11,5.0,12.0,60.0,Delivered,,Web
BB003314,C0206,PET0251,2025-12-29,P11,5.0,12.0,60.0,Delivered,5,Web
BB003315,C0206,PET0251,2026-01-10,P11,5.0,12.0,60.0,Delivered,,Web
BB003316,C0206,PET0251,2026-01-17,P11,4.0,12.0,48.0,Delivered,,Web
BB003317,C0206,PET0251,2026-01-26,P12,5.0,12.5,62.5,Delivered,,Web
BB003318,C0206,PET0251,2026-02-05,P08,4.0,15.5,62.0,Delivered,5,Web
BB003319,C0206,PET0251,2026-02-13,P10,5.0,13.0,65.0,Delivered,,Web
BB003320,C0206,PET0251,2026-02-20,P09,2.0,12.5,25.0,Delivered,,Pickup
BB003321,C0206,PET0251,2026-03-04,P02,3.0,13.0,39.0,Delivered,,Web
BB003322,C0206,PET0251,2026-03-13,P11,4.0,12.0,48.0,Delivered,,Web
BB003323,C0206,PET0251,2026-03-22,P11,7.0,12.0,84.0,Delivered,5,Pickup
BB003324,C0206,PET0251,2026-04-01,P03,6.0,13.5,81.0,Delivered,,Web
BB003325,C0206,PET0251,2026-04-15,P11,6.0,12.0,72.0,Delivered,3,Pickup
BB003326,C0207,PET0252,2025-07-16,P03,3.0,13.5,40.5,Delivered,,Web
BB003327,C0207,PET0252,2025-07-30,P03,5.0,13.5,67.5,Delivered,,Pickup
BB003328,C0207,PET0252,2025-08-07,P03,6.0,13.5,81.0,Delivered,,Web
BB003329,C0207,PET0252,2025-08-14,P03,5.0,13.5,67.5,Delivered,5,Pickup
BB003330,C0207,PET0252,2025-08-23,P11,5.0,12.0,60.0,Delivered,,Web
BB003331,C0207,PET0252,2025-09-05,P03,4.0,13.5,54.0,Delivered,,Pickup
BB003332,C0207,PET0252,2025-09-12,P03,5.0,13.5,67.5,Delivered,3,Web
BB003333,C0207,PET0252,2025-09-22,P03,6.0,13.5,81.0,Delivered,,Web
BB003334,C0207,PET0252,2025-10-06,P03,6.0,13.5,81.0,Delivered,5,Web
BB003335,C0207,PET0252,2025-10-16,P03,4.0,13.5,54.0,Delivered,5,Web
BB003336,C0207,PET0252,2025-10-26,P03,6.0,13.5,81.0,Delivered,,Web
BB003337,C0207,PET0252,2025-11-05,P03,3.0,13.5,40.5,Delivered,,Pickup
BB003338,C0207,PET0252,2025-11-12,P03,5.0,13.5,67.5,Delivered,5,Web
BB003339,C0207,PET0252,2025-11-20,P09,5.0,12.5,62.5,Delivered,5,Web
BB003340,C0207,PET0252,2025-11-30,P03,7.0,13.5,94.5,Delivered,5,Web
BB003341,C0207,PET0252,2025-12-13,P11,6.0,12.0,72.0,Delivered,5,Web
BB003342,C0207,PET0252,2025-12-27,P03,5.0,13.5,67.5,Delivered,,Pickup
BB003343,C0207,PET0252,2026-01-09,P08,6.0,15.5,93.0,Delivered,,Web
BB003344,C0207,PET0252,2026-01-19,P03,6.0,13.5,81.0,Delivered,,Re-order Email
BB003345,C0207,PET0252,2026-01-29,P03,4.0,13.5,54.0,Delivered,,Web
BB003346,C0207,PET0252,2026-02-10,P03,6.0,13.5,81.0,Delivered,5,Re-order Email
BB003347,C0207,PET0252,2026-02-23,P03,6.0,13.5,81.0,Delivered,5,Web
BB003348,C0207,PET0252,2026-03-09,P11,4.0,12.0,48.0,Delivered,,Pickup
BB003349,C0207,PET0252,2026-03-21,P03,6.0,13.5,81.0,Delivered,,Web
BB003350,C0207,PET0252,2026-04-04,P12,5.0,12.5,62.5,Delivered,,Web
BB003351,C0207,PET0252,2026-04-18,P03,5.0,13.5,67.5,Delivered,,Web
BB003352,C0207,PET0252,2026-04-28,P03,6.0,13.5,81.0,Delivered,5,Web
BB003353,C0208,PET0253,2026-03-25,P08,5.0,15.5,77.5,Delivered,,Web
BB003354,C0208,PET0253,2026-04-03,P10,5.0,13.0,65.0,Delivered,5,Web
BB003355,C0209,PET0254,2025-11-13,P08,5.0,15.5,77.5,Delivered,4,Web
BB003356,C0209,PET0254,2025-11-23,P11,6.0,12.0,72.0,Delivered,,Web
BB003357,C0209,PET0254,2025-11-30,P08,6.0,15.5,93.0,Delivered,,Re-order Email
BB003358,C0209,PET0254,2025-12-07,P08,6.0,15.5,93.0,Delivered,5,Web
BB003359,C0209,PET0254,2025-12-17,P08,7.0,15.5,108.5,Delivered,4,Re-order Email
BB003360,C0209,PET0254,2025-12-28,P08,4.0,15.5,62.0,Delivered,,Pickup
BB003361,C0209,PET0254,2026-01-09,P08,6.0,15.5,93.0,Delivered,,Re-order Email
BB003362,C0209,PET0254,2026-01-21,P08,4.0,15.5,62.0,Delivered,,Web
BB003363,C0209,PET0254,2026-01-30,P08,6.0,15.5,93.0,Delivered,,Web
BB003364,C0209,PET0254,2026-02-09,P08,5.0,15.5,77.5,Delivered,,Web
BB003365,C0209,PET0254,2026-02-23,P08,3.0,15.5,46.5,Delivered,,Re-order Email
BB003366,C0209,PET0254,2026-03-07,P08,3.0,15.5,46.5,Delivered,,Web
BB003367,C0209,PET0254,2026-03-21,P09,4.0,12.5,50.0,Delivered,,Pickup
BB003368,C0209,PET0254,2026-03-31,P08,4.0,15.5,62.0,Delivered,,Web
BB003369,C0209,PET0254,2026-04-09,P08,4.0,15.5,62.0,Delivered,,Web
BB003370,C0209,PET0254,2026-04-18,P09,3.0,12.5,37.5,Delivered,,Web
BB003371,C0210,PET0255,2025-08-31,P08,5.0,15.5,77.5,Delivered,4,Web
BB003372,C0210,PET0255,2025-09-12,P08,2.0,15.5,31.0,Delivered,5,Web
BB003373,C0210,PET0255,2025-09-25,P08,3.0,15.5,46.5,Delivered,,Web
BB003374,C0210,PET0255,2025-10-08,P08,6.0,15.5,93.0,Delivered,,Web
BB003375,C0210,PET0255,2025-10-17,P08,4.0,15.5,62.0,Delivered,,Pickup
BB003376,C0210,PET0255,2025-10-26,P08,7.0,15.5,108.5,Delivered,,Web
BB003377,C0210,PET0255,2025-11-06,P08,5.0,15.5,77.5,Delivered,,Re-order Email
BB003378,C0210,PET0255,2025-11-14,P08,4.0,15.5,62.0,Delivered,,Pickup
BB003379,C0210,PET0255,2025-11-27,P08,5.0,15.5,77.5,Delivered,,Re-order Email
BB003380,C0210,PET0255,2025-12-05,P12,2.0,12.5,25.0,Delivered,5,Pickup
BB003381,C0210,PET0255,2025-12-13,P08,5.0,15.5,77.5,Delivered,,Re-order Email
BB003382,C0210,PET0255,2025-12-27,P06,4.0,14.5,58.0,Delivered,,Web
BB003383,C0210,PET0255,2026-01-04,P12,3.0,12.5,37.5,Delivered,,Web
BB003384,C0210,PET0255,2026-01-16,P11,5.0,12.0,60.0,Delivered,5,Web
BB003385,C0210,PET0255,2026-01-26,P08,7.0,15.5,108.5,Delivered,,Pickup
BB003386,C0210,PET0255,2026-02-04,P08,6.0,15.5,93.0,Delivered,,Web
BB003387,C0210,PET0255,2026-02-17,P06,5.0,14.5,72.5,Delivered,,Pickup
BB003388,C0210,PET0255,2026-02-26,P08,5.0,15.5,77.5,Delivered,,Web
BB003389,C0210,PET0255,2026-03-10,P08,5.0,15.5,77.5,Delivered,5,Web
BB003390,C0210,PET0255,2026-03-24,P08,6.0,15.5,93.0,Delivered,5,Pickup
BB003391,C0210,PET0255,2026-04-05,P09,6.0,12.5,75.0,Delivered,4,Web
BB003392,C0210,PET0255,2026-04-18,P08,5.0,15.5,77.5,Delivered,,Web
BB003393,C0210,PET0255,2026-04-30,P08,5.0,15.5,77.5,Delivered,4,Web
BB003394,C0211,PET0256,2025-09-22,P07,3.0,13.5,40.5,Delivered,,Web
BB003395,C0211,PET0256,2025-10-03,P11,6.0,12.0,72.0,Delivered,,Web
BB003396,C0211,PET0256,2025-10-13,P11,5.0,12.0,60.0,Delivered,5,Pickup
BB003397,C0211,PET0256,2025-10-21,P08,5.0,15.5,77.5,Delivered,,Web
BB003398,C0211,PET0256,2025-11-03,P11,4.0,12.0,48.0,Delivered,,Web
BB003399,C0211,PET0256,2025-11-10,P11,5.0,12.0,60.0,Delivered,5,Web
BB003400,C0211,PET0256,2025-11-17,P10,4.0,13.0,52.0,Delivered,5,Web
BB003401,C0211,PET0256,2025-11-30,P11,4.0,12.0,48.0,Delivered,,Web
BB003402,C0211,PET0256,2025-12-08,P11,5.0,12.0,60.0,Delivered,,Web
BB003403,C0211,PET0256,2025-12-21,P11,2.0,12.0,24.0,Delivered,,Web
BB003404,C0211,PET0256,2025-12-28,P11,3.0,12.0,36.0,Delivered,5,Web
BB003405,C0211,PET0256,2026-01-10,P11,7.0,12.0,84.0,Delivered,,Pickup
BB003406,C0211,PET0256,2026-01-20,P11,4.0,12.0,48.0,Delivered,5,Web
BB003407,C0211,PET0256,2026-02-01,P11,5.0,12.0,60.0,Delivered,5,Web
BB003408,C0211,PET0256,2026-02-09,P11,6.0,12.0,72.0,Delivered,,Web
BB003409,C0211,PET0256,2026-02-17,P11,4.0,12.0,48.0,Delivered,5,Web
BB003410,C0211,PET0256,2026-02-27,P10,7.0,13.0,91.0,Delivered,,Web
BB003411,C0211,PET0256,2026-03-09,P09,4.0,12.5,50.0,Delivered,,Web
BB003412,C0211,PET0256,2026-03-17,P11,3.0,12.0,36.0,Delivered,5,Re-order Email
BB003413,C0211,PET0256,2026-03-27,P11,5.0,12.0,60.0,Delivered,,Web
BB003414,C0211,PET0256,2026-04-08,P11,6.0,12.0,72.0,Delivered,5,Pickup
BB003415,C0211,PET0256,2026-04-18,P11,5.0,12.0,60.0,Delivered,,Web
BB003416,C0212,PET0257,2025-12-23,P01,4.0,14.5,58.0,Delivered,5,Web
BB003417,C0212,PET0257,2026-01-02,P01,6.0,14.5,87.0,Delivered,5,Web
BB003418,C0212,PET0257,2026-01-15,P01,3.0,14.5,43.5,Delivered,5,Web
BB003419,C0212,PET0257,2026-01-26,P01,5.0,14.5,72.5,Delivered,,Re-order Email
BB003420,C0212,PET0257,2026-02-05,P01,5.0,14.5,72.5,Delivered,,Web
BB003421,C0212,PET0257,2026-02-16,P07,5.0,13.5,67.5,Delivered,,Web
BB003422,C0212,PET0257,2026-02-25,P12,4.0,12.5,50.0,Delivered,,Web
BB003423,C0212,PET0257,2026-03-08,P01,7.0,14.5,101.5,Delivered,,Re-order Email
BB003424,C0212,PET0257,2026-03-20,P01,5.0,14.5,72.5,Delivered,,Web
BB003425,C0212,PET0257,2026-04-02,P01,4.0,14.5,58.0,Delivered,,Web
BB003426,C0212,PET0257,2026-04-10,P01,4.0,14.5,58.0,Delivered,,Web
BB003427,C0212,PET0257,2026-04-19,P11,4.0,12.0,48.0,Delivered,,Web
BB003428,C0212,PET0257,2026-04-29,P01,3.0,14.5,43.5,Delivered,,Re-order Email
BB003429,C0213,PET0258,2025-12-21,P06,6.0,14.5,87.0,Delivered,,Web
BB003430,C0213,PET0258,2026-01-02,P03,5.0,13.5,67.5,Delivered,3,Web
BB003431,C0213,PET0258,2026-01-09,P01,6.0,14.5,87.0,Delivered,5,Web
BB003432,C0213,PET0258,2026-01-17,P06,4.0,14.5,58.0,Delivered,,Pickup
BB003433,C0213,PET0258,2026-01-26,P03,4.0,13.5,54.0,Delivered,,Re-order Email
BB003434,C0213,PET0258,2026-02-05,P04,4.0,14.0,56.0,Delivered,,Web
BB003435,C0213,PET0258,2026-02-15,P04,6.0,14.0,84.0,Delivered,5,Web
BB003436,C0213,PET0258,2026-02-28,P03,4.0,13.5,54.0,Delivered,5,Web
BB003437,C0213,PET0258,2026-03-10,P03,6.0,13.5,81.0,Delivered,,Web
BB003438,C0213,PET0258,2026-03-19,P03,4.0,13.5,54.0,Delivered,,Web
BB003439,C0213,PET0258,2026-03-29,P03,5.0,13.5,67.5,Delivered,,Web
BB003440,C0213,PET0258,2026-04-05,P03,6.0,13.5,81.0,Delivered,3,Web
BB003441,C0213,PET0258,2026-04-17,P07,6.0,13.5,81.0,Delivered,,Web
BB003442,C0213,PET0259,2025-12-22,P01,4.0,14.5,58.0,Delivered,4,Web
BB003443,C0213,PET0259,2025-12-29,P01,5.0,14.5,72.5,Delivered,5,Web
BB003444,C0213,PET0259,2026-01-08,P01,6.0,14.5,87.0,Delivered,4,Web
BB003445,C0213,PET0259,2026-01-17,P01,3.0,14.5,43.5,Delivered,,Web
BB003446,C0213,PET0259,2026-01-24,P01,2.0,14.5,29.0,Delivered,,Web
BB003447,C0213,PET0259,2026-02-03,P01,3.0,14.5,43.5,Delivered,5,Web
BB003448,C0213,PET0259,2026-02-10,P01,5.0,14.5,72.5,Delivered,,Web
BB003449,C0213,PET0259,2026-02-17,P01,4.0,14.5,58.0,Delivered,5,Web
BB003450,C0213,PET0259,2026-02-24,P01,4.0,14.5,58.0,Delivered,,Re-order Email
BB003451,C0213,PET0259,2026-03-05,P01,6.0,14.5,87.0,Delivered,,Re-order Email
BB003452,C0213,PET0259,2026-03-13,P01,6.0,14.5,87.0,Delivered,5,Pickup
BB003453,C0213,PET0259,2026-03-21,P07,4.0,13.5,54.0,Delivered,,Web
BB003454,C0213,PET0259,2026-03-31,P01,5.0,14.5,72.5,Delivered,,Re-order Email
BB003455,C0213,PET0259,2026-04-10,P11,2.0,12.0,24.0,Delivered,4,Web
BB003456,C0213,PET0259,2026-04-23,P01,4.0,14.5,58.0,Delivered,5,Web
BB003457,C0214,PET0260,2026-02-11,P07,5.0,13.5,67.5,Delivered,5,Web
BB003458,C0214,PET0260,2026-02-18,P07,3.0,13.5,40.5,Delivered,,Web
BB003459,C0214,PET0260,2026-02-27,P07,5.0,13.5,67.5,Delivered,,Web
BB003460,C0214,PET0260,2026-03-06,P03,7.0,13.5,94.5,Delivered,,Web
BB003461,C0214,PET0260,2026-03-18,P01,4.0,14.5,58.0,Delivered,,Web
BB003462,C0214,PET0260,2026-03-31,P07,7.0,13.5,94.5,Delivered,4,Web
BB003463,C0214,PET0260,2026-04-12,P12,3.0,12.5,37.5,Delivered,,Web
BB003464,C0214,PET0260,2026-04-21,P10,6.0,13.0,78.0,Delivered,,Pickup
BB003465,C0214,PET0260,2026-04-28,P07,7.0,13.5,94.5,Delivered,3,Web
BB003466,C0215,PET0261,2026-03-24,P04,5.0,14.0,70.0,Delivered,5,Web
BB003467,C0215,PET0261,2026-03-31,P08,7.0,15.5,108.5,Delivered,,Web
BB003468,C0215,PET0261,2026-04-09,P04,5.0,14.0,70.0,Delivered,,Web
BB003469,C0215,PET0261,2026-04-21,P04,3.0,14.0,42.0,Delivered,,Re-order Email
BB003470,C0215,PET0262,2026-03-23,P12,3.0,12.5,37.5,Delivered,,Re-order Email
BB003471,C0215,PET0262,2026-03-30,P06,5.0,14.5,72.5,Delivered,,Re-order Email
BB003472,C0215,PET0262,2026-04-08,P08,3.0,15.5,46.5,Delivered,,Re-order Email
BB003473,C0215,PET0262,2026-04-20,P08,6.0,15.5,93.0,Delivered,,Web
BB003474,C0216,PET0263,2025-04-03,P07,5.0,13.5,67.5,Delivered,,Web
BB003475,C0216,PET0263,2025-04-15,P06,6.0,14.5,87.0,Delivered,,Web
BB003476,C0216,PET0263,2025-04-29,P06,7.0,14.5,101.5,Delivered,,Web
BB003477,C0216,PET0263,2025-05-12,P06,6.0,14.5,87.0,Delivered,5,Pickup
BB003478,C0216,PET0263,2025-05-22,P06,2.0,14.5,29.0,Delivered,5,Web
BB003479,C0216,PET0263,2025-06-03,P07,5.0,13.5,67.5,Delivered,,Re-order Email
BB003480,C0216,PET0263,2025-06-15,P06,4.0,14.5,58.0,Delivered,,Web
BB003481,C0216,PET0263,2025-06-28,P06,6.0,14.5,87.0,Delivered,5,Web
BB003482,C0216,PET0263,2025-07-12,P06,4.0,14.5,58.0,Delivered,,Web
BB003483,C0216,PET0263,2025-07-19,P02,6.0,13.0,78.0,Delivered,,Web
BB003484,C0216,PET0263,2025-08-02,P06,5.0,14.5,72.5,Delivered,5,Web
BB003485,C0216,PET0263,2025-08-15,P06,5.0,14.5,72.5,Delivered,,Web
BB003486,C0216,PET0263,2025-08-27,P06,6.0,14.5,87.0,Delivered,,Web
BB003487,C0216,PET0263,2025-09-03,P06,4.0,14.5,58.0,Delivered,5,Web
BB003488,C0216,PET0263,2025-09-14,P06,7.0,14.5,101.5,Delivered,,Web
BB003489,C0216,PET0263,2025-09-27,P06,6.0,14.5,87.0,Delivered,,Web
BB003490,C0216,PET0263,2025-10-05,P06,4.0,14.5,58.0,Delivered,,Web
BB003491,C0216,PET0263,2025-10-14,P06,6.0,14.5,87.0,Delivered,5,Web
BB003492,C0216,PET0263,2025-10-21,P12,4.0,12.5,50.0,Delivered,,Web
BB003493,C0216,PET0263,2025-11-04,P06,6.0,14.5,87.0,Delivered,,Web
BB003494,C0216,PET0263,2025-11-12,P06,3.0,14.5,43.5,Delivered,5,Web
BB003495,C0216,PET0263,2025-11-22,P09,6.0,12.5,75.0,Delivered,5,Pickup
BB003496,C0216,PET0263,2025-12-03,P06,5.0,14.5,72.5,Delivered,,Web
BB003497,C0216,PET0263,2025-12-12,P06,7.0,14.5,101.5,Delivered,,Web
BB003498,C0216,PET0263,2025-12-19,P06,6.0,14.5,87.0,Delivered,,Web
BB003499,C0216,PET0263,2025-12-31,P12,3.0,12.5,37.5,Delivered,5,Web
BB003500,C0216,PET0263,2026-01-07,P06,5.0,14.5,72.5,Delivered,4,Web
BB003501,C0216,PET0263,2026-01-14,P06,2.0,14.5,29.0,Delivered,5,Re-order Email
BB003502,C0216,PET0263,2026-01-28,P06,4.0,14.5,58.0,Delivered,,Re-order Email
BB003503,C0216,PET0263,2026-02-06,P06,6.0,14.5,87.0,Delivered,,Re-order Email
BB003504,C0216,PET0263,2026-02-13,P06,7.0,14.5,101.5,Delivered,,Re-order Email
BB003505,C0216,PET0263,2026-02-22,P06,5.0,14.5,72.5,Delivered,,Pickup
BB003506,C0216,PET0263,2026-03-05,P06,4.0,14.5,58.0,Delivered,,Re-order Email
BB003507,C0216,PET0263,2026-03-16,P06,5.0,14.5,72.5,Delivered,,Web
BB003508,C0216,PET0263,2026-03-30,P06,6.0,14.5,87.0,Delivered,,Pickup
BB003509,C0216,PET0263,2026-04-07,P02,6.0,13.0,78.0,Delivered,,Web
BB003510,C0216,PET0263,2026-04-16,P06,5.0,14.5,72.5,Delivered,,Web
BB003511,C0216,PET0263,2026-04-28,P06,4.0,14.5,58.0,Delivered,,Re-order Email
BB003512,C0216,PET0264,2025-04-05,P09,3.0,12.5,37.5,Delivered,,Pickup
BB003513,C0216,PET0264,2025-04-14,P07,4.0,13.5,54.0,Delivered,4,Web
BB003514,C0216,PET0264,2025-04-23,P07,3.0,13.5,40.5,Delivered,,Web
BB003515,C0216,PET0264,2025-05-06,P03,6.0,13.5,81.0,Delivered,,Web
BB003516,C0216,PET0264,2025-05-18,P09,5.0,12.5,62.5,Delivered,,Web
BB003517,C0216,PET0264,2025-05-25,P11,5.0,12.0,60.0,Delivered,5,Re-order Email
BB003518,C0216,PET0264,2025-06-02,P07,7.0,13.5,94.5,Delivered,5,Web
BB003519,C0216,PET0264,2025-06-12,P07,6.0,13.5,81.0,Delivered,,Web
BB003520,C0216,PET0264,2025-06-23,P07,4.0,13.5,54.0,Delivered,,Web
BB003521,C0216,PET0264,2025-06-30,P02,4.0,13.0,52.0,Delivered,,Web
BB003522,C0216,PET0264,2025-07-13,P07,3.0,13.5,40.5,Delivered,,Web
BB003523,C0216,PET0264,2025-07-23,P11,3.0,12.0,36.0,Delivered,,Web
BB003524,C0216,PET0264,2025-08-03,P07,4.0,13.5,54.0,Delivered,5,Re-order Email
BB003525,C0216,PET0264,2025-08-10,P07,5.0,13.5,67.5,Delivered,,Web
BB003526,C0216,PET0264,2025-08-23,P07,6.0,13.5,81.0,Delivered,5,Web
BB003527,C0216,PET0264,2025-09-05,P07,4.0,13.5,54.0,Delivered,4,Web
BB003528,C0216,PET0264,2025-09-18,P07,6.0,13.5,81.0,Delivered,5,Web
BB003529,C0216,PET0264,2025-09-28,P12,4.0,12.5,50.0,Delivered,5,Web
BB003530,C0216,PET0264,2025-10-08,P07,5.0,13.5,67.5,Delivered,,Re-order Email
BB003531,C0216,PET0264,2025-10-18,P06,6.0,14.5,87.0,Delivered,,Web
BB003532,C0216,PET0264,2025-10-26,P07,6.0,13.5,81.0,Delivered,,Web
BB003533,C0216,PET0264,2025-11-05,P07,7.0,13.5,94.5,Delivered,5,Web
BB003534,C0216,PET0264,2025-11-14,P07,6.0,13.5,81.0,Delivered,,Web
BB003535,C0216,PET0264,2025-11-27,P07,4.0,13.5,54.0,Delivered,,Web
BB003536,C0216,PET0264,2025-12-07,P07,6.0,13.5,81.0,Delivered,,Web
BB003537,C0216,PET0264,2025-12-18,P01,7.0,14.5,101.5,Delivered,,Web
BB003538,C0216,PET0264,2025-12-30,P11,6.0,12.0,72.0,Delivered,5,Web
BB003539,C0216,PET0264,2026-01-11,P08,6.0,15.5,93.0,Delivered,,Web
BB003540,C0216,PET0264,2026-01-23,P07,3.0,13.5,40.5,Delivered,,Web
BB003541,C0216,PET0264,2026-02-04,P07,3.0,13.5,40.5,Delivered,,Web
BB003542,C0216,PET0264,2026-02-11,P02,4.0,13.0,52.0,Delivered,,Web
BB003543,C0216,PET0264,2026-02-23,P07,7.0,13.5,94.5,Delivered,,Web
BB003544,C0216,PET0264,2026-03-03,P01,3.0,14.5,43.5,Delivered,,Web
BB003545,C0216,PET0264,2026-03-10,P07,3.0,13.5,40.5,Delivered,5,Re-order Email
BB003546,C0216,PET0264,2026-03-17,P07,3.0,13.5,40.5,Delivered,,Web
BB003547,C0216,PET0264,2026-03-29,P07,4.0,13.5,54.0,Delivered,,Web
BB003548,C0216,PET0264,2026-04-06,P07,5.0,13.5,67.5,Delivered,,Web
BB003549,C0216,PET0264,2026-04-16,P07,4.0,13.5,54.0,Delivered,,Web
BB003550,C0216,PET0264,2026-04-24,P07,6.0,13.5,81.0,Delivered,5,Re-order Email
BB003551,C0217,PET0265,2026-04-29,P03,4.0,13.5,54.0,Delivered,,Web
BB003552,C0218,PET0266,2025-12-17,P08,5.0,15.5,77.5,Delivered,4,Web
BB003553,C0218,PET0266,2025-12-25,P08,5.0,15.5,77.5,Delivered,,Re-order Email
BB003554,C0218,PET0266,2026-01-06,P08,6.0,15.5,93.0,Delivered,,Web
BB003555,C0218,PET0266,2026-01-17,P08,7.0,15.5,108.5,Delivered,5,Web
BB003556,C0218,PET0266,2026-01-30,P08,4.0,15.5,62.0,Delivered,4,Web
BB003557,C0218,PET0266,2026-02-12,P08,5.0,15.5,77.5,Delivered,5,Web
BB003558,C0218,PET0266,2026-02-19,P09,6.0,12.5,75.0,Delivered,3,Re-order Email
BB003559,C0218,PET0266,2026-03-03,P09,3.0,12.5,37.5,Delivered,,Web
BB003560,C0218,PET0266,2026-03-14,P08,5.0,15.5,77.5,Delivered,5,Re-order Email
BB003561,C0218,PET0266,2026-03-21,P08,3.0,15.5,46.5,Delivered,5,Web
BB003562,C0218,PET0266,2026-03-31,P08,5.0,15.5,77.5,Delivered,,Re-order Email
BB003563,C0218,PET0266,2026-04-12,P02,5.0,13.0,65.0,Delivered,,Web
BB003564,C0218,PET0266,2026-04-24,P08,7.0,15.5,108.5,Delivered,,Web
BB003565,C0218,PET0267,2025-12-18,P06,5.0,14.5,72.5,Delivered,,Pickup
BB003566,C0218,PET0267,2025-12-25,P12,5.0,12.5,62.5,Delivered,5,Web
BB003567,C0218,PET0267,2026-01-07,P01,3.0,14.5,43.5,Delivered,,Web
BB003568,C0218,PET0267,2026-01-21,P06,3.0,14.5,43.5,Delivered,,Web
BB003569,C0218,PET0267,2026-01-30,P09,4.0,12.5,50.0,Delivered,,Re-order Email
BB003570,C0218,PET0267,2026-02-13,P01,7.0,14.5,101.5,Delivered,5,Web
BB003571,C0218,PET0267,2026-02-27,P06,3.0,14.5,43.5,Delivered,,Pickup
BB003572,C0218,PET0267,2026-03-12,P06,6.0,14.5,87.0,Delivered,5,Web
BB003573,C0218,PET0267,2026-03-21,P06,4.0,14.5,58.0,Delivered,,Re-order Email
BB003574,C0218,PET0267,2026-04-03,P06,3.0,14.5,43.5,Delivered,,Web
BB003575,C0218,PET0267,2026-04-17,P06,2.0,14.5,29.0,Delivered,,Web
BB003576,C0218,PET0267,2026-04-27,P06,4.0,14.5,58.0,Delivered,,Web
BB003577,C0219,PET0268,2026-01-26,P11,4.0,12.0,48.0,Delivered,,Web
BB003578,C0219,PET0268,2026-02-04,P07,5.0,13.5,67.5,Delivered,,Web
BB003579,C0219,PET0268,2026-02-17,P01,3.0,14.5,43.5,Delivered,,Web
BB003580,C0219,PET0268,2026-02-26,P07,4.0,13.5,54.0,Delivered,,Web
BB003581,C0219,PET0268,2026-03-06,P07,4.0,13.5,54.0,Delivered,,Web
BB003582,C0219,PET0268,2026-03-16,P07,4.0,13.5,54.0,Delivered,5,Web
BB003583,C0219,PET0268,2026-03-28,P07,7.0,13.5,94.5,Delivered,4,Pickup
BB003584,C0219,PET0268,2026-04-04,P08,2.0,15.5,31.0,Delivered,,Web
BB003585,C0219,PET0268,2026-04-17,P11,5.0,12.0,60.0,Delivered,4,Web
BB003586,C0220,PET0269,2026-04-29,P08,3.0,15.5,46.5,Delivered,3,Pickup
BB003587,C0221,PET0270,2026-02-17,P03,4.0,13.5,54.0,Delivered,,Web
BB003588,C0221,PET0270,2026-02-25,P03,5.0,13.5,67.5,Delivered,,Web
BB003589,C0221,PET0270,2026-03-09,P03,6.0,13.5,81.0,Delivered,5,Pickup
BB003590,C0221,PET0270,2026-03-22,P03,6.0,13.5,81.0,Delivered,,Re-order Email
BB003591,C0221,PET0270,2026-04-04,P03,6.0,13.5,81.0,Delivered,4,Pickup
BB003592,C0221,PET0270,2026-04-17,P08,5.0,15.5,77.5,Delivered,,Pickup
BB003593,C0221,PET0270,2026-04-26,P06,4.0,14.5,58.0,Delivered,5,Web
BB003594,C0221,PET0271,2026-02-17,P03,4.0,13.5,54.0,Delivered,,Web
BB003595,C0221,PET0271,2026-02-27,P03,6.0,13.5,81.0,Delivered,,Web
BB003596,C0221,PET0271,2026-03-09,P03,4.0,13.5,54.0,Delivered,,Web
BB003597,C0221,PET0271,2026-03-19,P01,6.0,14.5,87.0,Delivered,,Pickup
BB003598,C0221,PET0271,2026-04-02,P09,7.0,12.5,87.5,Delivered,,Web
BB003599,C0221,PET0271,2026-04-11,P03,3.0,13.5,40.5,Delivered,5,Web
BB003600,C0221,PET0271,2026-04-18,P03,5.0,13.5,67.5,Delivered,,Web
BB003601,C0221,PET0272,2026-02-16,P10,5.0,13.0,65.0,Delivered,4,Web
BB003602,C0221,PET0272,2026-03-02,P10,4.0,13.0,52.0,Delivered,5,Web
BB003603,C0221,PET0272,2026-03-16,P10,6.0,13.0,78.0,Delivered,,Pickup
BB003604,C0221,PET0272,2026-03-29,P10,5.0,13.0,65.0,Delivered,4,Web
BB003605,C0221,PET0272,2026-04-12,P10,7.0,13.0,91.0,Delivered,,Web
BB003606,C0221,PET0272,2026-04-23,P10,5.0,13.0,65.0,Delivered,,Web
BB003607,C0222,PET0273,2026-03-19,P12,3.0,12.5,37.5,Delivered,,Re-order Email
BB003608,C0222,PET0273,2026-03-27,P11,5.0,12.0,60.0,Delivered,,Web
BB003609,C0222,PET0273,2026-04-05,P12,5.0,12.5,62.5,Delivered,,Web
BB003610,C0222,PET0273,2026-04-15,P12,4.0,12.5,50.0,Delivered,,Re-order Email
BB003611,C0222,PET0273,2026-04-22,P12,4.0,12.5,50.0,Delivered,,Web
BB003612,C0223,PET0274,2026-03-18,P02,4.0,13.0,52.0,Delivered,5,Web
BB003613,C0223,PET0274,2026-03-29,P02,4.0,13.0,52.0,Delivered,,Web
BB003614,C0223,PET0274,2026-04-08,P04,4.0,14.0,56.0,Delivered,,Web
BB003615,C0223,PET0274,2026-04-17,P08,4.0,15.5,62.0,Delivered,,Web
BB003616,C0224,PET0276,2026-04-29,P05,4.0,15.0,60.0,Delivered,,Web
BB003617,C0225,PET0277,2026-04-19,P03,5.0,13.5,67.5,Delivered,,Web
BB003618,C0226,PET0278,2024-11-14,P03,5.0,13.5,67.5,Delivered,,Web
BB003619,C0226,PET0278,2024-11-27,P08,4.0,15.5,62.0,Delivered,4,Web
BB003620,C0226,PET0278,2024-12-04,P03,3.0,13.5,40.5,Delivered,,Web
BB003621,C0226,PET0278,2024-12-11,P03,7.0,13.5,94.5,Delivered,,Web
BB003622,C0226,PET0278,2024-12-18,P03,2.0,13.5,27.0,Delivered,,Web
BB003623,C0226,PET0278,2024-12-31,P02,6.0,13.0,78.0,Delivered,,Pickup
BB003624,C0226,PET0278,2025-01-07,P10,4.0,13.0,52.0,Delivered,,Web
BB003625,C0226,PET0278,2025-01-19,P03,3.0,13.5,40.5,Delivered,4,Web
BB003626,C0226,PET0278,2025-01-30,P12,5.0,12.5,62.5,Delivered,,Web
BB003627,C0226,PET0278,2025-02-09,P03,7.0,13.5,94.5,Delivered,,Pickup
BB003628,C0226,PET0278,2025-02-23,P03,6.0,13.5,81.0,Delivered,,Re-order Email
BB003629,C0226,PET0278,2025-03-07,P03,4.0,13.5,54.0,Delivered,5,Web
BB003630,C0226,PET0278,2025-03-20,P03,6.0,13.5,81.0,Delivered,5,Web
BB003631,C0226,PET0278,2025-04-02,P03,5.0,13.5,67.5,Delivered,,Web
BB003632,C0226,PET0278,2025-04-12,P01,5.0,14.5,72.5,Delivered,,Re-order Email
BB003633,C0226,PET0278,2025-04-22,P03,7.0,13.5,94.5,Delivered,,Re-order Email
BB003634,C0226,PET0278,2025-05-06,P11,6.0,12.0,72.0,Delivered,,Web
BB003635,C0226,PET0278,2025-05-14,P09,6.0,12.5,75.0,Delivered,5,Web
BB003636,C0226,PET0278,2025-05-21,P03,3.0,13.5,40.5,Delivered,5,Web
BB003637,C0226,PET0278,2025-06-03,P03,6.0,13.5,81.0,Delivered,,Web
BB003638,C0226,PET0278,2025-06-13,P03,5.0,13.5,67.5,Delivered,,Web
BB003639,C0226,PET0278,2025-06-20,P03,6.0,13.5,81.0,Delivered,,Web
BB003640,C0226,PET0278,2025-06-28,P03,4.0,13.5,54.0,Delivered,4,Web
BB003641,C0226,PET0278,2025-07-05,P03,3.0,13.5,40.5,Delivered,,Web
BB003642,C0226,PET0278,2025-07-13,P03,7.0,13.5,94.5,Delivered,,Re-order Email
BB003643,C0226,PET0278,2025-07-25,P03,4.0,13.5,54.0,Delivered,,Web
BB003644,C0226,PET0278,2025-08-08,P03,5.0,13.5,67.5,Delivered,5,Web
BB003645,C0226,PET0278,2025-08-22,P03,5.0,13.5,67.5,Delivered,,Web
BB003646,C0226,PET0278,2025-08-31,P07,3.0,13.5,40.5,Delivered,,Web
BB003647,C0226,PET0278,2025-09-13,P02,6.0,13.0,78.0,Delivered,,Web
BB003648,C0226,PET0278,2025-09-24,P09,4.0,12.5,50.0,Delivered,4,Web
BB003649,C0226,PET0278,2025-10-01,P11,4.0,12.0,48.0,Delivered,5,Re-order Email
BB003650,C0226,PET0278,2025-10-12,P03,5.0,13.5,67.5,Delivered,,Pickup
BB003651,C0226,PET0278,2025-10-24,P09,5.0,12.5,62.5,Delivered,,Re-order Email
BB003652,C0226,PET0278,2025-10-31,P03,3.0,13.5,40.5,Delivered,,Pickup
BB003653,C0226,PET0278,2025-11-14,P03,4.0,13.5,54.0,Delivered,,Web
BB003654,C0226,PET0278,2025-11-25,P03,7.0,13.5,94.5,Delivered,,Re-order Email
BB003655,C0226,PET0278,2025-12-05,P03,5.0,13.5,67.5,Delivered,,Web
BB003656,C0226,PET0278,2025-12-18,P03,5.0,13.5,67.5,Delivered,,Web
BB003657,C0226,PET0278,2026-01-01,P03,4.0,13.5,54.0,Delivered,,Re-order Email
BB003658,C0226,PET0278,2026-01-12,P10,4.0,13.0,52.0,Delivered,3,Web
BB003659,C0226,PET0278,2026-01-19,P11,7.0,12.0,84.0,Delivered,4,Web
BB003660,C0226,PET0278,2026-02-01,P03,6.0,13.5,81.0,Delivered,,Pickup
BB003661,C0226,PET0278,2026-02-09,P03,4.0,13.5,54.0,Delivered,3,Pickup
BB003662,C0226,PET0278,2026-02-23,P06,6.0,14.5,87.0,Delivered,5,Web
BB003663,C0226,PET0278,2026-03-05,P03,4.0,13.5,54.0,Delivered,,Pickup
BB003664,C0226,PET0278,2026-03-13,P03,3.0,13.5,40.5,Delivered,4,Web
BB003665,C0226,PET0278,2026-03-20,P03,6.0,13.5,81.0,Delivered,5,Web
BB003666,C0226,PET0278,2026-03-30,P03,4.0,13.5,54.0,Delivered,,Web
BB003667,C0226,PET0278,2026-04-06,P03,7.0,13.5,94.5,Delivered,5,Web
BB003668,C0226,PET0278,2026-04-16,P10,5.0,13.0,65.0,Delivered,,Web
BB003669,C0226,PET0278,2026-04-27,P03,6.0,13.5,81.0,Delivered,,Web
BB003670,C0226,PET0279,2024-11-12,P08,2.0,15.5,31.0,Delivered,,Re-order Email
BB003671,C0226,PET0279,2024-11-20,P08,3.0,15.5,46.5,Delivered,,Web
BB003672,C0226,PET0279,2024-11-28,P08,5.0,15.5,77.5,Delivered,,Web
BB003673,C0226,PET0279,2024-12-11,P12,5.0,12.5,62.5,Delivered,,Pickup
BB003674,C0226,PET0279,2024-12-22,P08,3.0,15.5,46.5,Delivered,,Re-order Email
BB003675,C0226,PET0279,2024-12-30,P08,5.0,15.5,77.5,Delivered,3,Web
BB003676,C0226,PET0279,2025-01-06,P08,3.0,15.5,46.5,Delivered,,Re-order Email
BB003677,C0226,PET0279,2025-01-15,P11,7.0,12.0,84.0,Delivered,,Web
BB003678,C0226,PET0279,2025-01-27,P04,5.0,14.0,70.0,Delivered,5,Re-order Email
BB003679,C0226,PET0279,2025-02-08,P08,4.0,15.5,62.0,Delivered,,Re-order Email
BB003680,C0226,PET0279,2025-02-18,P08,5.0,15.5,77.5,Delivered,5,Web
BB003681,C0226,PET0279,2025-03-01,P08,7.0,15.5,108.5,Delivered,,Web
BB003682,C0226,PET0279,2025-03-08,P08,4.0,15.5,62.0,Delivered,,Web
BB003683,C0226,PET0279,2025-03-17,P08,5.0,15.5,77.5,Delivered,4,Web
BB003684,C0226,PET0279,2025-03-24,P08,6.0,15.5,93.0,Delivered,,Web
BB003685,C0226,PET0279,2025-04-03,P08,5.0,15.5,77.5,Delivered,,Web
BB003686,C0226,PET0279,2025-04-15,P08,6.0,15.5,93.0,Delivered,5,Web
BB003687,C0226,PET0279,2025-04-22,P08,6.0,15.5,93.0,Delivered,,Web
BB003688,C0226,PET0279,2025-05-04,P10,3.0,13.0,39.0,Delivered,,Web
BB003689,C0226,PET0279,2025-05-13,P08,4.0,15.5,62.0,Delivered,,Re-order Email
BB003690,C0226,PET0279,2025-05-25,P08,5.0,15.5,77.5,Delivered,,Web
BB003691,C0226,PET0279,2025-06-06,P08,6.0,15.5,93.0,Delivered,,Web
BB003692,C0226,PET0279,2025-06-13,P08,7.0,15.5,108.5,Delivered,3,Web
BB003693,C0226,PET0279,2025-06-21,P08,5.0,15.5,77.5,Delivered,,Web
BB003694,C0226,PET0279,2025-07-01,P11,4.0,12.0,48.0,Delivered,,Web
BB003695,C0226,PET0279,2025-07-12,P10,3.0,13.0,39.0,Delivered,5,Re-order Email
BB003696,C0226,PET0279,2025-07-23,P08,2.0,15.5,31.0,Delivered,,Web
BB003697,C0226,PET0279,2025-07-31,P04,4.0,14.0,56.0,Delivered,5,Web
BB003698,C0226,PET0279,2025-08-09,P04,6.0,14.0,84.0,Delivered,,Web
BB003699,C0226,PET0279,2025-08-16,P08,4.0,15.5,62.0,Delivered,,Re-order Email
BB003700,C0226,PET0279,2025-08-27,P08,3.0,15.5,46.5,Delivered,,Web
BB003701,C0226,PET0279,2025-09-03,P08,6.0,15.5,93.0,Delivered,,Web
BB003702,C0226,PET0279,2025-09-13,P08,4.0,15.5,62.0,Delivered,4,Pickup
BB003703,C0226,PET0279,2025-09-21,P02,7.0,13.0,91.0,Delivered,,Web
BB003704,C0226,PET0279,2025-09-30,P08,3.0,15.5,46.5,Delivered,,Web
BB003705,C0226,PET0279,2025-10-11,P06,4.0,14.5,58.0,Delivered,,Web
BB003706,C0226,PET0279,2025-10-18,P08,6.0,15.5,93.0,Delivered,,Re-order Email
BB003707,C0226,PET0279,2025-10-31,P08,5.0,15.5,77.5,Delivered,4,Pickup
BB003708,C0226,PET0279,2025-11-09,P08,4.0,15.5,62.0,Delivered,,Re-order Email
BB003709,C0226,PET0279,2025-11-21,P08,4.0,15.5,62.0,Delivered,,Pickup
BB003710,C0226,PET0279,2025-11-29,P08,4.0,15.5,62.0,Delivered,,Web
BB003711,C0226,PET0279,2025-12-12,P08,2.0,15.5,31.0,Delivered,5,Web
BB003712,C0226,PET0279,2025-12-24,P07,6.0,13.5,81.0,Delivered,5,Re-order Email
BB003713,C0226,PET0279,2026-01-04,P08,4.0,15.5,62.0,Delivered,4,Web
BB003714,C0226,PET0279,2026-01-12,P08,5.0,15.5,77.5,Delivered,5,Web
BB003715,C0226,PET0279,2026-01-23,P08,4.0,15.5,62.0,Delivered,,Pickup
BB003716,C0226,PET0279,2026-02-04,P08,4.0,15.5,62.0,Delivered,,Pickup
BB003717,C0226,PET0279,2026-02-13,P08,3.0,15.5,46.5,Delivered,5,Web
BB003718,C0226,PET0279,2026-02-23,P08,6.0,15.5,93.0,Delivered,5,Web
BB003719,C0226,PET0279,2026-03-05,P12,4.0,12.5,50.0,Delivered,4,Web
BB003720,C0226,PET0279,2026-03-17,P08,6.0,15.5,93.0,Delivered,4,Web
BB003721,C0226,PET0279,2026-03-24,P11,4.0,12.0,48.0,Delivered,,Web
BB003722,C0226,PET0279,2026-04-01,P08,6.0,15.5,93.0,Delivered,4,Web
BB003723,C0226,PET0279,2026-04-12,P08,4.0,15.5,62.0,Delivered,,Web
BB003724,C0226,PET0279,2026-04-22,P08,5.0,15.5,77.5,Delivered,5,Web
BB003725,C0226,PET0280,2024-11-12,P02,6.0,13.0,78.0,Delivered,5,Web
BB003726,C0226,PET0280,2024-11-20,P02,6.0,13.0,78.0,Delivered,,Re-order Email
BB003727,C0226,PET0280,2024-11-27,P02,5.0,13.0,65.0,Delivered,,Web
BB003728,C0226,PET0280,2024-12-08,P02,4.0,13.0,52.0,Delivered,5,Re-order Email
BB003729,C0226,PET0280,2024-12-20,P02,7.0,13.0,91.0,Delivered,,Web
BB003730,C0226,PET0280,2024-12-31,P02,5.0,13.0,65.0,Delivered,,Web
BB003731,C0226,PET0280,2025-01-08,P02,3.0,13.0,39.0,Delivered,,Web
BB003732,C0226,PET0280,2025-01-19,P02,6.0,13.0,78.0,Delivered,5,Web
BB003733,C0226,PET0280,2025-01-30,P09,5.0,12.5,62.5,Delivered,,Web
BB003734,C0226,PET0280,2025-02-07,P02,6.0,13.0,78.0,Delivered,4,Web
BB003735,C0226,PET0280,2025-02-20,P02,3.0,13.0,39.0,Delivered,,Web
BB003736,C0226,PET0280,2025-03-02,P02,6.0,13.0,78.0,Delivered,,Web
BB003737,C0226,PET0280,2025-03-10,P02,4.0,13.0,52.0,Delivered,5,Re-order Email
BB003738,C0226,PET0280,2025-03-21,P09,3.0,12.5,37.5,Delivered,,Web
BB003739,C0226,PET0280,2025-04-02,P08,7.0,15.5,108.5,Delivered,5,Web
BB003740,C0226,PET0280,2025-04-14,P02,4.0,13.0,52.0,Delivered,,Web
BB003741,C0226,PET0280,2025-04-22,P02,4.0,13.0,52.0,Delivered,,Web
BB003742,C0226,PET0280,2025-05-03,P02,6.0,13.0,78.0,Delivered,,Web
BB003743,C0226,PET0280,2025-05-12,P02,4.0,13.0,52.0,Delivered,5,Web
BB003744,C0226,PET0280,2025-05-21,P02,6.0,13.0,78.0,Delivered,,Web
BB003745,C0226,PET0280,2025-05-28,P02,3.0,13.0,39.0,Delivered,,Re-order Email
BB003746,C0226,PET0280,2025-06-10,P02,5.0,13.0,65.0,Delivered,,Web
BB003747,C0226,PET0280,2025-06-18,P02,6.0,13.0,78.0,Delivered,,Web
BB003748,C0226,PET0280,2025-06-26,P08,5.0,15.5,77.5,Delivered,,Re-order Email
BB003749,C0226,PET0280,2025-07-05,P02,5.0,13.0,65.0,Delivered,,Pickup
BB003750,C0226,PET0280,2025-07-14,P06,2.0,14.5,29.0,Delivered,,Pickup
BB003751,C0226,PET0280,2025-07-23,P08,6.0,15.5,93.0,Delivered,5,Pickup
BB003752,C0226,PET0280,2025-08-04,P08,4.0,15.5,62.0,Delivered,,Pickup
BB003753,C0226,PET0280,2025-08-16,P12,5.0,12.5,62.5,Delivered,5,Pickup
BB003754,C0226,PET0280,2025-08-23,P01,6.0,14.5,87.0,Delivered,,Re-order Email
BB003755,C0226,PET0280,2025-08-30,P07,5.0,13.5,67.5,Delivered,,Re-order Email
BB003756,C0226,PET0280,2025-09-09,P03,5.0,13.5,67.5,Delivered,,Web
BB003757,C0226,PET0280,2025-09-21,P02,5.0,13.0,65.0,Delivered,,Web
BB003758,C0226,PET0280,2025-09-29,P08,5.0,15.5,77.5,Delivered,,Web
BB003759,C0226,PET0280,2025-10-06,P02,6.0,13.0,78.0,Delivered,5,Web
BB003760,C0226,PET0280,2025-10-17,P02,5.0,13.0,65.0,Delivered,4,Web
BB003761,C0226,PET0280,2025-10-25,P12,4.0,12.5,50.0,Delivered,4,Web
BB003762,C0226,PET0280,2025-11-04,P02,3.0,13.0,39.0,Delivered,,Web
BB003763,C0226,PET0280,2025-11-13,P02,4.0,13.0,52.0,Delivered,,Web
BB003764,C0226,PET0280,2025-11-23,P02,7.0,13.0,91.0,Delivered,5,Web
BB003765,C0226,PET0280,2025-12-01,P02,5.0,13.0,65.0,Delivered,,Web
BB003766,C0226,PET0280,2025-12-10,P02,5.0,13.0,65.0,Delivered,,Web
BB003767,C0226,PET0280,2025-12-20,P02,4.0,13.0,52.0,Delivered,,Re-order Email
BB003768,C0226,PET0280,2025-12-30,P02,5.0,13.0,65.0,Delivered,4,Web
BB003769,C0226,PET0280,2026-01-07,P10,5.0,13.0,65.0,Delivered,5,Web
BB003770,C0226,PET0280,2026-01-14,P12,5.0,12.5,62.5,Delivered,,Re-order Email
BB003771,C0226,PET0280,2026-01-25,P03,4.0,13.5,54.0,Delivered,,Web
BB003772,C0226,PET0280,2026-02-04,P02,7.0,13.0,91.0,Delivered,5,Pickup
BB003773,C0226,PET0280,2026-02-15,P10,5.0,13.0,65.0,Delivered,,Web
BB003774,C0226,PET0280,2026-02-27,P01,4.0,14.5,58.0,Delivered,,Web
BB003775,C0226,PET0280,2026-03-11,P02,5.0,13.0,65.0,Delivered,,Pickup
BB003776,C0227,PET0281,2024-11-13,P06,5.0,14.5,72.5,Delivered,5,Re-order Email
BB003777,C0227,PET0281,2024-11-21,P06,3.0,14.5,43.5,Delivered,,Web
BB003778,C0227,PET0281,2024-12-01,P06,6.0,14.5,87.0,Delivered,,Re-order Email
BB003779,C0227,PET0281,2024-12-14,P08,4.0,15.5,62.0,Delivered,,Web
BB003780,C0227,PET0281,2024-12-22,P06,4.0,14.5,58.0,Delivered,,Web
BB003781,C0227,PET0281,2024-12-30,P06,6.0,14.5,87.0,Delivered,,Pickup
BB003782,C0227,PET0281,2025-01-08,P06,5.0,14.5,72.5,Delivered,,Web
BB003783,C0227,PET0281,2025-01-22,P06,4.0,14.5,58.0,Delivered,,Web
BB003784,C0227,PET0281,2025-02-01,P06,3.0,14.5,43.5,Delivered,4,Web
BB003785,C0227,PET0281,2025-02-09,P03,4.0,13.5,54.0,Delivered,5,Web
BB003786,C0227,PET0281,2025-02-20,P02,4.0,13.0,52.0,Delivered,,Web
BB003787,C0227,PET0281,2025-02-27,P02,5.0,13.0,65.0,Delivered,4,Re-order Email
BB003788,C0227,PET0281,2025-03-12,P01,2.0,14.5,29.0,Delivered,,Web
BB003789,C0227,PET0281,2025-03-21,P06,2.0,14.5,29.0,Delivered,,Web
BB003790,C0227,PET0281,2025-04-03,P06,2.0,14.5,29.0,Delivered,,Web
BB003791,C0227,PET0281,2025-04-10,P06,4.0,14.5,58.0,Delivered,5,Web
BB003792,C0227,PET0281,2025-04-19,P12,5.0,12.5,62.5,Delivered,,Web
BB003793,C0227,PET0281,2025-05-03,P06,3.0,14.5,43.5,Delivered,,Web
BB003794,C0227,PET0281,2025-05-10,P03,4.0,13.5,54.0,Delivered,,Web
BB003795,C0227,PET0281,2025-05-20,P06,5.0,14.5,72.5,Delivered,,Web
BB003796,C0227,PET0281,2025-06-03,P06,5.0,14.5,72.5,Delivered,,Web
BB003797,C0227,PET0281,2025-06-10,P06,6.0,14.5,87.0,Delivered,,Pickup
BB003798,C0227,PET0281,2025-06-22,P07,3.0,13.5,40.5,Delivered,,Web
BB003799,C0227,PET0281,2025-06-29,P01,6.0,14.5,87.0,Delivered,,Web
BB003800,C0227,PET0281,2025-07-11,P06,4.0,14.5,58.0,Delivered,,Web
BB003801,C0227,PET0281,2025-07-19,P08,4.0,15.5,62.0,Delivered,5,Pickup
BB003802,C0227,PET0281,2025-08-01,P06,6.0,14.5,87.0,Delivered,,Web
BB003803,C0227,PET0281,2025-08-15,P06,6.0,14.5,87.0,Delivered,,Re-order Email
BB003804,C0227,PET0281,2025-08-22,P06,4.0,14.5,58.0,Delivered,4,Web
BB003805,C0227,PET0281,2025-08-31,P06,6.0,14.5,87.0,Delivered,4,Web
BB003806,C0227,PET0281,2025-09-07,P06,4.0,14.5,58.0,Delivered,,Web
BB003807,C0227,PET0281,2025-09-17,P02,4.0,13.0,52.0,Delivered,4,Web
BB003808,C0227,PET0281,2025-10-01,P06,4.0,14.5,58.0,Delivered,,Re-order Email
BB003809,C0227,PET0281,2025-10-15,P06,6.0,14.5,87.0,Delivered,,Web
BB003810,C0227,PET0281,2025-10-29,P07,3.0,13.5,40.5,Delivered,,Web
BB003811,C0227,PET0281,2025-11-11,P06,5.0,14.5,72.5,Delivered,,Web
BB003812,C0227,PET0281,2025-11-19,P06,4.0,14.5,58.0,Delivered,5,Pickup
BB003813,C0227,PET0281,2025-11-30,P10,6.0,13.0,78.0,Delivered,,Pickup
BB003814,C0227,PET0281,2025-12-12,P10,3.0,13.0,39.0,Delivered,,Re-order Email
BB003815,C0227,PET0281,2025-12-23,P06,6.0,14.5,87.0,Delivered,5,Web
BB003816,C0227,PET0281,2026-01-03,P06,2.0,14.5,29.0,Delivered,5,Web
BB003817,C0227,PET0281,2026-01-11,P01,4.0,14.5,58.0,Delivered,,Web
BB003818,C0227,PET0281,2026-01-22,P06,3.0,14.5,43.5,Delivered,,Web
BB003819,C0227,PET0281,2026-02-05,P06,2.0,14.5,29.0,Delivered,5,Web
BB003820,C0227,PET0281,2026-02-17,P06,7.0,14.5,101.5,Delivered,,Pickup
BB003821,C0227,PET0281,2026-02-27,P06,7.0,14.5,101.5,Delivered,5,Web
BB003822,C0227,PET0281,2026-03-09,P06,4.0,14.5,58.0,Delivered,4,Web
BB003823,C0227,PET0281,2026-03-21,P08,5.0,15.5,77.5,Delivered,,Web
BB003824,C0227,PET0281,2026-03-29,P06,5.0,14.5,72.5,Delivered,,Re-order Email
BB003825,C0227,PET0281,2026-04-10,P06,5.0,14.5,72.5,Delivered,,Web
BB003826,C0227,PET0281,2026-04-17,P06,6.0,14.5,87.0,Delivered,5,Web
BB003827,C0227,PET0281,2026-04-30,P06,7.0,14.5,101.5,Delivered,,Web
BB003828,C0228,PET0282,2026-03-13,P06,4.0,14.5,58.0,Delivered,5,Web
BB003829,C0228,PET0282,2026-03-22,P06,4.0,14.5,58.0,Delivered,,Web
BB003830,C0228,PET0283,2026-03-16,P11,6.0,12.0,72.0,Delivered,,Web
BB003831,C0228,PET0283,2026-03-26,P06,7.0,14.5,101.5,Delivered,,Re-order Email
BB003832,C0228,PET0283,2026-04-07,P06,5.0,14.5,72.5,Delivered,,Web
BB003833,C0228,PET0283,2026-04-20,P11,5.0,12.0,60.0,Delivered,,Web
BB003834,C0228,PET0283,2026-04-29,P11,4.0,12.0,48.0,Delivered,,Web
BB003835,C0229,PET0284,2025-01-16,P11,4.0,12.0,48.0,Delivered,4,Web
BB003836,C0229,PET0284,2025-01-24,P11,7.0,12.0,84.0,Delivered,,Web
BB003837,C0229,PET0284,2025-02-02,P11,3.0,12.0,36.0,Delivered,,Web
BB003838,C0229,PET0284,2025-02-14,P11,7.0,12.0,84.0,Delivered,,Web
BB003839,C0229,PET0284,2025-02-26,P11,6.0,12.0,72.0,Delivered,5,Re-order Email
BB003840,C0229,PET0284,2025-03-08,P11,5.0,12.0,60.0,Delivered,,Web
BB003841,C0229,PET0284,2025-03-16,P07,5.0,13.5,67.5,Delivered,,Web
BB003842,C0229,PET0284,2025-03-27,P11,3.0,12.0,36.0,Delivered,,Web
BB003843,C0229,PET0284,2025-04-05,P11,3.0,12.0,36.0,Delivered,,Pickup
BB003844,C0229,PET0284,2025-04-18,P10,6.0,13.0,78.0,Delivered,,Web
BB003845,C0229,PET0284,2025-04-26,P12,3.0,12.5,37.5,Delivered,4,Re-order Email
BB003846,C0229,PET0284,2025-05-09,P11,3.0,12.0,36.0,Delivered,5,Re-order Email
BB003847,C0229,PET0284,2025-05-19,P11,5.0,12.0,60.0,Delivered,4,Web
BB003848,C0229,PET0284,2025-05-26,P11,5.0,12.0,60.0,Delivered,5,Re-order Email
BB003849,C0229,PET0284,2025-06-07,P11,2.0,12.0,24.0,Delivered,,Web
BB003850,C0229,PET0284,2025-06-18,P11,4.0,12.0,48.0,Delivered,,Web
BB003851,C0229,PET0284,2025-06-30,P11,2.0,12.0,24.0,Delivered,5,Web
BB003852,C0229,PET0284,2025-07-08,P03,4.0,13.5,54.0,Delivered,,Web
BB003853,C0229,PET0284,2025-07-16,P11,7.0,12.0,84.0,Delivered,4,Web
BB003854,C0229,PET0284,2025-07-23,P11,7.0,12.0,84.0,Delivered,5,Web
BB003855,C0229,PET0284,2025-08-01,P01,5.0,14.5,72.5,Delivered,,Web
BB003856,C0229,PET0284,2025-08-14,P09,4.0,12.5,50.0,Delivered,,Web
BB003857,C0229,PET0284,2025-08-27,P11,3.0,12.0,36.0,Delivered,4,Web
BB003858,C0229,PET0284,2025-09-09,P11,3.0,12.0,36.0,Delivered,,Re-order Email
BB003859,C0229,PET0284,2025-09-16,P11,4.0,12.0,48.0,Delivered,,Web
BB003860,C0229,PET0284,2025-09-29,P11,4.0,12.0,48.0,Delivered,,Web
BB003861,C0229,PET0284,2025-10-08,P11,5.0,12.0,60.0,Delivered,,Web
BB003862,C0229,PET0284,2025-10-16,P12,7.0,12.5,87.5,Delivered,,Pickup
BB003863,C0229,PET0284,2025-10-23,P11,4.0,12.0,48.0,Delivered,,Web
BB003864,C0229,PET0284,2025-11-04,P11,5.0,12.0,60.0,Delivered,,Web
BB003865,C0229,PET0284,2025-11-17,P11,3.0,12.0,36.0,Delivered,,Web
BB003866,C0229,PET0284,2025-11-29,P11,5.0,12.0,60.0,Delivered,,Web
BB003867,C0229,PET0284,2025-12-12,P11,3.0,12.0,36.0,Delivered,5,Web
BB003868,C0229,PET0284,2025-12-20,P11,4.0,12.0,48.0,Delivered,,Web
BB003869,C0229,PET0284,2025-12-27,P01,4.0,14.5,58.0,Delivered,,Re-order Email
BB003870,C0229,PET0284,2026-01-04,P11,5.0,12.0,60.0,Delivered,,Web
BB003871,C0229,PET0284,2026-01-16,P07,3.0,13.5,40.5,Delivered,,Web
BB003872,C0229,PET0284,2026-01-28,P03,2.0,13.5,27.0,Delivered,,Web
BB003873,C0229,PET0284,2026-02-05,P01,4.0,14.5,58.0,Delivered,,Web
BB003874,C0229,PET0284,2026-02-18,P11,5.0,12.0,60.0,Delivered,5,Pickup
BB003875,C0229,PET0284,2026-02-26,P11,5.0,12.0,60.0,Delivered,,Web
BB003876,C0229,PET0284,2026-03-08,P07,5.0,13.5,67.5,Delivered,4,Web
BB003877,C0229,PET0284,2026-03-15,P11,3.0,12.0,36.0,Delivered,5,Web
BB003878,C0229,PET0284,2026-03-25,P11,5.0,12.0,60.0,Delivered,,Re-order Email
BB003879,C0230,PET0285,2026-03-06,P06,3.0,14.5,43.5,Delivered,,Web
BB003880,C0230,PET0285,2026-03-14,P12,4.0,12.5,50.0,Delivered,,Web
BB003881,C0231,PET0286,2026-02-27,P06,2.0,14.5,29.0,Delivered,,Web
BB003882,C0231,PET0286,2026-03-08,P01,2.0,14.5,29.0,Delivered,5,Web
BB003883,C0231,PET0286,2026-03-17,P06,3.0,14.5,43.5,Delivered,,Pickup
BB003884,C0231,PET0286,2026-03-29,P06,5.0,14.5,72.5,Delivered,,Re-order Email
BB003885,C0231,PET0286,2026-04-07,P06,6.0,14.5,87.0,Delivered,5,Web
BB003886,C0231,PET0286,2026-04-16,P09,5.0,12.5,62.5,Delivered,,Web
BB003887,C0231,PET0286,2026-04-25,P06,6.0,14.5,87.0,Delivered,5,Web
BB003888,C0232,PET0287,2026-03-16,P01,4.0,14.5,58.0,Delivered,,Pickup
BB003889,C0232,PET0287,2026-03-26,P02,4.0,13.0,52.0,Delivered,,Web
BB003890,C0232,PET0287,2026-04-05,P12,5.0,12.5,62.5,Delivered,,Web
BB003891,C0232,PET0287,2026-04-13,P12,6.0,12.5,75.0,Delivered,5,Re-order Email
BB003892,C0232,PET0287,2026-04-21,P08,5.0,15.5,77.5,Delivered,4,Web
BB003893,C0232,PET0288,2026-03-19,P08,6.0,15.5,93.0,Delivered,,Re-order Email
BB003894,C0232,PET0288,2026-04-01,P07,4.0,13.5,54.0,Delivered,,Web
BB003895,C0232,PET0288,2026-04-09,P07,6.0,13.5,81.0,Delivered,5,Web
BB003896,C0232,PET0288,2026-04-16,P07,6.0,13.5,81.0,Delivered,5,Web
BB003897,C0233,PET0289,2026-03-07,P02,4.0,13.0,52.0,Delivered,,Web
BB003898,C0233,PET0289,2026-03-20,P02,4.0,13.0,52.0,Delivered,,Re-order Email
BB003899,C0233,PET0289,2026-04-01,P01,3.0,14.5,43.5,Delivered,,Pickup
BB003900,C0233,PET0289,2026-04-09,P02,4.0,13.0,52.0,Delivered,5,Web
BB003901,C0233,PET0289,2026-04-19,P02,5.0,13.0,65.0,Delivered,,Pickup
BB003902,C0233,PET0289,2026-05-01,P02,5.0,13.0,65.0,Delivered,,Re-order Email
BB003903,C0234,PET0290,2026-01-10,P06,4.0,14.5,58.0,Delivered,,Web
BB003904,C0234,PET0290,2026-01-21,P06,5.0,14.5,72.5,Delivered,,Web
BB003905,C0234,PET0290,2026-01-28,P06,5.0,14.5,72.5,Delivered,5,Web
BB003906,C0234,PET0290,2026-02-04,P12,4.0,12.5,50.0,Delivered,3,Web
BB003907,C0234,PET0290,2026-02-15,P06,5.0,14.5,72.5,Delivered,,Re-order Email
BB003908,C0234,PET0290,2026-02-23,P08,6.0,15.5,93.0,Delivered,,Web
BB003909,C0234,PET0290,2026-03-05,P06,5.0,14.5,72.5,Delivered,,Web
BB003910,C0234,PET0290,2026-03-13,P04,7.0,14.0,98.0,Delivered,,Pickup
BB003911,C0234,PET0290,2026-03-20,P06,2.0,14.5,29.0,Delivered,5,Web
BB003912,C0234,PET0290,2026-04-02,P06,5.0,14.5,72.5,Delivered,,Web
BB003913,C0234,PET0290,2026-04-12,P08,2.0,15.5,31.0,Delivered,,Web
BB003914,C0234,PET0290,2026-04-26,P06,5.0,14.5,72.5,Delivered,,Web
BB003915,C0235,PET0291,2026-02-21,P11,4.0,12.0,48.0,Delivered,,Web
BB003916,C0235,PET0291,2026-03-05,P11,5.0,12.0,60.0,Delivered,,Web
BB003917,C0235,PET0291,2026-03-14,P11,5.0,12.0,60.0,Delivered,,Pickup
BB003918,C0235,PET0291,2026-03-22,P11,3.0,12.0,36.0,Delivered,,Web
BB003919,C0235,PET0291,2026-04-04,P11,4.0,12.0,48.0,Delivered,3,Web
BB003920,C0235,PET0291,2026-04-13,P11,6.0,12.0,72.0,Delivered,3,Pickup
BB003921,C0235,PET0291,2026-04-23,P02,3.0,13.0,39.0,Delivered,,Web
BB003922,C0235,PET0292,2026-02-20,P08,2.0,15.5,31.0,Delivered,,Web
BB003923,C0235,PET0292,2026-02-28,P08,6.0,15.5,93.0,Delivered,5,Web
BB003924,C0235,PET0292,2026-03-07,P10,6.0,13.0,78.0,Delivered,,Web
BB003925,C0235,PET0292,2026-03-18,P08,6.0,15.5,93.0,Delivered,,Web
BB003926,C0235,PET0292,2026-03-31,P12,4.0,12.5,50.0,Delivered,,Re-order Email
BB003927,C0235,PET0292,2026-04-09,P11,5.0,12.0,60.0,Delivered,,Re-order Email
BB003928,C0235,PET0292,2026-04-19,P02,4.0,13.0,52.0,Delivered,,Web
BB003929,C0236,PET0293,2024-11-13,P03,4.0,13.5,54.0,Delivered,,Web
BB003930,C0236,PET0293,2024-11-20,P06,7.0,14.5,101.5,Delivered,,Web
BB003931,C0236,PET0293,2024-11-28,P03,4.0,13.5,54.0,Delivered,,Web
BB003932,C0236,PET0293,2024-12-06,P03,4.0,13.5,54.0,Delivered,,Web
BB003933,C0236,PET0293,2024-12-19,P11,7.0,12.0,84.0,Delivered,3,Web
BB003934,C0236,PET0293,2024-12-31,P03,5.0,13.5,67.5,Delivered,4,Web
BB003935,C0236,PET0293,2025-01-14,P10,7.0,13.0,91.0,Delivered,4,Web
BB003936,C0236,PET0293,2025-01-23,P11,7.0,12.0,84.0,Delivered,5,Web
BB003937,C0236,PET0293,2025-01-31,P03,5.0,13.5,67.5,Delivered,,Re-order Email
BB003938,C0236,PET0293,2025-02-08,P03,6.0,13.5,81.0,Delivered,5,Pickup
BB003939,C0236,PET0293,2025-02-22,P01,6.0,14.5,87.0,Delivered,,Pickup
BB003940,C0236,PET0293,2025-03-02,P03,6.0,13.5,81.0,Delivered,,Web
BB003941,C0236,PET0293,2025-03-13,P03,6.0,13.5,81.0,Delivered,,Web
BB003942,C0236,PET0293,2025-03-23,P01,6.0,14.5,87.0,Delivered,5,Web
BB003943,C0236,PET0293,2025-03-31,P03,5.0,13.5,67.5,Delivered,,Web
BB003944,C0236,PET0293,2025-04-14,P06,5.0,14.5,72.5,Delivered,,Pickup
BB003945,C0236,PET0293,2025-04-23,P11,6.0,12.0,72.0,Delivered,,Web
BB003946,C0236,PET0293,2025-05-07,P03,4.0,13.5,54.0,Delivered,,Web
BB003947,C0236,PET0293,2025-05-17,P03,6.0,13.5,81.0,Delivered,,Re-order Email
BB003948,C0236,PET0293,2025-05-28,P03,4.0,13.5,54.0,Delivered,3,Web
BB003949,C0236,PET0293,2025-06-11,P03,3.0,13.5,40.5,Delivered,,Web
BB003950,C0236,PET0293,2025-06-22,P03,6.0,13.5,81.0,Delivered,,Pickup
BB003951,C0236,PET0293,2025-07-01,P03,7.0,13.5,94.5,Delivered,,Web
BB003952,C0236,PET0293,2025-07-13,P03,2.0,13.5,27.0,Delivered,,Web
BB003953,C0236,PET0293,2025-07-26,P07,5.0,13.5,67.5,Delivered,,Re-order Email
BB003954,C0236,PET0293,2025-08-02,P08,4.0,15.5,62.0,Delivered,5,Pickup
BB003955,C0236,PET0293,2025-08-09,P03,6.0,13.5,81.0,Delivered,,Web
BB003956,C0236,PET0293,2025-08-22,P03,7.0,13.5,94.5,Delivered,,Pickup
BB003957,C0236,PET0293,2025-09-04,P03,6.0,13.5,81.0,Delivered,,Web
BB003958,C0236,PET0293,2025-09-11,P03,5.0,13.5,67.5,Delivered,,Web
BB003959,C0236,PET0293,2025-09-19,P03,3.0,13.5,40.5,Delivered,,Web
BB003960,C0236,PET0293,2025-09-29,P10,4.0,13.0,52.0,Delivered,,Re-order Email
BB003961,C0236,PET0293,2025-10-12,P03,5.0,13.5,67.5,Delivered,,Web
BB003962,C0236,PET0293,2025-10-24,P03,5.0,13.5,67.5,Delivered,,Web
BB003963,C0236,PET0293,2025-11-04,P09,5.0,12.5,62.5,Delivered,,Web
BB003964,C0236,PET0293,2025-11-17,P03,6.0,13.5,81.0,Delivered,,Web
BB003965,C0236,PET0293,2025-11-29,P03,5.0,13.5,67.5,Delivered,,Pickup
BB003966,C0236,PET0293,2025-12-11,P03,7.0,13.5,94.5,Delivered,,Web
BB003967,C0236,PET0293,2025-12-19,P03,6.0,13.5,81.0,Delivered,,Pickup
BB003968,C0236,PET0293,2025-12-31,P01,3.0,14.5,43.5,Delivered,,Web
BB003969,C0236,PET0293,2026-01-12,P08,4.0,15.5,62.0,Delivered,5,Web
BB003970,C0236,PET0293,2026-01-26,P03,4.0,13.5,54.0,Delivered,,Web
BB003971,C0236,PET0293,2026-02-07,P03,7.0,13.5,94.5,Delivered,5,Web
BB003972,C0236,PET0293,2026-02-20,P03,4.0,13.5,54.0,Delivered,5,Web
BB003973,C0236,PET0293,2026-03-06,P03,4.0,13.5,54.0,Delivered,4,Web
BB003974,C0236,PET0293,2026-03-15,P03,3.0,13.5,40.5,Delivered,,Web
BB003975,C0236,PET0293,2026-03-27,P03,2.0,13.5,27.0,Delivered,,Pickup
BB003976,C0236,PET0293,2026-04-03,P08,4.0,15.5,62.0,Delivered,,Web
BB003977,C0236,PET0293,2026-04-11,P08,3.0,15.5,46.5,Delivered,5,Web
BB003978,C0236,PET0293,2026-04-19,P03,3.0,13.5,40.5,Delivered,,Re-order Email
BB003979,C0236,PET0293,2026-04-26,P07,5.0,13.5,67.5,Delivered,,Web
BB003980,C0237,PET0294,2026-03-14,P07,6.0,13.5,81.0,Delivered,,Web
BB003981,C0237,PET0294,2026-03-23,P07,3.0,13.5,40.5,Delivered,,Web
BB003982,C0238,PET0295,2025-11-23,P07,4.0,13.5,54.0,Delivered,,Web
BB003983,C0238,PET0295,2025-12-06,P11,4.0,12.0,48.0,Delivered,,Pickup
BB003984,C0238,PET0295,2025-12-19,P11,7.0,12.0,84.0,Delivered,5,Pickup
BB003985,C0238,PET0295,2026-01-02,P11,2.0,12.0,24.0,Delivered,,Web
BB003986,C0238,PET0295,2026-01-16,P01,7.0,14.5,101.5,Delivered,,Pickup
BB003987,C0238,PET0295,2026-01-23,P11,3.0,12.0,36.0,Delivered,,Web
BB003988,C0238,PET0295,2026-02-02,P11,6.0,12.0,72.0,Delivered,,Web
BB003989,C0238,PET0295,2026-02-11,P07,5.0,13.5,67.5,Delivered,,Web
BB003990,C0238,PET0295,2026-02-19,P11,3.0,12.0,36.0,Delivered,,Web
BB003991,C0238,PET0295,2026-03-02,P11,5.0,12.0,60.0,Delivered,,Web
BB003992,C0238,PET0295,2026-03-13,P11,4.0,12.0,48.0,Delivered,,Web
BB003993,C0238,PET0295,2026-03-21,P11,4.0,12.0,48.0,Delivered,,Web
BB003994,C0238,PET0295,2026-03-31,P09,3.0,12.5,37.5,Delivered,,Web
BB003995,C0238,PET0295,2026-04-09,P01,7.0,14.5,101.5,Delivered,,Pickup
BB003996,C0238,PET0295,2026-04-16,P11,3.0,12.0,36.0,Delivered,5,Web
BB003997,C0238,PET0295,2026-04-24,P11,4.0,12.0,48.0,Delivered,,Web
BB003998,C0239,PET0296,2026-02-16,P11,2.0,12.0,24.0,Delivered,,Web
BB003999,C0239,PET0296,2026-02-25,P11,5.0,12.0,60.0,Delivered,4,Pickup
BB004000,C0239,PET0296,2026-03-09,P11,6.0,12.0,72.0,Delivered,5,Web
BB004001,C0239,PET0296,2026-03-18,P11,5.0,12.0,60.0,Delivered,,Web
BB004002,C0239,PET0296,2026-03-26,P07,5.0,13.5,67.5,Delivered,5,Web
BB004003,C0239,PET0296,2026-04-08,P11,5.0,12.0,60.0,Delivered,,Pickup
BB004004,C0239,PET0296,2026-04-20,P11,2.0,12.0,24.0,Delivered,,Pickup
BB004005,C0239,PET0296,2026-04-28,P11,3.0,12.0,36.0,Delivered,,Web
BB004006,C0240,PET0297,2024-11-13,P06,5.0,14.5,72.5,Delivered,,Web
BB004007,C0240,PET0297,2024-11-21,P03,4.0,13.5,54.0,Delivered,5,Web
BB004008,C0240,PET0297,2024-12-04,P06,5.0,14.5,72.5,Delivered,,Web
BB004009,C0240,PET0297,2024-12-15,P06,5.0,14.5,72.5,Delivered,,Pickup
BB004010,C0240,PET0297,2024-12-23,P08,4.0,15.5,62.0,Delivered,4,Web
BB004011,C0240,PET0297,2025-01-05,P06,6.0,14.5,87.0,Delivered,,Web
BB004012,C0240,PET0297,2025-01-14,P06,3.0,14.5,43.5,Delivered,,Re-order Email
BB004013,C0240,PET0297,2025-01-24,P06,5.0,14.5,72.5,Delivered,4,Web
BB004014,C0240,PET0297,2025-01-31,P06,3.0,14.5,43.5,Delivered,4,Web
BB004015,C0240,PET0297,2025-02-08,P06,4.0,14.5,58.0,Delivered,,Web
BB004016,C0240,PET0297,2025-02-17,P06,4.0,14.5,58.0,Delivered,4,Web
BB004017,C0240,PET0297,2025-02-26,P09,5.0,12.5,62.5,Delivered,,Web
BB004018,C0240,PET0297,2025-03-11,P06,4.0,14.5,58.0,Delivered,,Re-order Email
BB004019,C0240,PET0297,2025-03-21,P03,2.0,13.5,27.0,Delivered,3,Web
BB004020,C0240,PET0297,2025-04-01,P06,4.0,14.5,58.0,Delivered,5,Web
BB004021,C0240,PET0297,2025-04-12,P02,3.0,13.0,39.0,Delivered,5,Web
BB004022,C0240,PET0297,2025-04-20,P06,6.0,14.5,87.0,Delivered,5,Web
BB004023,C0240,PET0297,2025-04-28,P06,5.0,14.5,72.5,Delivered,,Web
BB004024,C0240,PET0297,2025-05-09,P09,4.0,12.5,50.0,Delivered,,Web
BB004025,C0240,PET0297,2025-05-16,P06,4.0,14.5,58.0,Delivered,,Pickup
BB004026,C0240,PET0297,2025-05-23,P06,3.0,14.5,43.5,Delivered,,Re-order Email
BB004027,C0240,PET0297,2025-06-01,P06,5.0,14.5,72.5,Delivered,,Web
BB004028,C0240,PET0297,2025-06-11,P06,5.0,14.5,72.5,Delivered,,Web
BB004029,C0240,PET0297,2025-06-18,P06,5.0,14.5,72.5,Delivered,,Web
BB004030,C0240,PET0297,2025-06-26,P11,6.0,12.0,72.0,Delivered,,Web
BB004031,C0240,PET0297,2025-07-09,P06,6.0,14.5,87.0,Delivered,5,Web
BB004032,C0240,PET0297,2025-07-16,P06,5.0,14.5,72.5,Delivered,,Web
BB004033,C0240,PET0297,2025-07-26,P12,3.0,12.5,37.5,Delivered,5,Web
BB004034,C0240,PET0297,2025-08-03,P06,6.0,14.5,87.0,Delivered,,Web
BB004035,C0240,PET0297,2025-08-13,P06,4.0,14.5,58.0,Delivered,5,Web
BB004036,C0240,PET0297,2025-08-24,P06,5.0,14.5,72.5,Delivered,,Web
BB004037,C0240,PET0297,2025-09-03,P06,2.0,14.5,29.0,Delivered,5,Web
BB004038,C0240,PET0297,2025-09-13,P06,6.0,14.5,87.0,Delivered,,Web
BB004039,C0240,PET0297,2025-09-23,P06,4.0,14.5,58.0,Delivered,,Web
BB004040,C0240,PET0297,2025-10-01,P06,4.0,14.5,58.0,Delivered,,Web
BB004041,C0240,PET0297,2025-10-11,P06,7.0,14.5,101.5,Delivered,,Web
BB004042,C0240,PET0297,2025-10-21,P09,5.0,12.5,62.5,Delivered,4,Web
BB004043,C0240,PET0297,2025-11-03,P06,5.0,14.5,72.5,Delivered,,Pickup
BB004044,C0240,PET0297,2025-11-16,P06,6.0,14.5,87.0,Delivered,,Web
BB004045,C0240,PET0297,2025-11-28,P06,5.0,14.5,72.5,Delivered,,Web
BB004046,C0240,PET0297,2025-12-10,P12,7.0,12.5,87.5,Delivered,,Web
BB004047,C0240,PET0297,2025-12-23,P03,2.0,13.5,27.0,Delivered,5,Pickup
BB004048,C0240,PET0297,2026-01-01,P06,6.0,14.5,87.0,Delivered,,Web
BB004049,C0240,PET0297,2026-01-09,P06,3.0,14.5,43.5,Delivered,5,Web
BB004050,C0240,PET0297,2026-01-21,P06,5.0,14.5,72.5,Delivered,5,Web
BB004051,C0240,PET0297,2026-01-31,P06,4.0,14.5,58.0,Delivered,,Web
BB004052,C0240,PET0297,2026-02-07,P06,7.0,14.5,101.5,Delivered,5,Re-order Email
BB004053,C0240,PET0297,2026-02-17,P06,6.0,14.5,87.0,Delivered,3,Web
BB004054,C0240,PET0297,2026-02-24,P09,7.0,12.5,87.5,Delivered,4,Web
BB004055,C0240,PET0297,2026-03-09,P06,4.0,14.5,58.0,Delivered,,Re-order Email
BB004056,C0240,PET0297,2026-03-22,P07,5.0,13.5,67.5,Delivered,,Pickup
BB004057,C0240,PET0297,2026-04-02,P06,4.0,14.5,58.0,Delivered,5,Re-order Email
BB004058,C0241,PET0298,2024-12-22,P11,7.0,12.0,84.0,Delivered,,Pickup
BB004059,C0241,PET0298,2025-01-03,P11,2.0,12.0,24.0,Delivered,,Pickup
BB004060,C0241,PET0298,2025-01-15,P07,4.0,13.5,54.0,Delivered,,Web
BB004061,C0241,PET0298,2025-01-28,P11,5.0,12.0,60.0,Delivered,,Web
BB004062,C0241,PET0298,2025-02-08,P11,5.0,12.0,60.0,Delivered,,Web
BB004063,C0241,PET0298,2025-02-17,P11,7.0,12.0,84.0,Delivered,,Pickup
BB004064,C0241,PET0298,2025-02-26,P11,3.0,12.0,36.0,Delivered,,Web
BB004065,C0241,PET0298,2025-03-08,P11,4.0,12.0,48.0,Delivered,,Re-order Email
BB004066,C0241,PET0298,2025-03-21,P09,7.0,12.5,87.5,Delivered,,Web
BB004067,C0241,PET0298,2025-03-31,P11,3.0,12.0,36.0,Delivered,,Web
BB004068,C0241,PET0298,2025-04-13,P10,5.0,13.0,65.0,Delivered,,Web
BB004069,C0241,PET0298,2025-04-21,P11,6.0,12.0,72.0,Delivered,,Pickup
BB004070,C0241,PET0298,2025-04-28,P03,4.0,13.5,54.0,Delivered,,Web
BB004071,C0241,PET0298,2025-05-11,P04,6.0,14.0,84.0,Delivered,5,Re-order Email
BB004072,C0241,PET0298,2025-05-20,P11,6.0,12.0,72.0,Delivered,,Web
BB004073,C0241,PET0298,2025-05-30,P12,5.0,12.5,62.5,Delivered,,Web
BB004074,C0241,PET0298,2025-06-07,P11,6.0,12.0,72.0,Delivered,,Web
BB004075,C0241,PET0298,2025-06-20,P11,5.0,12.0,60.0,Delivered,,Web
BB004076,C0241,PET0298,2025-06-27,P11,4.0,12.0,48.0,Delivered,,Web
BB004077,C0241,PET0298,2025-07-06,P11,4.0,12.0,48.0,Delivered,5,Web
BB004078,C0241,PET0298,2025-07-13,P11,3.0,12.0,36.0,Delivered,,Pickup
BB004079,C0241,PET0298,2025-07-23,P11,3.0,12.0,36.0,Delivered,5,Web
BB004080,C0241,PET0298,2025-07-31,P11,7.0,12.0,84.0,Delivered,5,Web
BB004081,C0241,PET0298,2025-08-10,P11,5.0,12.0,60.0,Delivered,3,Re-order Email
BB004082,C0241,PET0298,2025-08-21,P11,6.0,12.0,72.0,Delivered,5,Re-order Email
BB004083,C0241,PET0298,2025-09-01,P11,5.0,12.0,60.0,Delivered,,Web
BB004084,C0241,PET0298,2025-09-10,P03,7.0,13.5,94.5,Delivered,5,Web
BB004085,C0241,PET0298,2025-09-22,P11,4.0,12.0,48.0,Delivered,,Web
BB004086,C0241,PET0298,2025-09-30,P11,6.0,12.0,72.0,Delivered,5,Web
BB004087,C0241,PET0298,2025-10-07,P11,5.0,12.0,60.0,Delivered,5,Web
BB004088,C0241,PET0298,2025-10-19,P11,4.0,12.0,48.0,Delivered,,Web
BB004089,C0241,PET0298,2025-10-30,P11,6.0,12.0,72.0,Delivered,,Web
BB004090,C0241,PET0298,2025-11-08,P10,6.0,13.0,78.0,Delivered,4,Web
BB004091,C0241,PET0298,2025-11-15,P11,4.0,12.0,48.0,Delivered,,Web
BB004092,C0241,PET0298,2025-11-23,P11,4.0,12.0,48.0,Delivered,4,Web
BB004093,C0241,PET0298,2025-12-03,P11,6.0,12.0,72.0,Delivered,,Web
BB004094,C0241,PET0298,2025-12-16,P11,5.0,12.0,60.0,Delivered,3,Web
BB004095,C0241,PET0298,2025-12-27,P11,4.0,12.0,48.0,Delivered,,Web
BB004096,C0241,PET0298,2026-01-06,P11,5.0,12.0,60.0,Delivered,4,Re-order Email
BB004097,C0241,PET0298,2026-01-13,P11,3.0,12.0,36.0,Delivered,3,Web
BB004098,C0241,PET0298,2026-01-22,P11,4.0,12.0,48.0,Delivered,5,Pickup
BB004099,C0241,PET0298,2026-01-29,P11,5.0,12.0,60.0,Delivered,5,Web
BB004100,C0241,PET0298,2026-02-11,P11,5.0,12.0,60.0,Delivered,,Web
BB004101,C0241,PET0298,2026-02-19,P11,5.0,12.0,60.0,Delivered,,Web
BB004102,C0241,PET0298,2026-03-01,P11,5.0,12.0,60.0,Delivered,,Web
BB004103,C0241,PET0298,2026-03-12,P12,5.0,12.5,62.5,Delivered,,Re-order Email
BB004104,C0241,PET0298,2026-03-22,P04,6.0,14.0,84.0,Delivered,4,Web
BB004105,C0241,PET0298,2026-03-30,P03,6.0,13.5,81.0,Delivered,4,Pickup
BB004106,C0241,PET0298,2026-04-10,P11,5.0,12.0,60.0,Delivered,,Web
BB004107,C0241,PET0298,2026-04-18,P11,6.0,12.0,72.0,Delivered,4,Web
BB004108,C0241,PET0298,2026-04-27,P11,4.0,12.0,48.0,Delivered,,Re-order Email
BB004109,C0242,PET0299,2025-09-03,P06,5.0,14.5,72.5,Delivered,5,Web
BB004110,C0242,PET0299,2025-09-14,P06,2.0,14.5,29.0,Delivered,,Web
BB004111,C0242,PET0299,2025-09-27,P10,4.0,13.0,52.0,Delivered,,Web
BB004112,C0242,PET0299,2025-10-10,P06,7.0,14.5,101.5,Delivered,,Web
BB004113,C0242,PET0299,2025-10-21,P03,3.0,13.5,40.5,Delivered,,Web
BB004114,C0242,PET0299,2025-11-01,P06,5.0,14.5,72.5,Delivered,,Web
BB004115,C0242,PET0299,2025-11-10,P06,4.0,14.5,58.0,Delivered,,Web
BB004116,C0242,PET0299,2025-11-18,P06,7.0,14.5,101.5,Delivered,5,Web
BB004117,C0242,PET0299,2025-11-30,P06,4.0,14.5,58.0,Delivered,,Web
BB004118,C0242,PET0299,2025-12-13,P06,5.0,14.5,72.5,Delivered,,Pickup
BB004119,C0242,PET0299,2025-12-25,P08,4.0,15.5,62.0,Delivered,,Pickup
BB004120,C0242,PET0299,2026-01-06,P06,7.0,14.5,101.5,Delivered,,Web
BB004121,C0242,PET0299,2026-01-17,P06,6.0,14.5,87.0,Delivered,,Re-order Email
BB004122,C0242,PET0299,2026-01-28,P06,5.0,14.5,72.5,Delivered,5,Web
BB004123,C0242,PET0299,2026-02-07,P03,5.0,13.5,67.5,Delivered,5,Web
BB004124,C0242,PET0299,2026-02-14,P12,6.0,12.5,75.0,Delivered,,Web
BB004125,C0242,PET0299,2026-02-27,P06,4.0,14.5,58.0,Delivered,,Web
BB004126,C0242,PET0299,2026-03-07,P06,5.0,14.5,72.5,Delivered,,Re-order Email
BB004127,C0242,PET0299,2026-03-14,P11,6.0,12.0,72.0,Delivered,,Pickup
BB004128,C0242,PET0299,2026-03-25,P03,7.0,13.5,94.5,Delivered,,Web
BB004129,C0242,PET0299,2026-04-06,P06,5.0,14.5,72.5,Delivered,,Re-order Email
BB004130,C0242,PET0299,2026-04-15,P06,4.0,14.5,58.0,Delivered,,Web
BB004131,C0242,PET0299,2026-04-28,P06,6.0,14.5,87.0,Delivered,5,Web
BB004132,C0243,PET0300,2026-04-11,P07,5.0,13.5,67.5,Delivered,,Web
BB004133,C0243,PET0300,2026-04-18,P02,5.0,13.0,65.0,Delivered,,Web
BB004134,C0243,PET0300,2026-04-25,P07,2.0,13.5,27.0,Delivered,,Web
BB004135,C0244,PET0301,2026-04-04,P03,7.0,13.5,94.5,Delivered,,Web
BB004136,C0244,PET0301,2026-04-17,P02,3.0,13.0,39.0,Delivered,,Web
BB004137,C0245,PET0302,2025-10-24,P07,4.0,13.5,54.0,Delivered,5,Web
BB004138,C0245,PET0302,2025-11-01,P07,6.0,13.5,81.0,Delivered,,Pickup
BB004139,C0245,PET0302,2025-11-13,P07,4.0,13.5,54.0,Delivered,,Web
BB004140,C0245,PET0302,2025-11-27,P07,4.0,13.5,54.0,Delivered,,Pickup
BB004141,C0245,PET0302,2025-12-09,P03,7.0,13.5,94.5,Delivered,,Web
BB004142,C0245,PET0302,2025-12-21,P01,2.0,14.5,29.0,Delivered,3,Web
BB004143,C0245,PET0302,2025-12-29,P07,6.0,13.5,81.0,Delivered,4,Web
BB004144,C0245,PET0302,2026-01-09,P07,4.0,13.5,54.0,Delivered,,Web
BB004145,C0245,PET0302,2026-01-16,P08,2.0,15.5,31.0,Delivered,,Web
BB004146,C0245,PET0302,2026-01-26,P07,3.0,13.5,40.5,Delivered,,Web
BB004147,C0245,PET0302,2026-02-09,P07,2.0,13.5,27.0,Delivered,4,Re-order Email
BB004148,C0245,PET0302,2026-02-22,P07,4.0,13.5,54.0,Delivered,5,Web
BB004149,C0245,PET0302,2026-03-07,P08,5.0,15.5,77.5,Delivered,,Web
BB004150,C0245,PET0302,2026-03-21,P07,4.0,13.5,54.0,Delivered,4,Pickup
BB004151,C0245,PET0302,2026-04-01,P07,3.0,13.5,40.5,Delivered,,Web
BB004152,C0245,PET0302,2026-04-10,P07,5.0,13.5,67.5,Delivered,5,Web
BB004153,C0245,PET0302,2026-04-22,P07,7.0,13.5,94.5,Delivered,,Web
BB004154,C0246,PET0303,2025-04-22,P07,4.0,13.5,54.0,Delivered,,Pickup
BB004155,C0246,PET0303,2025-04-30,P07,5.0,13.5,67.5,Delivered,,Pickup
BB004156,C0246,PET0303,2025-05-14,P10,6.0,13.0,78.0,Delivered,,Web
BB004157,C0246,PET0303,2025-05-27,P07,4.0,13.5,54.0,Delivered,,Web
BB004158,C0246,PET0303,2025-06-04,P03,2.0,13.5,27.0,Delivered,4,Web
BB004159,C0246,PET0303,2025-06-12,P07,5.0,13.5,67.5,Delivered,,Web
BB004160,C0246,PET0303,2025-06-24,P07,6.0,13.5,81.0,Delivered,,Web
BB004161,C0246,PET0303,2025-07-04,P07,6.0,13.5,81.0,Delivered,,Web
BB004162,C0246,PET0303,2025-07-17,P07,6.0,13.5,81.0,Delivered,5,Web
BB004163,C0246,PET0303,2025-07-31,P07,4.0,13.5,54.0,Delivered,4,Web
BB004164,C0246,PET0303,2025-08-07,P07,5.0,13.5,67.5,Delivered,,Web
BB004165,C0246,PET0303,2025-08-18,P06,7.0,14.5,101.5,Delivered,5,Web
BB004166,C0246,PET0303,2025-08-31,P07,5.0,13.5,67.5,Delivered,,Pickup
BB004167,C0246,PET0303,2025-09-10,P07,3.0,13.5,40.5,Delivered,,Web
BB004168,C0246,PET0303,2025-09-19,P07,4.0,13.5,54.0,Delivered,,Web
BB004169,C0246,PET0303,2025-09-26,P07,6.0,13.5,81.0,Delivered,,Pickup
BB004170,C0246,PET0303,2025-10-09,P07,7.0,13.5,94.5,Delivered,,Web
BB004171,C0246,PET0303,2025-10-17,P07,7.0,13.5,94.5,Delivered,,Web
BB004172,C0246,PET0303,2025-10-26,P02,5.0,13.0,65.0,Delivered,5,Web
BB004173,C0246,PET0303,2025-11-05,P07,4.0,13.5,54.0,Delivered,,Web
BB004174,C0246,PET0303,2025-11-14,P07,6.0,13.5,81.0,Delivered,,Web
BB004175,C0246,PET0303,2025-11-26,P03,5.0,13.5,67.5,Delivered,5,Web
BB004176,C0246,PET0303,2025-12-09,P03,5.0,13.5,67.5,Delivered,,Re-order Email
BB004177,C0246,PET0303,2025-12-21,P07,3.0,13.5,40.5,Delivered,3,Web
BB004178,C0246,PET0303,2025-12-31,P07,4.0,13.5,54.0,Delivered,4,Re-order Email
BB004179,C0246,PET0303,2026-01-14,P07,5.0,13.5,67.5,Delivered,5,Web
BB004180,C0246,PET0303,2026-01-24,P01,6.0,14.5,87.0,Delivered,,Web
BB004181,C0246,PET0303,2026-02-06,P07,4.0,13.5,54.0,Delivered,5,Web
BB004182,C0246,PET0303,2026-02-13,P07,5.0,13.5,67.5,Delivered,,Re-order Email
BB004183,C0246,PET0303,2026-02-25,P07,3.0,13.5,40.5,Delivered,,Pickup
BB004184,C0246,PET0303,2026-03-05,P12,6.0,12.5,75.0,Delivered,,Web
BB004185,C0246,PET0303,2026-03-17,P07,2.0,13.5,27.0,Delivered,,Web
BB004186,C0246,PET0303,2026-03-29,P12,6.0,12.5,75.0,Delivered,5,Web
BB004187,C0246,PET0303,2026-04-10,P07,7.0,13.5,94.5,Delivered,5,Web
BB004188,C0246,PET0303,2026-04-18,P12,5.0,12.5,62.5,Delivered,,Web
BB004189,C0247,PET0304,2026-01-21,P12,4.0,12.5,50.0,Delivered,,Re-order Email
BB004190,C0247,PET0304,2026-01-30,P12,3.0,12.5,37.5,Delivered,5,Web
BB004191,C0247,PET0304,2026-02-10,P12,3.0,12.5,37.5,Delivered,4,Re-order Email
BB004192,C0247,PET0304,2026-02-20,P12,5.0,12.5,62.5,Delivered,,Web
BB004193,C0247,PET0304,2026-02-27,P12,5.0,12.5,62.5,Delivered,5,Web
BB004194,C0247,PET0304,2026-03-09,P12,4.0,12.5,50.0,Delivered,,Web
BB004195,C0247,PET0304,2026-03-16,P12,2.0,12.5,25.0,Delivered,5,Web
BB004196,C0247,PET0304,2026-03-26,P12,6.0,12.5,75.0,Delivered,,Web
BB004197,C0247,PET0304,2026-04-03,P12,7.0,12.5,87.5,Delivered,,Web
BB004198,C0247,PET0304,2026-04-13,P12,7.0,12.5,87.5,Delivered,,Pickup
BB004199,C0247,PET0304,2026-04-22,P12,3.0,12.5,37.5,Delivered,3,Web
BB004200,C0248,PET0305,2026-03-04,P06,7.0,14.5,101.5,Delivered,,Re-order Email
BB004201,C0248,PET0305,2026-03-18,P06,4.0,14.5,58.0,Delivered,5,Web
BB004202,C0248,PET0305,2026-03-31,P06,5.0,14.5,72.5,Delivered,,Pickup
BB004203,C0248,PET0305,2026-04-13,P06,7.0,14.5,101.5,Delivered,,Web
BB004204,C0248,PET0305,2026-04-27,P01,4.0,14.5,58.0,Delivered,5,Web
BB004205,C0249,PET0306,2026-03-22,P02,3.0,13.0,39.0,Delivered,3,Web
BB004206,C0249,PET0306,2026-03-29,P07,5.0,13.5,67.5,Delivered,,Web
BB004207,C0249,PET0306,2026-04-08,P07,5.0,13.5,67.5,Delivered,,Web
BB004208,C0249,PET0306,2026-04-17,P07,6.0,13.5,81.0,Delivered,,Pickup
BB004209,C0250,PET0308,2025-12-15,P03,4.0,13.5,54.0,Delivered,,Re-order Email
BB004210,C0250,PET0308,2025-12-22,P03,4.0,13.5,54.0,Delivered,,Web
BB004211,C0250,PET0308,2025-12-31,P03,6.0,13.5,81.0,Delivered,,Web
BB004212,C0250,PET0308,2026-01-08,P03,3.0,13.5,40.5,Delivered,,Web
BB004213,C0250,PET0308,2026-01-18,P03,4.0,13.5,54.0,Delivered,5,Re-order Email
BB004214,C0250,PET0308,2026-01-27,P11,6.0,12.0,72.0,Delivered,,Web
BB004215,C0250,PET0308,2026-02-03,P03,6.0,13.5,81.0,Delivered,,Pickup
BB004216,C0250,PET0308,2026-02-12,P03,3.0,13.5,40.5,Delivered,5,Web
BB004217,C0250,PET0308,2026-02-26,P03,7.0,13.5,94.5,Delivered,,Web
BB004218,C0250,PET0308,2026-03-05,P03,4.0,13.5,54.0,Delivered,,Pickup
BB004219,C0250,PET0308,2026-03-13,P03,6.0,13.5,81.0,Delivered,4,Re-order Email
BB004220,C0250,PET0308,2026-03-23,P03,6.0,13.5,81.0,Delivered,,Web
BB004221,C0250,PET0308,2026-03-31,P03,5.0,13.5,67.5,Delivered,,Web
BB004222,C0250,PET0308,2026-04-10,P03,3.0,13.5,40.5,Delivered,,Web
BB004223,C0250,PET0308,2026-04-23,P03,7.0,13.5,94.5,Delivered,4,Web
BB004224,C0251,PET0309,2026-04-13,P12,4.0,12.5,50.0,Delivered,,Web
BB004225,C0251,PET0309,2026-04-22,P10,3.0,13.0,39.0,Delivered,,Web
BB004226,C0252,PET0310,2026-02-20,P12,4.0,12.5,50.0,Delivered,,Web
BB004227,C0252,PET0310,2026-03-05,P07,2.0,13.5,27.0,Delivered,5,Web
BB004228,C0252,PET0310,2026-03-12,P12,2.0,12.5,25.0,Delivered,4,Web
BB004229,C0252,PET0310,2026-03-21,P12,6.0,12.5,75.0,Delivered,,Web
BB004230,C0252,PET0310,2026-03-28,P03,4.0,13.5,54.0,Delivered,,Web
BB004231,C0252,PET0310,2026-04-10,P12,4.0,12.5,50.0,Delivered,,Web
BB004232,C0252,PET0310,2026-04-23,P12,6.0,12.5,75.0,Delivered,,Web
BB004233,C0253,PET0311,2025-11-11,P09,4.0,12.5,50.0,Delivered,,Web
BB004234,C0253,PET0311,2025-11-21,P09,6.0,12.5,75.0,Delivered,,Pickup
BB004235,C0253,PET0311,2025-12-03,P10,5.0,13.0,65.0,Delivered,,Web
BB004236,C0253,PET0311,2025-12-15,P09,4.0,12.5,50.0,Delivered,5,Web
BB004237,C0253,PET0311,2025-12-24,P09,4.0,12.5,50.0,Delivered,,Web
BB004238,C0253,PET0311,2026-01-04,P10,3.0,13.0,39.0,Delivered,,Web
BB004239,C0253,PET0311,2026-01-14,P03,4.0,13.5,54.0,Delivered,4,Web
BB004240,C0253,PET0311,2026-01-25,P09,6.0,12.5,75.0,Delivered,4,Web
BB004241,C0253,PET0311,2026-02-01,P09,7.0,12.5,87.5,Delivered,,Web
BB004242,C0253,PET0311,2026-02-09,P09,7.0,12.5,87.5,Delivered,5,Re-order Email
BB004243,C0253,PET0311,2026-02-21,P09,2.0,12.5,25.0,Delivered,5,Web
BB004244,C0253,PET0311,2026-03-04,P09,6.0,12.5,75.0,Delivered,,Web
BB004245,C0253,PET0311,2026-03-15,P09,5.0,12.5,62.5,Delivered,4,Pickup
BB004246,C0253,PET0311,2026-03-24,P09,2.0,12.5,25.0,Delivered,5,Pickup
BB004247,C0253,PET0311,2026-04-06,P03,5.0,13.5,67.5,Delivered,,Web
BB004248,C0253,PET0311,2026-04-19,P09,4.0,12.5,50.0,Delivered,,Web
BB004249,C0254,PET0312,2025-08-03,P06,6.0,14.5,87.0,Delivered,,Web
BB004250,C0254,PET0312,2025-08-13,P06,7.0,14.5,101.5,Delivered,,Web
BB004251,C0254,PET0312,2025-08-22,P01,5.0,14.5,72.5,Delivered,5,Pickup
BB004252,C0254,PET0312,2025-08-31,P09,7.0,12.5,87.5,Delivered,5,Web
BB004253,C0254,PET0312,2025-09-13,P01,5.0,14.5,72.5,Delivered,5,Web
BB004254,C0254,PET0312,2025-09-21,P06,4.0,14.5,58.0,Delivered,,Web
BB004255,C0254,PET0312,2025-09-28,P06,3.0,14.5,43.5,Delivered,,Web
BB004256,C0254,PET0312,2025-10-09,P07,7.0,13.5,94.5,Delivered,,Pickup
BB004257,C0254,PET0312,2025-10-17,P06,4.0,14.5,58.0,Delivered,5,Re-order Email
BB004258,C0254,PET0312,2025-10-25,P09,7.0,12.5,87.5,Delivered,,Web
BB004259,C0254,PET0312,2025-11-06,P06,4.0,14.5,58.0,Delivered,,Web
BB004260,C0254,PET0312,2025-11-19,P06,6.0,14.5,87.0,Delivered,,Web
BB004261,C0254,PET0312,2025-11-26,P06,4.0,14.5,58.0,Delivered,,Web
BB004262,C0254,PET0312,2025-12-07,P06,7.0,14.5,101.5,Delivered,4,Web
BB004263,C0254,PET0312,2025-12-17,P06,7.0,14.5,101.5,Delivered,5,Web
BB004264,C0254,PET0312,2025-12-27,P06,2.0,14.5,29.0,Delivered,,Web
BB004265,C0254,PET0312,2026-01-07,P06,4.0,14.5,58.0,Delivered,,Re-order Email
BB004266,C0254,PET0312,2026-01-18,P06,4.0,14.5,58.0,Delivered,,Web
BB004267,C0254,PET0312,2026-01-31,P06,5.0,14.5,72.5,Delivered,4,Web
BB004268,C0254,PET0312,2026-02-10,P06,6.0,14.5,87.0,Delivered,3,Web
BB004269,C0254,PET0312,2026-02-18,P06,6.0,14.5,87.0,Delivered,4,Web
BB004270,C0255,PET0313,2026-03-15,P02,3.0,13.0,39.0,Delivered,5,Web
BB004271,C0255,PET0313,2026-03-22,P02,4.0,13.0,52.0,Delivered,,Web
BB004272,C0255,PET0313,2026-04-03,P03,5.0,13.5,67.5,Delivered,,Web
BB004273,C0255,PET0313,2026-04-12,P02,7.0,13.0,91.0,Delivered,,Web
BB004274,C0255,PET0313,2026-04-19,P10,5.0,13.0,65.0,Delivered,4,Web
BB004275,C0256,PET0314,2025-12-05,P12,7.0,12.5,87.5,Delivered,,Web
BB004276,C0256,PET0314,2025-12-19,P12,3.0,12.5,37.5,Delivered,,Web
BB004277,C0256,PET0314,2025-12-28,P12,6.0,12.5,75.0,Delivered,,Web
BB004278,C0256,PET0314,2026-01-07,P12,5.0,12.5,62.5,Delivered,,Re-order Email
BB004279,C0256,PET0314,2026-01-20,P12,4.0,12.5,50.0,Delivered,4,Re-order Email
BB004280,C0256,PET0314,2026-02-01,P10,5.0,13.0,65.0,Delivered,,Web
BB004281,C0256,PET0314,2026-02-13,P12,5.0,12.5,62.5,Delivered,,Web
BB004282,C0256,PET0314,2026-02-26,P12,5.0,12.5,62.5,Delivered,,Pickup
BB004283,C0256,PET0314,2026-03-07,P12,4.0,12.5,50.0,Delivered,,Web
BB004284,C0256,PET0314,2026-03-15,P12,5.0,12.5,62.5,Delivered,5,Web
BB004285,C0256,PET0314,2026-03-26,P12,4.0,12.5,50.0,Delivered,4,Web
BB004286,C0256,PET0314,2026-04-09,P12,4.0,12.5,50.0,Delivered,,Web
BB004287,C0256,PET0314,2026-04-16,P12,2.0,12.5,25.0,Delivered,,Web
BB004288,C0256,PET0314,2026-04-25,P12,4.0,12.5,50.0,Delivered,,Web
BB004289,C0257,PET0315,2026-02-19,P04,6.0,14.0,84.0,Delivered,5,Pickup
BB004290,C0257,PET0315,2026-03-04,P04,5.0,14.0,70.0,Delivered,,Web
BB004291,C0257,PET0315,2026-03-12,P08,6.0,15.5,93.0,Delivered,5,Web
BB004292,C0257,PET0315,2026-03-19,P04,6.0,14.0,84.0,Delivered,3,Web
BB004293,C0257,PET0315,2026-03-26,P04,3.0,14.0,42.0,Delivered,,Web
BB004294,C0257,PET0315,2026-04-03,P04,3.0,14.0,42.0,Delivered,,Web
BB004295,C0257,PET0315,2026-04-11,P04,4.0,14.0,56.0,Delivered,4,Web
BB004296,C0257,PET0315,2026-04-22,P04,4.0,14.0,56.0,Delivered,,Re-order Email
BB004297,C0258,PET0316,2025-06-04,P01,2.0,14.5,29.0,Delivered,,Pickup
BB004298,C0258,PET0316,2025-06-14,P09,3.0,12.5,37.5,Delivered,5,Web
BB004299,C0258,PET0316,2025-06-27,P09,6.0,12.5,75.0,Delivered,,Web
BB004300,C0258,PET0316,2025-07-06,P12,4.0,12.5,50.0,Delivered,,Web
BB004301,C0258,PET0316,2025-07-18,P09,4.0,12.5,50.0,Delivered,,Web
BB004302,C0258,PET0316,2025-07-28,P09,3.0,12.5,37.5,Delivered,4,Web
BB004303,C0258,PET0316,2025-08-06,P08,7.0,15.5,108.5,Delivered,,Re-order Email
BB004304,C0258,PET0316,2025-08-18,P09,3.0,12.5,37.5,Delivered,,Re-order Email
BB004305,C0258,PET0316,2025-08-25,P09,4.0,12.5,50.0,Delivered,4,Web
BB004306,C0258,PET0316,2025-09-02,P09,2.0,12.5,25.0,Delivered,,Re-order Email
BB004307,C0258,PET0316,2025-09-11,P12,7.0,12.5,87.5,Delivered,5,Web
BB004308,C0258,PET0316,2025-09-21,P12,3.0,12.5,37.5,Delivered,,Web
BB004309,C0258,PET0316,2025-10-01,P09,7.0,12.5,87.5,Delivered,,Web
BB004310,C0258,PET0316,2025-10-08,P09,6.0,12.5,75.0,Delivered,5,Web
BB004311,C0258,PET0316,2025-10-21,P09,7.0,12.5,87.5,Delivered,,Web
BB004312,C0258,PET0316,2025-10-30,P12,7.0,12.5,87.5,Delivered,,Web
BB004313,C0258,PET0316,2025-11-06,P09,4.0,12.5,50.0,Delivered,5,Web
BB004314,C0258,PET0316,2025-11-15,P09,7.0,12.5,87.5,Delivered,,Web
BB004315,C0258,PET0316,2025-11-23,P09,6.0,12.5,75.0,Delivered,,Pickup
BB004316,C0258,PET0316,2025-12-04,P11,4.0,12.0,48.0,Delivered,,Web
BB004317,C0258,PET0316,2025-12-11,P09,4.0,12.5,50.0,Delivered,,Re-order Email
BB004318,C0258,PET0316,2025-12-21,P09,7.0,12.5,87.5,Delivered,,Re-order Email
BB004319,C0258,PET0316,2025-12-28,P09,4.0,12.5,50.0,Delivered,5,Web
BB004320,C0258,PET0316,2026-01-10,P11,4.0,12.0,48.0,Delivered,,Web
BB004321,C0258,PET0316,2026-01-19,P09,5.0,12.5,62.5,Delivered,,Web
BB004322,C0258,PET0316,2026-01-26,P09,7.0,12.5,87.5,Delivered,5,Web
BB004323,C0258,PET0316,2026-02-03,P09,4.0,12.5,50.0,Delivered,,Re-order Email
BB004324,C0258,PET0316,2026-02-12,P09,4.0,12.5,50.0,Delivered,4,Web
BB004325,C0258,PET0316,2026-02-25,P09,2.0,12.5,25.0,Delivered,,Pickup
BB004326,C0258,PET0316,2026-03-10,P01,5.0,14.5,72.5,Delivered,,Web
BB004327,C0259,PET0317,2025-07-24,P11,7.0,12.0,84.0,Delivered,5,Re-order Email
BB004328,C0259,PET0317,2025-08-05,P11,5.0,12.0,60.0,Delivered,4,Web
BB004329,C0259,PET0317,2025-08-17,P11,4.0,12.0,48.0,Delivered,5,Web
BB004330,C0259,PET0317,2025-08-25,P02,6.0,13.0,78.0,Delivered,,Web
BB004331,C0259,PET0317,2025-09-06,P11,4.0,12.0,48.0,Delivered,,Web
BB004332,C0259,PET0317,2025-09-18,P10,6.0,13.0,78.0,Delivered,5,Web
BB004333,C0259,PET0317,2025-10-01,P11,5.0,12.0,60.0,Delivered,,Pickup
BB004334,C0259,PET0317,2025-10-11,P11,3.0,12.0,36.0,Delivered,4,Re-order Email
BB004335,C0259,PET0317,2025-10-19,P10,7.0,13.0,91.0,Delivered,4,Re-order Email
BB004336,C0259,PET0317,2025-10-30,P01,3.0,14.5,43.5,Delivered,,Web
BB004337,C0259,PET0317,2025-11-10,P06,3.0,14.5,43.5,Delivered,,Web
BB004338,C0259,PET0317,2025-11-23,P11,4.0,12.0,48.0,Delivered,,Web
BB004339,C0259,PET0317,2025-12-07,P11,2.0,12.0,24.0,Delivered,,Web
BB004340,C0259,PET0317,2025-12-18,P11,5.0,12.0,60.0,Delivered,5,Pickup
BB004341,C0259,PET0317,2025-12-29,P11,4.0,12.0,48.0,Delivered,5,Web
BB004342,C0259,PET0317,2026-01-07,P11,3.0,12.0,36.0,Delivered,,Web
BB004343,C0259,PET0317,2026-01-15,P09,2.0,12.5,25.0,Delivered,5,Web
BB004344,C0259,PET0317,2026-01-28,P11,2.0,12.0,24.0,Delivered,,Pickup
BB004345,C0259,PET0317,2026-02-04,P01,4.0,14.5,58.0,Delivered,5,Web
BB004346,C0259,PET0317,2026-02-11,P11,5.0,12.0,60.0,Delivered,5,Re-order Email
BB004347,C0259,PET0317,2026-02-24,P11,4.0,12.0,48.0,Delivered,,Web
BB004348,C0259,PET0317,2026-03-09,P09,7.0,12.5,87.5,Delivered,,Web
BB004349,C0259,PET0317,2026-03-19,P11,7.0,12.0,84.0,Delivered,,Pickup
BB004350,C0259,PET0317,2026-03-28,P11,4.0,12.0,48.0,Delivered,5,Re-order Email
BB004351,C0259,PET0317,2026-04-06,P11,5.0,12.0,60.0,Delivered,5,Web
BB004352,C0259,PET0317,2026-04-20,P11,4.0,12.0,48.0,Delivered,5,Web
BB004353,C0259,PET0317,2026-04-28,P11,5.0,12.0,60.0,Delivered,,Re-order Email
BB004354,C0259,PET0318,2025-07-21,P01,7.0,14.5,101.5,Delivered,,Pickup
BB004355,C0259,PET0318,2025-08-02,P04,4.0,14.0,56.0,Delivered,5,Re-order Email
BB004356,C0259,PET0318,2025-08-14,P06,3.0,14.5,43.5,Delivered,5,Web
BB004357,C0259,PET0318,2025-08-26,P12,5.0,12.5,62.5,Delivered,5,Pickup
BB004358,C0259,PET0318,2025-09-08,P09,3.0,12.5,37.5,Delivered,,Web
BB004359,C0259,PET0318,2025-09-18,P12,5.0,12.5,62.5,Delivered,,Web
BB004360,C0259,PET0318,2025-09-26,P12,7.0,12.5,87.5,Delivered,5,Pickup
BB004361,C0259,PET0318,2025-10-07,P08,5.0,15.5,77.5,Delivered,5,Web
BB004362,C0259,PET0318,2025-10-17,P12,4.0,12.5,50.0,Delivered,5,Pickup
BB004363,C0259,PET0318,2025-10-27,P12,3.0,12.5,37.5,Delivered,,Pickup
BB004364,C0259,PET0318,2025-11-07,P12,5.0,12.5,62.5,Delivered,5,Web
BB004365,C0259,PET0318,2025-11-20,P06,4.0,14.5,58.0,Delivered,,Web
BB004366,C0259,PET0318,2025-12-03,P12,5.0,12.5,62.5,Delivered,5,Pickup
BB004367,C0259,PET0318,2025-12-17,P12,4.0,12.5,50.0,Delivered,,Pickup
BB004368,C0259,PET0318,2025-12-28,P06,5.0,14.5,72.5,Delivered,,Web
BB004369,C0259,PET0318,2026-01-11,P12,4.0,12.5,50.0,Delivered,,Re-order Email
BB004370,C0259,PET0318,2026-01-23,P09,4.0,12.5,50.0,Delivered,,Web
BB004371,C0259,PET0318,2026-01-31,P12,6.0,12.5,75.0,Delivered,4,Pickup
BB004372,C0259,PET0318,2026-02-14,P03,6.0,13.5,81.0,Delivered,,Web
BB004373,C0259,PET0318,2026-02-23,P12,3.0,12.5,37.5,Delivered,,Web
BB004374,C0259,PET0318,2026-03-02,P12,7.0,12.5,87.5,Delivered,,Web
BB004375,C0259,PET0318,2026-03-11,P12,3.0,12.5,37.5,Delivered,,Pickup
BB004376,C0259,PET0318,2026-03-24,P12,6.0,12.5,75.0,Delivered,5,Web
BB004377,C0259,PET0318,2026-04-04,P12,4.0,12.5,50.0,Delivered,,Web
BB004378,C0259,PET0318,2026-04-17,P08,3.0,15.5,46.5,Delivered,4,Web
BB004379,C0259,PET0318,2026-04-30,P12,4.0,12.5,50.0,Delivered,4,Web
BB004380,C0260,PET0319,2025-09-19,P01,4.0,14.5,58.0,Delivered,5,Re-order Email
BB004381,C0260,PET0319,2025-10-01,P10,5.0,13.0,65.0,Delivered,5,Web
BB004382,C0260,PET0319,2025-10-14,P06,5.0,14.5,72.5,Delivered,,Web
BB004383,C0260,PET0319,2025-10-25,P03,3.0,13.5,40.5,Delivered,,Pickup
BB004384,C0260,PET0319,2025-11-06,P06,4.0,14.5,58.0,Delivered,5,Web
BB004385,C0260,PET0319,2025-11-13,P06,6.0,14.5,87.0,Delivered,,Web
BB004386,C0260,PET0319,2025-11-24,P06,4.0,14.5,58.0,Delivered,5,Web
BB004387,C0260,PET0319,2025-12-02,P06,2.0,14.5,29.0,Delivered,5,Web
BB004388,C0260,PET0319,2025-12-10,P06,6.0,14.5,87.0,Delivered,,Web
BB004389,C0260,PET0319,2025-12-17,P09,5.0,12.5,62.5,Delivered,,Pickup
BB004390,C0260,PET0319,2025-12-25,P06,7.0,14.5,101.5,Delivered,,Web
BB004391,C0260,PET0319,2026-01-08,P09,4.0,12.5,50.0,Delivered,,Pickup
BB004392,C0260,PET0319,2026-01-21,P06,3.0,14.5,43.5,Delivered,,Web
BB004393,C0260,PET0319,2026-01-31,P06,5.0,14.5,72.5,Delivered,5,Web
BB004394,C0260,PET0319,2026-02-13,P02,7.0,13.0,91.0,Delivered,,Web
BB004395,C0260,PET0319,2026-02-20,P06,4.0,14.5,58.0,Delivered,,Re-order Email
BB004396,C0260,PET0319,2026-03-05,P06,6.0,14.5,87.0,Delivered,,Web
BB004397,C0260,PET0319,2026-03-19,P06,4.0,14.5,58.0,Delivered,,Pickup
BB004398,C0260,PET0319,2026-03-30,P10,6.0,13.0,78.0,Delivered,4,Web
BB004399,C0260,PET0319,2026-04-12,P06,3.0,14.5,43.5,Delivered,5,Web
BB004400,C0260,PET0319,2026-04-22,P06,5.0,14.5,72.5,Delivered,5,Web
BB004401,C0261,PET0320,2025-10-05,P02,5.0,13.0,65.0,Delivered,,Web
BB004402,C0261,PET0320,2025-10-13,P03,5.0,13.5,67.5,Delivered,,Web
BB004403,C0261,PET0320,2025-10-27,P12,3.0,12.5,37.5,Delivered,,Pickup
BB004404,C0261,PET0320,2025-11-06,P02,7.0,13.0,91.0,Delivered,,Web
BB004405,C0261,PET0320,2025-11-17,P02,6.0,13.0,78.0,Delivered,,Web
BB004406,C0261,PET0320,2025-11-26,P02,4.0,13.0,52.0,Delivered,,Web
BB004407,C0261,PET0320,2025-12-06,P11,7.0,12.0,84.0,Delivered,,Web
BB004408,C0261,PET0320,2025-12-14,P03,6.0,13.5,81.0,Delivered,,Re-order Email
BB004409,C0261,PET0320,2025-12-25,P02,2.0,13.0,26.0,Delivered,4,Web
BB004410,C0261,PET0320,2026-01-06,P09,5.0,12.5,62.5,Delivered,,Web
BB004411,C0261,PET0320,2026-01-14,P02,4.0,13.0,52.0,Delivered,,Pickup
BB004412,C0261,PET0320,2026-01-21,P02,4.0,13.0,52.0,Delivered,,Web
BB004413,C0261,PET0320,2026-02-02,P02,7.0,13.0,91.0,Delivered,,Web
BB004414,C0261,PET0320,2026-02-16,P02,4.0,13.0,52.0,Delivered,5,Web
BB004415,C0261,PET0320,2026-02-28,P09,2.0,12.5,25.0,Delivered,,Web
BB004416,C0261,PET0320,2026-03-07,P02,5.0,13.0,65.0,Delivered,,Re-order Email
BB004417,C0261,PET0320,2026-03-14,P02,5.0,13.0,65.0,Delivered,,Web
BB004418,C0261,PET0320,2026-03-23,P02,4.0,13.0,52.0,Delivered,,Web
BB004419,C0261,PET0320,2026-04-02,P02,4.0,13.0,52.0,Delivered,,Re-order Email
BB004420,C0261,PET0320,2026-04-14,P02,6.0,13.0,78.0,Delivered,,Web
BB004421,C0261,PET0320,2026-04-21,P08,5.0,15.5,77.5,Delivered,,Web
BB004422,C0262,PET0321,2026-02-22,P01,6.0,14.5,87.0,Delivered,5,Re-order Email
BB004423,C0262,PET0321,2026-03-04,P03,5.0,13.5,67.5,Delivered,,Web
BB004424,C0263,PET0322,2025-12-01,P12,5.0,12.5,62.5,Delivered,,Re-order Email
BB004425,C0263,PET0322,2025-12-09,P10,6.0,13.0,78.0,Delivered,5,Pickup
BB004426,C0263,PET0322,2025-12-17,P10,5.0,13.0,65.0,Delivered,,Web
BB004427,C0263,PET0322,2025-12-28,P06,4.0,14.5,58.0,Delivered,,Web
BB004428,C0263,PET0322,2026-01-04,P10,5.0,13.0,65.0,Delivered,,Web
BB004429,C0263,PET0322,2026-01-11,P10,4.0,13.0,52.0,Delivered,,Web
BB004430,C0263,PET0322,2026-01-18,P10,3.0,13.0,39.0,Delivered,,Web
BB004431,C0263,PET0322,2026-01-26,P10,6.0,13.0,78.0,Delivered,5,Web
BB004432,C0263,PET0322,2026-02-05,P10,2.0,13.0,26.0,Delivered,,Web
BB004433,C0263,PET0322,2026-02-17,P10,3.0,13.0,39.0,Delivered,5,Web
BB004434,C0263,PET0322,2026-02-27,P10,6.0,13.0,78.0,Delivered,,Pickup
BB004435,C0263,PET0322,2026-03-09,P10,5.0,13.0,65.0,Delivered,,Re-order Email
BB004436,C0263,PET0322,2026-04-24,P02,5.0,13.0,65.0,Delivered,,Pickup
BB004437,C0264,PET0323,2024-11-22,P07,5.0,13.5,67.5,Delivered,,Web
BB004438,C0264,PET0323,2024-11-29,P07,7.0,13.5,94.5,Delivered,4,Web
BB004439,C0264,PET0323,2024-12-09,P07,5.0,13.5,67.5,Delivered,5,Web
BB004440,C0264,PET0323,2024-12-21,P07,7.0,13.5,94.5,Delivered,5,Pickup
BB004441,C0264,PET0323,2024-12-30,P07,6.0,13.5,81.0,Delivered,,Re-order Email
BB004442,C0264,PET0323,2025-01-06,P07,4.0,13.5,54.0,Delivered,,Web
BB004443,C0264,PET0323,2025-01-16,P07,5.0,13.5,67.5,Delivered,,Web
BB004444,C0264,PET0323,2025-01-24,P08,3.0,15.5,46.5,Delivered,,Pickup
BB004445,C0264,PET0323,2025-02-03,P07,3.0,13.5,40.5,Delivered,,Web
BB004446,C0264,PET0323,2025-02-11,P07,7.0,13.5,94.5,Delivered,,Pickup
BB004447,C0264,PET0323,2025-02-18,P03,4.0,13.5,54.0,Delivered,5,Web
BB004448,C0264,PET0323,2025-03-02,P07,4.0,13.5,54.0,Delivered,,Web
BB004449,C0264,PET0323,2025-03-13,P07,3.0,13.5,40.5,Delivered,,Pickup
BB004450,C0264,PET0323,2025-03-25,P07,2.0,13.5,27.0,Delivered,,Re-order Email
BB004451,C0264,PET0323,2025-04-04,P07,6.0,13.5,81.0,Delivered,,Web
BB004452,C0264,PET0323,2025-04-15,P07,7.0,13.5,94.5,Delivered,4,Pickup
BB004453,C0264,PET0323,2025-04-24,P07,5.0,13.5,67.5,Delivered,,Web
BB004454,C0264,PET0323,2025-05-05,P07,4.0,13.5,54.0,Delivered,,Pickup
BB004455,C0264,PET0323,2025-05-17,P02,5.0,13.0,65.0,Delivered,5,Web
BB004456,C0264,PET0323,2025-05-26,P07,6.0,13.5,81.0,Delivered,,Web
BB004457,C0264,PET0323,2025-06-08,P02,7.0,13.0,91.0,Delivered,5,Web
BB004458,C0264,PET0323,2025-06-15,P07,7.0,13.5,94.5,Delivered,5,Web
BB004459,C0264,PET0323,2025-06-22,P07,2.0,13.5,27.0,Delivered,,Web
BB004460,C0264,PET0323,2025-07-02,P07,5.0,13.5,67.5,Delivered,,Web
BB004461,C0264,PET0323,2025-07-13,P07,5.0,13.5,67.5,Delivered,5,Web
BB004462,C0264,PET0323,2025-07-22,P07,4.0,13.5,54.0,Delivered,,Web
BB004463,C0264,PET0323,2025-07-31,P07,3.0,13.5,40.5,Delivered,,Web
BB004464,C0264,PET0323,2025-08-11,P07,2.0,13.5,27.0,Delivered,,Re-order Email
BB004465,C0264,PET0323,2025-08-23,P02,4.0,13.0,52.0,Delivered,5,Web
BB004466,C0264,PET0323,2025-09-05,P07,4.0,13.5,54.0,Delivered,,Web
BB004467,C0264,PET0323,2025-09-12,P07,3.0,13.5,40.5,Delivered,4,Web
BB004468,C0264,PET0323,2025-09-24,P07,3.0,13.5,40.5,Delivered,4,Web
BB004469,C0264,PET0323,2025-10-01,P10,7.0,13.0,91.0,Delivered,,Web
BB004470,C0264,PET0323,2025-10-10,P07,3.0,13.5,40.5,Delivered,,Pickup
BB004471,C0264,PET0323,2025-10-20,P08,4.0,15.5,62.0,Delivered,,Web
BB004472,C0264,PET0323,2025-11-02,P02,4.0,13.0,52.0,Delivered,,Web
BB004473,C0264,PET0323,2025-11-09,P11,3.0,12.0,36.0,Delivered,,Web
BB004474,C0264,PET0323,2025-11-17,P07,4.0,13.5,54.0,Delivered,,Pickup
BB004475,C0264,PET0323,2025-11-26,P07,5.0,13.5,67.5,Delivered,4,Web
BB004476,C0264,PET0323,2025-12-07,P07,5.0,13.5,67.5,Delivered,,Pickup
BB004477,C0264,PET0323,2025-12-18,P09,4.0,12.5,50.0,Delivered,,Re-order Email
BB004478,C0264,PET0323,2025-12-30,P07,4.0,13.5,54.0,Delivered,,Re-order Email
BB004479,C0264,PET0323,2026-01-11,P11,3.0,12.0,36.0,Delivered,,Web
BB004480,C0264,PET0323,2026-01-20,P07,5.0,13.5,67.5,Delivered,5,Web
BB004481,C0264,PET0323,2026-02-01,P12,4.0,12.5,50.0,Delivered,5,Web
BB004482,C0264,PET0323,2026-02-13,P07,6.0,13.5,81.0,Delivered,5,Web
BB004483,C0264,PET0323,2026-02-22,P07,3.0,13.5,40.5,Delivered,,Re-order Email
BB004484,C0264,PET0323,2026-03-01,P03,5.0,13.5,67.5,Delivered,,Web
BB004485,C0264,PET0323,2026-03-10,P09,4.0,12.5,50.0,Delivered,,Web
BB004486,C0264,PET0324,2024-11-23,P11,7.0,12.0,84.0,Delivered,,Web
BB004487,C0264,PET0324,2024-12-07,P11,4.0,12.0,48.0,Delivered,,Web
BB004488,C0264,PET0324,2024-12-17,P09,3.0,12.5,37.5,Delivered,,Web
BB004489,C0264,PET0324,2024-12-27,P11,7.0,12.0,84.0,Delivered,,Web
BB004490,C0264,PET0324,2025-01-06,P11,6.0,12.0,72.0,Delivered,5,Web
BB004491,C0264,PET0324,2025-01-16,P11,3.0,12.0,36.0,Delivered,5,Re-order Email
BB004492,C0264,PET0324,2025-01-23,P11,4.0,12.0,48.0,Delivered,5,Pickup
BB004493,C0264,PET0324,2025-01-30,P01,2.0,14.5,29.0,Delivered,,Web
BB004494,C0264,PET0324,2025-02-10,P11,4.0,12.0,48.0,Delivered,,Web
BB004495,C0264,PET0324,2025-02-21,P11,4.0,12.0,48.0,Delivered,,Web
BB004496,C0264,PET0324,2025-03-01,P11,6.0,12.0,72.0,Delivered,,Web
BB004497,C0264,PET0324,2025-03-09,P03,6.0,13.5,81.0,Delivered,,Web
BB004498,C0264,PET0324,2025-03-20,P08,4.0,15.5,62.0,Delivered,,Web
BB004499,C0264,PET0324,2025-03-29,P12,3.0,12.5,37.5,Delivered,5,Re-order Email
BB004500,C0264,PET0324,2025-04-11,P11,6.0,12.0,72.0,Delivered,,Web
BB004501,C0264,PET0324,2025-04-21,P03,2.0,13.5,27.0,Delivered,,Pickup
BB004502,C0264,PET0324,2025-05-01,P03,6.0,13.5,81.0,Delivered,,Web
BB004503,C0264,PET0324,2025-05-14,P11,4.0,12.0,48.0,Delivered,5,Web
BB004504,C0264,PET0324,2025-05-28,P11,6.0,12.0,72.0,Delivered,,Pickup
BB004505,C0264,PET0324,2025-06-05,P03,5.0,13.5,67.5,Delivered,,Web
BB004506,C0264,PET0324,2025-06-15,P03,3.0,13.5,40.5,Delivered,,Web
BB004507,C0264,PET0324,2025-06-25,P11,6.0,12.0,72.0,Delivered,,Re-order Email
BB004508,C0264,PET0324,2025-07-07,P11,3.0,12.0,36.0,Delivered,4,Web
BB004509,C0264,PET0324,2025-07-14,P01,5.0,14.5,72.5,Delivered,,Web
BB004510,C0264,PET0324,2025-07-28,P11,3.0,12.0,36.0,Delivered,,Pickup
BB004511,C0264,PET0324,2025-08-09,P11,4.0,12.0,48.0,Delivered,5,Pickup
BB004512,C0264,PET0324,2025-08-22,P11,4.0,12.0,48.0,Delivered,4,Web
BB004513,C0264,PET0324,2025-08-31,P11,3.0,12.0,36.0,Delivered,,Web
BB004514,C0264,PET0324,2025-09-09,P11,5.0,12.0,60.0,Delivered,,Web
BB004515,C0264,PET0324,2025-09-22,P11,6.0,12.0,72.0,Delivered,,Web
BB004516,C0264,PET0324,2025-09-29,P11,6.0,12.0,72.0,Delivered,,Web
BB004517,C0264,PET0324,2025-10-13,P11,6.0,12.0,72.0,Delivered,5,Web
BB004518,C0264,PET0324,2025-10-24,P09,3.0,12.5,37.5,Delivered,5,Web
BB004519,C0264,PET0324,2025-11-04,P11,6.0,12.0,72.0,Delivered,4,Web
BB004520,C0264,PET0324,2025-11-14,P11,6.0,12.0,72.0,Delivered,,Web
BB004521,C0264,PET0324,2025-11-25,P11,4.0,12.0,48.0,Delivered,,Pickup
BB004522,C0264,PET0324,2025-12-04,P07,7.0,13.5,94.5,Delivered,5,Web
BB004523,C0264,PET0324,2025-12-11,P11,3.0,12.0,36.0,Delivered,,Web
BB004524,C0264,PET0324,2025-12-25,P11,5.0,12.0,60.0,Delivered,,Web
BB004525,C0264,PET0324,2026-01-08,P11,5.0,12.0,60.0,Delivered,,Web
BB004526,C0264,PET0324,2026-01-22,P07,4.0,13.5,54.0,Delivered,,Re-order Email
BB004527,C0264,PET0324,2026-02-02,P11,4.0,12.0,48.0,Delivered,,Pickup
BB004528,C0264,PET0324,2026-02-10,P11,4.0,12.0,48.0,Delivered,,Pickup
BB004529,C0264,PET0324,2026-02-19,P11,3.0,12.0,36.0,Delivered,4,Web
BB004530,C0264,PET0324,2026-02-26,P10,4.0,13.0,52.0,Delivered,5,Re-order Email
BB004531,C0264,PET0324,2026-03-08,P11,7.0,12.0,84.0,Delivered,4,Pickup
BB004532,C0264,PET0324,2026-03-20,P11,6.0,12.0,72.0,Delivered,,Web
BB004533,C0264,PET0324,2026-03-28,P11,5.0,12.0,60.0,Delivered,,Web
BB004534,C0264,PET0324,2026-04-09,P11,5.0,12.0,60.0,Delivered,,Web
BB004535,C0264,PET0324,2026-04-23,P11,4.0,12.0,48.0,Delivered,,Web
BB004536,C0264,PET0324,2026-04-30,P11,5.0,12.0,60.0,Delivered,4,Web
BB004537,C0265,PET0325,2026-01-02,P06,3.0,14.5,43.5,Delivered,,Re-order Email
BB004538,C0265,PET0325,2026-01-14,P06,6.0,14.5,87.0,Delivered,,Web
BB004539,C0265,PET0325,2026-01-28,P06,5.0,14.5,72.5,Delivered,5,Web
BB004540,C0265,PET0325,2026-02-08,P06,5.0,14.5,72.5,Delivered,,Web
BB004541,C0265,PET0325,2026-02-17,P12,4.0,12.5,50.0,Delivered,,Web
BB004542,C0265,PET0325,2026-03-01,P03,5.0,13.5,67.5,Delivered,,Web
BB004543,C0265,PET0325,2026-03-12,P02,6.0,13.0,78.0,Delivered,,Web
BB004544,C0265,PET0325,2026-03-19,P03,7.0,13.5,94.5,Delivered,5,Web
BB004545,C0265,PET0325,2026-03-27,P04,6.0,14.0,84.0,Delivered,5,Web
BB004546,C0265,PET0325,2026-04-03,P06,7.0,14.5,101.5,Delivered,,Web
BB004547,C0265,PET0325,2026-04-16,P01,5.0,14.5,72.5,Delivered,,Pickup
BB004548,C0265,PET0325,2026-04-25,P11,3.0,12.0,36.0,Delivered,,Web
BB004549,C0266,PET0326,2025-05-02,P01,4.0,14.5,58.0,Delivered,4,Re-order Email
BB004550,C0266,PET0326,2025-05-13,P07,2.0,13.5,27.0,Delivered,,Web
BB004551,C0266,PET0326,2025-05-24,P10,5.0,13.0,65.0,Delivered,4,Web
BB004552,C0266,PET0326,2025-06-02,P07,5.0,13.5,67.5,Delivered,,Web
BB004553,C0266,PET0326,2025-06-15,P07,6.0,13.5,81.0,Delivered,,Web
BB004554,C0266,PET0326,2025-06-25,P07,6.0,13.5,81.0,Delivered,,Re-order Email
BB004555,C0266,PET0326,2025-07-02,P07,4.0,13.5,54.0,Delivered,,Web
BB004556,C0266,PET0326,2025-07-13,P07,5.0,13.5,67.5,Delivered,5,Web
BB004557,C0266,PET0326,2025-07-22,P07,6.0,13.5,81.0,Delivered,,Web
BB004558,C0266,PET0326,2025-08-04,P07,6.0,13.5,81.0,Delivered,,Pickup
BB004559,C0266,PET0326,2025-08-14,P07,4.0,13.5,54.0,Delivered,,Web
BB004560,C0266,PET0326,2025-08-24,P07,7.0,13.5,94.5,Delivered,5,Web
BB004561,C0266,PET0326,2025-09-06,P07,5.0,13.5,67.5,Delivered,,Web
BB004562,C0266,PET0326,2025-09-19,P07,4.0,13.5,54.0,Delivered,,Re-order Email
BB004563,C0266,PET0326,2025-10-02,P10,6.0,13.0,78.0,Delivered,5,Web
BB004564,C0266,PET0326,2025-10-09,P10,4.0,13.0,52.0,Delivered,,Web
BB004565,C0266,PET0326,2025-10-18,P11,6.0,12.0,72.0,Delivered,4,Re-order Email
BB004566,C0266,PET0326,2025-10-31,P07,5.0,13.5,67.5,Delivered,,Re-order Email
BB004567,C0266,PET0326,2025-11-07,P07,5.0,13.5,67.5,Delivered,,Web
BB004568,C0266,PET0326,2025-11-18,P07,6.0,13.5,81.0,Delivered,5,Web
BB004569,C0266,PET0326,2025-11-30,P07,3.0,13.5,40.5,Delivered,,Web
BB004570,C0266,PET0326,2025-12-13,P01,2.0,14.5,29.0,Delivered,4,Web
BB004571,C0266,PET0326,2025-12-21,P07,5.0,13.5,67.5,Delivered,3,Web
BB004572,C0266,PET0326,2025-12-29,P07,5.0,13.5,67.5,Delivered,,Web
BB004573,C0266,PET0326,2026-01-05,P07,2.0,13.5,27.0,Delivered,,Web
BB004574,C0266,PET0326,2026-01-12,P07,6.0,13.5,81.0,Delivered,3,Re-order Email
BB004575,C0266,PET0326,2026-01-24,P07,4.0,13.5,54.0,Delivered,,Web
BB004576,C0266,PET0326,2026-02-05,P07,3.0,13.5,40.5,Delivered,,Web
BB004577,C0267,PET0327,2025-10-05,P12,7.0,12.5,87.5,Delivered,,Web
BB004578,C0267,PET0327,2025-10-19,P12,5.0,12.5,62.5,Delivered,5,Web
BB004579,C0267,PET0327,2025-10-29,P12,5.0,12.5,62.5,Delivered,,Web
BB004580,C0267,PET0327,2025-11-10,P12,5.0,12.5,62.5,Delivered,,Web
BB004581,C0267,PET0327,2025-11-17,P12,3.0,12.5,37.5,Delivered,,Web
BB004582,C0267,PET0327,2025-11-25,P12,6.0,12.5,75.0,Delivered,5,Web
BB004583,C0267,PET0327,2025-12-04,P10,5.0,13.0,65.0,Delivered,,Re-order Email
BB004584,C0267,PET0327,2025-12-11,P06,6.0,14.5,87.0,Delivered,5,Re-order Email
BB004585,C0267,PET0327,2025-12-19,P06,5.0,14.5,72.5,Delivered,,Re-order Email
BB004586,C0267,PET0327,2026-01-02,P12,3.0,12.5,37.5,Delivered,,Web
BB004587,C0267,PET0327,2026-01-12,P12,6.0,12.5,75.0,Delivered,5,Re-order Email
BB004588,C0267,PET0327,2026-01-19,P12,7.0,12.5,87.5,Delivered,,Web
BB004589,C0267,PET0327,2026-01-30,P10,5.0,13.0,65.0,Delivered,,Web
BB004590,C0267,PET0327,2026-02-12,P12,6.0,12.5,75.0,Delivered,,Pickup
BB004591,C0267,PET0327,2026-02-23,P12,5.0,12.5,62.5,Delivered,5,Web
BB004592,C0267,PET0327,2026-03-09,P10,6.0,13.0,78.0,Delivered,,Re-order Email
BB004593,C0267,PET0327,2026-03-22,P12,3.0,12.5,37.5,Delivered,,Web
BB004594,C0267,PET0327,2026-03-29,P12,5.0,12.5,62.5,Delivered,,Web
BB004595,C0267,PET0327,2026-04-07,P12,4.0,12.5,50.0,Delivered,,Web
BB004596,C0267,PET0327,2026-04-21,P12,6.0,12.5,75.0,Delivered,4,Web
BB004597,C0268,PET0328,2026-04-07,P09,4.0,12.5,50.0,Delivered,5,Web
BB004598,C0268,PET0328,2026-04-19,P09,4.0,12.5,50.0,Delivered,4,Pickup
BB004599,C0268,PET0329,2026-04-09,P10,5.0,13.0,65.0,Delivered,,Web
BB004600,C0268,PET0330,2026-04-08,P02,7.0,13.0,91.0,Delivered,5,Web
BB004601,C0268,PET0330,2026-04-16,P11,3.0,12.0,36.0,Delivered,,Pickup
BB004602,C0268,PET0330,2026-04-23,P11,6.0,12.0,72.0,Delivered,,Re-order Email
BB004603,C0269,PET0331,2026-01-25,P06,4.0,14.5,58.0,Delivered,5,Web
BB004604,C0269,PET0331,2026-02-01,P01,7.0,14.5,101.5,Delivered,5,Web
BB004605,C0269,PET0331,2026-02-14,P01,7.0,14.5,101.5,Delivered,,Re-order Email
BB004606,C0269,PET0331,2026-02-23,P11,6.0,12.0,72.0,Delivered,,Re-order Email
BB004607,C0269,PET0331,2026-03-05,P01,4.0,14.5,58.0,Delivered,5,Re-order Email
BB004608,C0269,PET0331,2026-03-17,P01,6.0,14.5,87.0,Delivered,5,Web
BB004609,C0269,PET0331,2026-03-29,P07,6.0,13.5,81.0,Delivered,5,Pickup
BB004610,C0269,PET0331,2026-04-09,P01,3.0,14.5,43.5,Delivered,,Web
BB004611,C0269,PET0331,2026-04-16,P01,3.0,14.5,43.5,Delivered,,Web
BB004612,C0269,PET0331,2026-04-23,P12,6.0,12.5,75.0,Delivered,5,Web
BB004613,C0270,PET0332,2026-05-03,P08,6.0,15.5,93.0,Scheduled,5,Re-order Email
BB004614,C0271,PET0333,2024-11-12,P04,5.0,14.0,70.0,Delivered,,Web
BB004615,C0271,PET0333,2024-11-19,P04,3.0,14.0,42.0,Delivered,5,Pickup
BB004616,C0271,PET0333,2024-12-03,P01,3.0,14.5,43.5,Delivered,,Web
BB004617,C0271,PET0333,2024-12-12,P04,4.0,14.0,56.0,Delivered,,Web
BB004618,C0271,PET0333,2024-12-20,P04,6.0,14.0,84.0,Delivered,,Web
BB004619,C0271,PET0333,2025-01-03,P04,2.0,14.0,28.0,Delivered,5,Re-order Email
BB004620,C0271,PET0333,2025-01-10,P04,2.0,14.0,28.0,Delivered,,Web
BB004621,C0271,PET0333,2025-01-23,P04,5.0,14.0,70.0,Delivered,,Web
BB004622,C0271,PET0333,2025-02-06,P03,4.0,13.5,54.0,Delivered,5,Web
BB004623,C0271,PET0333,2025-02-16,P03,3.0,13.5,40.5,Delivered,,Web
BB004624,C0271,PET0333,2025-02-24,P04,5.0,14.0,70.0,Delivered,,Pickup
BB004625,C0271,PET0333,2025-03-05,P04,4.0,14.0,56.0,Delivered,,Pickup
BB004626,C0271,PET0333,2025-03-18,P04,5.0,14.0,70.0,Delivered,,Web
BB004627,C0271,PET0333,2025-03-31,P01,7.0,14.5,101.5,Delivered,,Re-order Email
BB004628,C0271,PET0333,2025-04-12,P04,5.0,14.0,70.0,Delivered,5,Web
BB004629,C0271,PET0333,2025-04-25,P04,6.0,14.0,84.0,Delivered,,Web
BB004630,C0271,PET0333,2025-05-08,P04,3.0,14.0,42.0,Delivered,5,Web
BB004631,C0271,PET0333,2025-05-18,P04,3.0,14.0,42.0,Delivered,5,Web
BB004632,C0271,PET0333,2025-05-27,P04,3.0,14.0,42.0,Delivered,,Re-order Email
BB004633,C0271,PET0333,2025-06-03,P04,7.0,14.0,98.0,Delivered,,Web
BB004634,C0271,PET0333,2025-06-16,P04,3.0,14.0,42.0,Delivered,,Web
BB004635,C0271,PET0333,2025-06-29,P04,5.0,14.0,70.0,Delivered,4,Web
BB004636,C0271,PET0333,2025-07-07,P12,6.0,12.5,75.0,Delivered,,Web
BB004637,C0271,PET0333,2025-07-14,P04,7.0,14.0,98.0,Delivered,4,Web
BB004638,C0271,PET0333,2025-07-26,P04,7.0,14.0,98.0,Delivered,,Re-order Email
BB004639,C0271,PET0333,2025-08-03,P07,6.0,13.5,81.0,Delivered,,Web
BB004640,C0271,PET0333,2025-08-10,P04,4.0,14.0,56.0,Delivered,5,Web
BB004641,C0271,PET0333,2025-08-19,P04,2.0,14.0,28.0,Delivered,5,Pickup
BB004642,C0271,PET0333,2025-09-01,P01,4.0,14.5,58.0,Delivered,3,Web
BB004643,C0271,PET0333,2025-09-14,P04,6.0,14.0,84.0,Delivered,,Web
BB004644,C0271,PET0333,2025-09-24,P03,6.0,13.5,81.0,Delivered,,Web
BB004645,C0271,PET0333,2025-10-06,P01,5.0,14.5,72.5,Delivered,5,Web
BB004646,C0271,PET0333,2025-10-15,P12,6.0,12.5,75.0,Delivered,,Web
BB004647,C0271,PET0333,2025-10-27,P04,3.0,14.0,42.0,Delivered,5,Web
BB004648,C0271,PET0333,2025-11-08,P11,3.0,12.0,36.0,Delivered,,Web
BB004649,C0271,PET0333,2025-11-15,P04,6.0,14.0,84.0,Delivered,5,Pickup
BB004650,C0271,PET0333,2025-11-28,P04,4.0,14.0,56.0,Delivered,,Web
BB004651,C0271,PET0333,2025-12-11,P04,6.0,14.0,84.0,Delivered,4,Web
BB004652,C0271,PET0333,2025-12-19,P04,4.0,14.0,56.0,Delivered,,Web
BB004653,C0271,PET0333,2025-12-31,P04,7.0,14.0,98.0,Delivered,5,Web
BB004654,C0271,PET0333,2026-01-10,P11,3.0,12.0,36.0,Delivered,,Re-order Email
BB004655,C0271,PET0333,2026-01-18,P04,6.0,14.0,84.0,Delivered,5,Web
BB004656,C0271,PET0333,2026-01-30,P04,3.0,14.0,42.0,Delivered,,Web
BB004657,C0271,PET0333,2026-02-09,P04,6.0,14.0,84.0,Delivered,5,Pickup
BB004658,C0271,PET0333,2026-02-18,P04,4.0,14.0,56.0,Delivered,4,Re-order Email
BB004659,C0271,PET0333,2026-02-27,P04,3.0,14.0,42.0,Delivered,4,Web
BB004660,C0271,PET0333,2026-03-11,P04,7.0,14.0,98.0,Delivered,3,Re-order Email
BB004661,C0271,PET0333,2026-03-24,P04,3.0,14.0,42.0,Delivered,4,Web
BB004662,C0271,PET0333,2026-04-07,P04,5.0,14.0,70.0,Delivered,,Web
BB004663,C0271,PET0333,2026-04-15,P04,7.0,14.0,98.0,Delivered,,Pickup
BB004664,C0271,PET0333,2026-04-24,P04,4.0,14.0,56.0,Delivered,,Pickup
BB004665,C0272,PET0334,2025-02-08,P06,5.0,14.5,72.5,Delivered,5,Pickup
BB004666,C0272,PET0334,2025-02-21,P06,7.0,14.5,101.5,Delivered,,Web
BB004667,C0272,PET0334,2025-03-01,P06,6.0,14.5,87.0,Delivered,,Web
BB004668,C0272,PET0334,2025-03-08,P07,7.0,13.5,94.5,Delivered,,Pickup
BB004669,C0272,PET0334,2025-03-17,P06,5.0,14.5,72.5,Delivered,4,Pickup
BB004670,C0272,PET0334,2025-03-28,P06,5.0,14.5,72.5,Delivered,,Web
BB004671,C0272,PET0334,2025-04-09,P06,5.0,14.5,72.5,Delivered,5,Web
BB004672,C0272,PET0334,2025-04-18,P06,4.0,14.5,58.0,Delivered,4,Web
BB004673,C0272,PET0334,2025-04-27,P06,5.0,14.5,72.5,Delivered,4,Web
BB004674,C0272,PET0334,2025-05-09,P02,5.0,13.0,65.0,Delivered,5,Re-order Email
BB004675,C0272,PET0334,2025-05-19,P06,5.0,14.5,72.5,Delivered,,Re-order Email
BB004676,C0272,PET0334,2025-05-27,P06,7.0,14.5,101.5,Delivered,5,Pickup
BB004677,C0272,PET0334,2025-06-03,P01,6.0,14.5,87.0,Delivered,,Pickup
BB004678,C0272,PET0334,2025-06-10,P06,5.0,14.5,72.5,Delivered,,Web
BB004679,C0272,PET0334,2025-06-22,P06,4.0,14.5,58.0,Delivered,4,Re-order Email
BB004680,C0272,PET0334,2025-07-04,P06,3.0,14.5,43.5,Delivered,,Web
BB004681,C0272,PET0334,2025-07-12,P06,3.0,14.5,43.5,Delivered,5,Pickup
BB004682,C0272,PET0334,2025-07-21,P06,5.0,14.5,72.5,Delivered,,Pickup
BB004683,C0272,PET0334,2025-07-29,P06,4.0,14.5,58.0,Delivered,,Web
BB004684,C0272,PET0334,2025-08-11,P06,4.0,14.5,58.0,Delivered,,Web
BB004685,C0272,PET0334,2025-08-19,P06,6.0,14.5,87.0,Delivered,,Web
BB004686,C0272,PET0334,2025-09-01,P06,5.0,14.5,72.5,Delivered,5,Pickup
BB004687,C0272,PET0334,2025-09-12,P06,3.0,14.5,43.5,Delivered,5,Web
BB004688,C0272,PET0334,2025-09-23,P06,4.0,14.5,58.0,Delivered,5,Web
BB004689,C0272,PET0334,2025-10-02,P06,4.0,14.5,58.0,Delivered,5,Pickup
BB004690,C0272,PET0334,2025-10-12,P02,3.0,13.0,39.0,Delivered,5,Re-order Email
BB004691,C0272,PET0334,2025-10-19,P08,6.0,15.5,93.0,Delivered,5,Re-order Email
BB004692,C0272,PET0334,2025-10-30,P06,4.0,14.5,58.0,Delivered,,Web
BB004693,C0272,PET0334,2025-11-08,P06,6.0,14.5,87.0,Delivered,,Re-order Email
BB004694,C0272,PET0334,2025-11-20,P06,4.0,14.5,58.0,Delivered,,Web
BB004695,C0272,PET0334,2025-11-28,P06,6.0,14.5,87.0,Delivered,3,Web
BB004696,C0272,PET0334,2025-12-11,P03,4.0,13.5,54.0,Delivered,,Re-order Email
BB004697,C0272,PET0334,2025-12-22,P06,3.0,14.5,43.5,Delivered,,Web
BB004698,C0272,PET0334,2025-12-30,P06,6.0,14.5,87.0,Delivered,5,Web
BB004699,C0272,PET0334,2026-01-07,P06,5.0,14.5,72.5,Delivered,5,Web
BB004700,C0272,PET0334,2026-01-18,P06,5.0,14.5,72.5,Delivered,5,Pickup
BB004701,C0272,PET0334,2026-01-31,P06,6.0,14.5,87.0,Delivered,,Re-order Email
BB004702,C0272,PET0334,2026-02-09,P06,7.0,14.5,101.5,Delivered,,Pickup
BB004703,C0272,PET0334,2026-02-21,P03,5.0,13.5,67.5,Delivered,,Web
BB004704,C0272,PET0334,2026-03-06,P06,4.0,14.5,58.0,Delivered,5,Re-order Email
BB004705,C0273,PET0335,2025-11-25,P07,3.0,13.5,40.5,Delivered,,Web
BB004706,C0273,PET0335,2025-12-03,P07,3.0,13.5,40.5,Delivered,5,Pickup
BB004707,C0273,PET0335,2025-12-16,P07,4.0,13.5,54.0,Delivered,,Web
BB004708,C0273,PET0335,2025-12-27,P12,2.0,12.5,25.0,Delivered,,Re-order Email
BB004709,C0273,PET0335,2026-01-08,P07,6.0,13.5,81.0,Delivered,,Web
BB004710,C0273,PET0335,2026-01-15,P12,3.0,12.5,37.5,Delivered,,Re-order Email
BB004711,C0273,PET0335,2026-01-27,P12,6.0,12.5,75.0,Delivered,,Web
BB004712,C0273,PET0335,2026-02-06,P11,2.0,12.0,24.0,Delivered,5,Web
BB004713,C0273,PET0335,2026-02-16,P03,5.0,13.5,67.5,Delivered,5,Re-order Email
BB004714,C0273,PET0335,2026-02-26,P10,3.0,13.0,39.0,Delivered,,Web
BB004715,C0273,PET0335,2026-03-09,P07,6.0,13.5,81.0,Delivered,5,Web
BB004716,C0273,PET0335,2026-03-16,P07,3.0,13.5,40.5,Delivered,5,Web
BB004717,C0273,PET0335,2026-03-23,P07,5.0,13.5,67.5,Delivered,,Web
BB004718,C0273,PET0335,2026-03-30,P12,2.0,12.5,25.0,Delivered,,Web
BB004719,C0273,PET0335,2026-04-07,P08,4.0,15.5,62.0,Delivered,,Web
BB004720,C0273,PET0335,2026-04-16,P07,6.0,13.5,81.0,Delivered,,Web
BB004721,C0273,PET0335,2026-04-23,P01,3.0,14.5,43.5,Delivered,,Re-order Email
BB004722,C0274,PET0336,2026-02-24,P02,5.0,13.0,65.0,Delivered,,Web
BB004723,C0274,PET0336,2026-03-10,P02,6.0,13.0,78.0,Delivered,,Web
BB004724,C0274,PET0336,2026-03-19,P02,5.0,13.0,65.0,Delivered,5,Web
BB004725,C0274,PET0336,2026-04-02,P07,6.0,13.5,81.0,Delivered,,Web
BB004726,C0274,PET0336,2026-04-10,P02,6.0,13.0,78.0,Delivered,,Web
BB004727,C0274,PET0336,2026-04-24,P02,4.0,13.0,52.0,Delivered,5,Web
BB004728,C0274,PET0337,2026-02-21,P07,5.0,13.5,67.5,Delivered,,Web
BB004729,C0274,PET0337,2026-03-05,P07,3.0,13.5,40.5,Delivered,,Web
BB004730,C0274,PET0337,2026-03-12,P07,5.0,13.5,67.5,Delivered,,Web
BB004731,C0274,PET0337,2026-03-22,P07,3.0,13.5,40.5,Delivered,,Pickup
BB004732,C0274,PET0337,2026-03-30,P07,4.0,13.5,54.0,Delivered,5,Web
BB004733,C0274,PET0337,2026-04-07,P07,7.0,13.5,94.5,Delivered,,Web
BB004734,C0274,PET0337,2026-04-20,P07,3.0,13.5,40.5,Delivered,5,Pickup
BB004735,C0275,PET0338,2026-02-22,P09,3.0,12.5,37.5,Delivered,5,Web
BB004736,C0275,PET0338,2026-03-05,P09,5.0,12.5,62.5,Delivered,5,Re-order Email
BB004737,C0275,PET0338,2026-03-16,P09,7.0,12.5,87.5,Delivered,,Re-order Email
BB004738,C0275,PET0338,2026-03-28,P09,5.0,12.5,62.5,Delivered,,Web
BB004739,C0275,PET0338,2026-04-06,P09,6.0,12.5,75.0,Delivered,,Web
BB004740,C0275,PET0338,2026-04-19,P09,4.0,12.5,50.0,Delivered,5,Pickup
BB004741,C0275,PET0338,2026-04-26,P02,7.0,13.0,91.0,Delivered,,Web
BB004742,C0276,PET0339,2025-02-05,P09,4.0,12.5,50.0,Delivered,,Web
BB004743,C0276,PET0339,2025-02-12,P09,7.0,12.5,87.5,Delivered,5,Web
BB004744,C0276,PET0339,2025-02-26,P09,5.0,12.5,62.5,Delivered,5,Web
BB004745,C0276,PET0339,2025-03-07,P09,5.0,12.5,62.5,Delivered,5,Web
BB004746,C0276,PET0339,2025-03-21,P11,6.0,12.0,72.0,Delivered,5,Web
BB004747,C0276,PET0339,2025-03-28,P09,2.0,12.5,25.0,Delivered,,Web
BB004748,C0276,PET0339,2025-04-08,P09,2.0,12.5,25.0,Delivered,3,Web
BB004749,C0276,PET0339,2025-04-21,P09,2.0,12.5,25.0,Delivered,,Re-order Email
BB004750,C0276,PET0339,2025-05-05,P09,6.0,12.5,75.0,Delivered,5,Web
BB004751,C0276,PET0339,2025-05-12,P02,6.0,13.0,78.0,Delivered,,Pickup
BB004752,C0276,PET0339,2025-05-25,P09,4.0,12.5,50.0,Delivered,,Web
BB004753,C0276,PET0339,2025-06-01,P09,5.0,12.5,62.5,Delivered,,Web
BB004754,C0276,PET0339,2025-06-14,P09,5.0,12.5,62.5,Delivered,5,Re-order Email
BB004755,C0276,PET0339,2025-06-25,P07,4.0,13.5,54.0,Delivered,4,Web
BB004756,C0276,PET0339,2025-07-03,P09,7.0,12.5,87.5,Delivered,,Pickup
BB004757,C0276,PET0339,2025-07-14,P09,3.0,12.5,37.5,Delivered,,Web
BB004758,C0276,PET0339,2025-07-22,P09,5.0,12.5,62.5,Delivered,,Pickup
BB004759,C0276,PET0339,2025-08-02,P09,6.0,12.5,75.0,Delivered,5,Web
BB004760,C0276,PET0339,2025-08-10,P09,3.0,12.5,37.5,Delivered,5,Web
BB004761,C0276,PET0339,2025-08-22,P10,3.0,13.0,39.0,Delivered,5,Web
BB004762,C0276,PET0339,2025-09-03,P09,4.0,12.5,50.0,Delivered,,Web
BB004763,C0276,PET0339,2025-09-12,P09,4.0,12.5,50.0,Delivered,,Web
BB004764,C0276,PET0339,2025-09-20,P09,4.0,12.5,50.0,Delivered,,Re-order Email
BB004765,C0276,PET0339,2025-10-02,P09,6.0,12.5,75.0,Delivered,,Web
BB004766,C0276,PET0339,2025-10-15,P03,5.0,13.5,67.5,Delivered,,Web
BB004767,C0276,PET0339,2025-10-24,P09,5.0,12.5,62.5,Delivered,,Pickup
BB004768,C0276,PET0339,2025-11-05,P09,4.0,12.5,50.0,Delivered,,Web
BB004769,C0276,PET0339,2025-11-16,P09,4.0,12.5,50.0,Delivered,,Pickup
BB004770,C0276,PET0339,2025-11-28,P02,7.0,13.0,91.0,Delivered,5,Web
BB004771,C0276,PET0339,2025-12-07,P07,4.0,13.5,54.0,Delivered,5,Re-order Email
BB004772,C0276,PET0339,2025-12-17,P08,6.0,15.5,93.0,Delivered,,Pickup
BB004773,C0276,PET0339,2025-12-26,P11,6.0,12.0,72.0,Delivered,,Web
BB004774,C0276,PET0339,2026-01-06,P09,5.0,12.5,62.5,Delivered,,Web
BB004775,C0276,PET0339,2026-01-16,P09,7.0,12.5,87.5,Delivered,4,Web
BB004776,C0276,PET0339,2026-01-24,P09,4.0,12.5,50.0,Delivered,,Web
BB004777,C0276,PET0339,2026-02-07,P09,4.0,12.5,50.0,Delivered,5,Web
BB004778,C0276,PET0339,2026-02-18,P09,5.0,12.5,62.5,Delivered,5,Web
BB004779,C0276,PET0339,2026-02-26,P09,5.0,12.5,62.5,Delivered,,Web
BB004780,C0276,PET0339,2026-03-12,P09,6.0,12.5,75.0,Delivered,4,Web
BB004781,C0276,PET0339,2026-03-23,P11,7.0,12.0,84.0,Delivered,5,Web
BB004782,C0276,PET0339,2026-04-05,P09,3.0,12.5,37.5,Delivered,5,Web
BB004783,C0276,PET0339,2026-04-17,P09,6.0,12.5,75.0,Delivered,,Web
BB004784,C0277,PET0340,2026-04-30,P02,6.0,13.0,78.0,Delivered,5,Re-order Email
BB004785,C0278,PET0341,2026-01-16,P12,4.0,12.5,50.0,Delivered,,Pickup
BB004786,C0278,PET0341,2026-01-29,P06,3.0,14.5,43.5,Delivered,,Web
BB004787,C0278,PET0341,2026-02-09,P06,3.0,14.5,43.5,Delivered,5,Web
BB004788,C0278,PET0341,2026-02-20,P06,7.0,14.5,101.5,Delivered,,Web
BB004789,C0278,PET0341,2026-03-06,P01,3.0,14.5,43.5,Delivered,,Web
BB004790,C0278,PET0341,2026-03-17,P06,4.0,14.5,58.0,Delivered,,Web
BB004791,C0278,PET0341,2026-03-27,P06,4.0,14.5,58.0,Delivered,,Web
BB004792,C0278,PET0341,2026-04-07,P06,6.0,14.5,87.0,Delivered,,Web
BB004793,C0278,PET0341,2026-04-15,P06,4.0,14.5,58.0,Delivered,,Web
BB004794,C0278,PET0341,2026-04-23,P06,5.0,14.5,72.5,Delivered,,Web
BB004795,C0279,PET0342,2026-01-01,P02,5.0,13.0,65.0,Delivered,5,Web
BB004796,C0279,PET0342,2026-01-08,P10,4.0,13.0,52.0,Delivered,,Web
BB004797,C0279,PET0342,2026-01-15,P07,3.0,13.5,40.5,Delivered,,Web
BB004798,C0279,PET0342,2026-01-23,P09,5.0,12.5,62.5,Delivered,,Pickup
BB004799,C0279,PET0342,2026-01-31,P08,5.0,15.5,77.5,Delivered,,Web
BB004800,C0279,PET0342,2026-02-08,P02,6.0,13.0,78.0,Delivered,4,Pickup
BB004801,C0279,PET0342,2026-02-19,P02,4.0,13.0,52.0,Delivered,,Pickup
BB004802,C0279,PET0342,2026-03-01,P02,5.0,13.0,65.0,Delivered,,Web
BB004803,C0279,PET0342,2026-03-15,P02,3.0,13.0,39.0,Delivered,,Pickup
BB004804,C0279,PET0342,2026-03-25,P02,3.0,13.0,39.0,Delivered,,Web
BB004805,C0279,PET0342,2026-04-08,P07,4.0,13.5,54.0,Delivered,4,Web
BB004806,C0279,PET0342,2026-04-17,P02,7.0,13.0,91.0,Delivered,5,Web
BB004807,C0280,PET0343,2026-02-16,P11,6.0,12.0,72.0,Delivered,,Web
BB004808,C0280,PET0343,2026-02-27,P12,5.0,12.5,62.5,Delivered,,Re-order Email
BB004809,C0280,PET0343,2026-03-12,P11,6.0,12.0,72.0,Delivered,,Web
BB004810,C0280,PET0343,2026-03-21,P11,6.0,12.0,72.0,Delivered,5,Pickup
BB004811,C0282,PET0345,2024-11-10,P03,5.0,13.5,67.5,Delivered,,Pickup
BB004812,C0282,PET0345,2024-11-20,P07,6.0,13.5,81.0,Delivered,,Web
BB004813,C0282,PET0345,2024-12-04,P11,6.0,12.0,72.0,Delivered,,Re-order Email
BB004814,C0282,PET0345,2024-12-12,P11,3.0,12.0,36.0,Delivered,,Web
BB004815,C0282,PET0345,2024-12-20,P09,4.0,12.5,50.0,Delivered,4,Web
BB004816,C0282,PET0345,2024-12-29,P07,4.0,13.5,54.0,Delivered,,Web
BB004817,C0282,PET0345,2025-01-12,P07,5.0,13.5,67.5,Delivered,,Web
BB004818,C0282,PET0345,2025-01-23,P07,5.0,13.5,67.5,Delivered,,Web
BB004819,C0282,PET0345,2025-02-06,P07,6.0,13.5,81.0,Delivered,,Re-order Email
BB004820,C0282,PET0345,2025-02-14,P10,4.0,13.0,52.0,Delivered,,Web
BB004821,C0282,PET0345,2025-02-21,P07,6.0,13.5,81.0,Delivered,,Web
BB004822,C0282,PET0345,2025-03-03,P12,2.0,12.5,25.0,Delivered,,Web
BB004823,C0282,PET0345,2025-03-12,P07,4.0,13.5,54.0,Delivered,,Re-order Email
BB004824,C0282,PET0345,2025-03-22,P07,4.0,13.5,54.0,Delivered,,Web
BB004825,C0282,PET0345,2025-03-29,P07,3.0,13.5,40.5,Delivered,5,Web
BB004826,C0282,PET0345,2025-04-05,P07,3.0,13.5,40.5,Delivered,4,Web
BB004827,C0282,PET0345,2025-04-19,P07,6.0,13.5,81.0,Delivered,,Web
BB004828,C0282,PET0345,2025-04-26,P07,2.0,13.5,27.0,Delivered,,Web
BB004829,C0282,PET0345,2025-05-09,P09,3.0,12.5,37.5,Delivered,,Web
BB004830,C0282,PET0345,2025-05-20,P09,5.0,12.5,62.5,Delivered,,Web
BB004831,C0282,PET0345,2025-06-03,P07,7.0,13.5,94.5,Delivered,,Pickup
BB004832,C0282,PET0345,2025-06-16,P07,3.0,13.5,40.5,Delivered,,Web
BB004833,C0282,PET0345,2025-06-29,P07,2.0,13.5,27.0,Delivered,,Web
BB004834,C0282,PET0345,2025-07-12,P03,4.0,13.5,54.0,Delivered,4,Re-order Email
BB004835,C0282,PET0345,2025-07-19,P07,4.0,13.5,54.0,Delivered,,Re-order Email
BB004836,C0282,PET0345,2025-07-31,P07,3.0,13.5,40.5,Delivered,,Web
BB004837,C0282,PET0345,2025-08-11,P07,5.0,13.5,67.5,Delivered,,Web
BB004838,C0282,PET0345,2025-08-23,P11,4.0,12.0,48.0,Delivered,,Web
BB004839,C0282,PET0345,2025-08-31,P04,3.0,14.0,42.0,Delivered,,Web
BB004840,C0282,PET0345,2025-09-11,P07,4.0,13.5,54.0,Delivered,,Re-order Email
BB004841,C0282,PET0345,2025-09-24,P06,6.0,14.5,87.0,Delivered,5,Web
BB004842,C0282,PET0345,2025-10-02,P04,5.0,14.0,70.0,Delivered,,Web
BB004843,C0282,PET0345,2025-10-12,P01,7.0,14.5,101.5,Delivered,,Re-order Email
BB004844,C0282,PET0345,2025-10-21,P07,2.0,13.5,27.0,Delivered,,Web
BB004845,C0282,PET0345,2025-10-28,P07,3.0,13.5,40.5,Delivered,,Web
BB004846,C0282,PET0345,2025-11-09,P07,7.0,13.5,94.5,Delivered,,Web
BB004847,C0282,PET0345,2025-11-19,P07,6.0,13.5,81.0,Delivered,,Web
BB004848,C0282,PET0345,2025-11-26,P07,6.0,13.5,81.0,Delivered,,Pickup
BB004849,C0282,PET0345,2025-12-09,P07,4.0,13.5,54.0,Delivered,4,Web
BB004850,C0282,PET0345,2025-12-22,P07,4.0,13.5,54.0,Delivered,,Web
BB004851,C0282,PET0345,2026-01-01,P07,4.0,13.5,54.0,Delivered,,Pickup
BB004852,C0282,PET0345,2026-01-15,P07,4.0,13.5,54.0,Delivered,,Web
BB004853,C0282,PET0345,2026-01-29,P07,6.0,13.5,81.0,Delivered,5,Web
BB004854,C0282,PET0345,2026-02-10,P07,6.0,13.5,81.0,Delivered,,Re-order Email
BB004855,C0282,PET0345,2026-02-23,P07,7.0,13.5,94.5,Delivered,,Web
BB004856,C0282,PET0345,2026-03-09,P02,5.0,13.0,65.0,Delivered,,Web
BB004857,C0282,PET0345,2026-03-16,P01,3.0,14.5,43.5,Delivered,5,Web
BB004858,C0282,PET0345,2026-03-24,P07,7.0,13.5,94.5,Delivered,5,Web
BB004859,C0282,PET0345,2026-04-03,P07,7.0,13.5,94.5,Delivered,5,Web
BB004860,C0282,PET0345,2026-04-17,P07,3.0,13.5,40.5,Delivered,5,Web
BB004861,C0282,PET0345,2026-04-25,P09,3.0,12.5,37.5,Delivered,,Web
BB004862,C0283,PET0346,2026-04-22,P06,5.0,14.5,72.5,Delivered,,Web
BB004863,C0284,PET0347,2025-11-24,P12,6.0,12.5,75.0,Delivered,,Web
BB004864,C0285,PET0348,2026-03-25,P09,4.0,12.5,50.0,Delivered,,Pickup
BB004865,C0285,PET0348,2026-04-03,P09,6.0,12.5,75.0,Delivered,4,Re-order Email
BB004866,C0285,PET0348,2026-04-16,P09,2.0,12.5,25.0,Delivered,,Web
BB004867,C0286,PET0349,2026-04-29,P01,2.0,14.5,29.0,Delivered,,Web
BB004868,C0286,PET0350,2026-03-27,P10,6.0,13.0,78.0,Delivered,,Web
BB004869,C0286,PET0350,2026-04-04,P08,7.0,15.5,108.5,Delivered,,Web
BB004870,C0286,PET0350,2026-04-16,P10,5.0,13.0,65.0,Delivered,5,Web
BB004871,C0286,PET0350,2026-04-27,P10,5.0,13.0,65.0,Delivered,5,Web
BB004872,C0287,PET0351,2025-12-08,P01,7.0,14.5,101.5,Delivered,,Web
BB004873,C0287,PET0351,2025-12-16,P01,6.0,14.5,87.0,Delivered,,Web
BB004874,C0287,PET0351,2025-12-25,P01,5.0,14.5,72.5,Delivered,,Web
BB004875,C0287,PET0351,2026-01-05,P06,6.0,14.5,87.0,Delivered,,Web
BB004876,C0287,PET0351,2026-01-15,P01,3.0,14.5,43.5,Delivered,,Web
BB004877,C0287,PET0351,2026-01-22,P01,4.0,14.5,58.0,Delivered,,Pickup
BB004878,C0287,PET0351,2026-01-29,P07,4.0,13.5,54.0,Delivered,5,Web
BB004879,C0287,PET0351,2026-02-09,P01,5.0,14.5,72.5,Delivered,,Web
BB004880,C0287,PET0351,2026-02-21,P01,5.0,14.5,72.5,Delivered,5,Web
BB004881,C0287,PET0351,2026-03-06,P01,3.0,14.5,43.5,Delivered,5,Web
BB004882,C0288,PET0352,2026-01-17,P02,4.0,13.0,52.0,Delivered,4,Re-order Email
BB004883,C0288,PET0352,2026-01-24,P07,5.0,13.5,67.5,Delivered,,Web
BB004884,C0288,PET0352,2026-02-02,P07,5.0,13.5,67.5,Delivered,,Web
BB004885,C0288,PET0352,2026-02-09,P07,3.0,13.5,40.5,Delivered,,Web
BB004886,C0288,PET0352,2026-02-18,P11,6.0,12.0,72.0,Delivered,,Web
BB004887,C0288,PET0352,2026-03-02,P11,2.0,12.0,24.0,Delivered,3,Re-order Email
BB004888,C0288,PET0352,2026-03-12,P08,7.0,15.5,108.5,Delivered,,Web
BB004889,C0288,PET0352,2026-03-23,P01,4.0,14.5,58.0,Delivered,,Web
BB004890,C0288,PET0352,2026-04-05,P07,6.0,13.5,81.0,Delivered,4,Web
BB004891,C0288,PET0352,2026-04-13,P07,2.0,13.5,27.0,Delivered,,Web
BB004892,C0288,PET0352,2026-04-23,P02,5.0,13.0,65.0,Delivered,5,Web
BB004893,C0288,PET0353,2026-01-19,P08,5.0,15.5,77.5,Delivered,,Pickup
BB004894,C0288,PET0353,2026-01-30,P08,4.0,15.5,62.0,Delivered,,Web
BB004895,C0289,PET0354,2026-02-03,P08,4.0,15.5,62.0,Delivered,4,Web
BB004896,C0289,PET0354,2026-02-14,P08,3.0,15.5,46.5,Delivered,,Web
BB004897,C0290,PET0355,2026-03-29,P08,7.0,15.5,108.5,Delivered,,Web
BB004898,C0290,PET0355,2026-04-08,P11,5.0,12.0,60.0,Delivered,3,Web
BB004899,C0290,PET0355,2026-04-15,P11,7.0,12.0,84.0,Delivered,5,Web
BB004900,C0291,PET0356,2026-02-15,P01,3.0,14.5,43.5,Delivered,4,Re-order Email
BB004901,C0291,PET0356,2026-02-26,P03,6.0,13.5,81.0,Delivered,5,Web
BB004902,C0291,PET0356,2026-03-07,P01,2.0,14.5,29.0,Delivered,,Web
BB004903,C0292,PET0357,2026-02-01,P06,5.0,14.5,72.5,Delivered,,Pickup
BB004904,C0292,PET0357,2026-02-10,P06,2.0,14.5,29.0,Delivered,,Web
BB004905,C0292,PET0357,2026-02-17,P06,4.0,14.5,58.0,Delivered,,Web
BB004906,C0292,PET0357,2026-02-25,P06,5.0,14.5,72.5,Delivered,,Web
BB004907,C0292,PET0357,2026-03-09,P06,5.0,14.5,72.5,Delivered,,Web
BB004908,C0292,PET0357,2026-03-19,P06,5.0,14.5,72.5,Delivered,,Web
BB004909,C0292,PET0357,2026-03-27,P06,5.0,14.5,72.5,Delivered,,Web
BB004910,C0292,PET0357,2026-04-04,P08,5.0,15.5,77.5,Delivered,,Web
BB004911,C0292,PET0357,2026-04-15,P08,5.0,15.5,77.5,Delivered,4,Web
BB004912,C0292,PET0357,2026-04-26,P06,4.0,14.5,58.0,Delivered,,Re-order Email
BB004913,C0293,PET0358,2025-09-23,P10,6.0,13.0,78.0,Delivered,3,Web
BB004914,C0293,PET0358,2025-10-02,P10,6.0,13.0,78.0,Delivered,,Web
BB004915,C0293,PET0358,2025-10-10,P10,5.0,13.0,65.0,Delivered,5,Web
BB004916,C0293,PET0358,2025-10-22,P10,5.0,13.0,65.0,Delivered,4,Web
BB004917,C0293,PET0358,2025-11-02,P10,4.0,13.0,52.0,Delivered,5,Web
BB004918,C0293,PET0358,2025-11-09,P10,2.0,13.0,26.0,Delivered,,Web
BB004919,C0293,PET0358,2025-11-20,P10,5.0,13.0,65.0,Delivered,,Web
BB004920,C0293,PET0358,2025-12-04,P10,6.0,13.0,78.0,Delivered,,Pickup
BB004921,C0293,PET0358,2025-12-11,P10,7.0,13.0,91.0,Delivered,,Pickup
BB004922,C0293,PET0358,2025-12-21,P10,4.0,13.0,52.0,Delivered,,Re-order Email
BB004923,C0293,PET0358,2026-01-01,P10,5.0,13.0,65.0,Delivered,5,Pickup
BB004924,C0293,PET0358,2026-01-14,P10,5.0,13.0,65.0,Delivered,,Web
BB004925,C0293,PET0358,2026-01-25,P10,6.0,13.0,78.0,Delivered,5,Pickup
BB004926,C0293,PET0358,2026-02-08,P01,6.0,14.5,87.0,Delivered,,Web
BB004927,C0293,PET0358,2026-02-18,P03,5.0,13.5,67.5,Delivered,,Web
BB004928,C0293,PET0358,2026-03-03,P10,5.0,13.0,65.0,Delivered,,Web
BB004929,C0293,PET0358,2026-03-16,P10,4.0,13.0,52.0,Delivered,5,Web
BB004930,C0293,PET0358,2026-03-26,P03,6.0,13.5,81.0,Delivered,,Re-order Email
BB004931,C0293,PET0358,2026-04-03,P10,4.0,13.0,52.0,Delivered,,Web
BB004932,C0293,PET0358,2026-04-17,P10,5.0,13.0,65.0,Delivered,,Web
BB004933,C0293,PET0358,2026-04-27,P10,4.0,13.0,52.0,Delivered,,Pickup
BB004934,C0294,PET0359,2026-03-22,P10,5.0,13.0,65.0,Delivered,5,Pickup
BB004935,C0294,PET0359,2026-04-02,P08,4.0,15.5,62.0,Delivered,,Web
BB004936,C0296,PET0361,2026-03-30,P10,6.0,13.0,78.0,Delivered,,Web
BB004937,C0297,PET0362,2026-04-19,P07,6.0,13.5,81.0,Delivered,,Pickup
BB004938,C0298,PET0363,2025-05-25,P12,4.0,12.5,50.0,Delivered,,Web
BB004939,C0298,PET0363,2025-06-02,P12,2.0,12.5,25.0,Delivered,5,Web
BB004940,C0298,PET0363,2025-06-11,P12,5.0,12.5,62.5,Delivered,5,Web
BB004941,C0298,PET0363,2025-06-24,P08,4.0,15.5,62.0,Delivered,5,Web
BB004942,C0298,PET0363,2025-07-01,P12,2.0,12.5,25.0,Delivered,,Web
BB004943,C0298,PET0363,2025-07-12,P12,3.0,12.5,37.5,Delivered,,Web
BB004944,C0298,PET0363,2025-07-22,P12,4.0,12.5,50.0,Delivered,,Web
BB004945,C0298,PET0363,2025-07-31,P12,4.0,12.5,50.0,Delivered,5,Pickup
BB004946,C0298,PET0363,2025-08-08,P12,5.0,12.5,62.5,Delivered,,Web
BB004947,C0298,PET0363,2025-08-20,P12,3.0,12.5,37.5,Delivered,4,Web
BB004948,C0298,PET0363,2025-08-29,P11,6.0,12.0,72.0,Delivered,5,Pickup
BB004949,C0298,PET0363,2025-09-07,P12,4.0,12.5,50.0,Delivered,,Web
BB004950,C0298,PET0363,2025-09-17,P12,4.0,12.5,50.0,Delivered,,Web
BB004951,C0298,PET0363,2025-09-30,P12,6.0,12.5,75.0,Delivered,5,Pickup
BB004952,C0298,PET0363,2025-10-10,P12,7.0,12.5,87.5,Delivered,,Web
BB004953,C0298,PET0363,2025-10-17,P11,3.0,12.0,36.0,Delivered,,Web
BB004954,C0298,PET0363,2025-10-29,P12,2.0,12.5,25.0,Delivered,,Re-order Email
BB004955,C0298,PET0363,2025-11-05,P12,5.0,12.5,62.5,Delivered,,Web
BB004956,C0298,PET0363,2025-11-17,P01,3.0,14.5,43.5,Delivered,5,Re-order Email
BB004957,C0298,PET0363,2025-11-30,P06,6.0,14.5,87.0,Delivered,,Pickup
BB004958,C0298,PET0363,2025-12-14,P12,5.0,12.5,62.5,Delivered,,Web
BB004959,C0298,PET0363,2025-12-21,P12,4.0,12.5,50.0,Delivered,4,Web
BB004960,C0298,PET0363,2025-12-29,P12,6.0,12.5,75.0,Delivered,,Web
BB004961,C0298,PET0363,2026-01-11,P12,5.0,12.5,62.5,Delivered,,Web
BB004962,C0298,PET0363,2026-01-23,P12,5.0,12.5,62.5,Delivered,4,Web
BB004963,C0298,PET0363,2026-02-06,P08,4.0,15.5,62.0,Delivered,,Web
BB004964,C0298,PET0363,2026-02-19,P08,7.0,15.5,108.5,Delivered,4,Web
BB004965,C0298,PET0363,2026-03-03,P12,5.0,12.5,62.5,Delivered,,Re-order Email
BB004966,C0298,PET0363,2026-03-14,P12,5.0,12.5,62.5,Delivered,,Web
BB004967,C0298,PET0363,2026-03-24,P02,5.0,13.0,65.0,Delivered,,Web
BB004968,C0298,PET0363,2026-04-05,P12,5.0,12.5,62.5,Delivered,5,Web
BB004969,C0298,PET0363,2026-04-14,P12,4.0,12.5,50.0,Delivered,4,Re-order Email
BB004970,C0298,PET0363,2026-04-22,P12,2.0,12.5,25.0,Delivered,,Web
BB004971,C0299,PET0364,2025-10-22,P03,4.0,13.5,54.0,Delivered,,Web
BB004972,C0299,PET0364,2025-10-30,P07,7.0,13.5,94.5,Delivered,,Web
BB004973,C0299,PET0364,2025-11-08,P01,5.0,14.5,72.5,Delivered,5,Pickup
BB004974,C0299,PET0364,2025-11-19,P03,6.0,13.5,81.0,Delivered,,Web
BB004975,C0299,PET0364,2025-11-29,P03,4.0,13.5,54.0,Delivered,5,Re-order Email
BB004976,C0299,PET0364,2025-12-10,P03,7.0,13.5,94.5,Delivered,4,Web
BB004977,C0299,PET0364,2025-12-18,P03,4.0,13.5,54.0,Delivered,,Web
BB004978,C0299,PET0364,2025-12-30,P03,6.0,13.5,81.0,Delivered,5,Web
BB004979,C0299,PET0364,2026-01-11,P03,6.0,13.5,81.0,Delivered,4,Web
BB004980,C0299,PET0364,2026-01-24,P03,5.0,13.5,67.5,Delivered,,Web
BB004981,C0299,PET0364,2026-02-06,P03,4.0,13.5,54.0,Delivered,,Re-order Email
BB004982,C0299,PET0364,2026-02-18,P03,3.0,13.5,40.5,Delivered,,Web
BB004983,C0299,PET0365,2025-10-19,P08,6.0,15.5,93.0,Delivered,5,Web
BB004984,C0299,PET0365,2025-10-31,P08,4.0,15.5,62.0,Delivered,,Re-order Email
BB004985,C0299,PET0365,2025-11-14,P09,5.0,12.5,62.5,Delivered,,Web
BB004986,C0299,PET0365,2025-11-27,P08,6.0,15.5,93.0,Delivered,,Web
BB004987,C0299,PET0365,2025-12-08,P08,5.0,15.5,77.5,Delivered,5,Pickup
BB004988,C0299,PET0365,2025-12-15,P08,2.0,15.5,31.0,Delivered,4,Web
BB004989,C0299,PET0365,2025-12-24,P11,4.0,12.0,48.0,Delivered,4,Pickup
BB004990,C0299,PET0365,2026-01-03,P03,4.0,13.5,54.0,Delivered,5,Web
BB004991,C0299,PET0365,2026-01-17,P12,5.0,12.5,62.5,Delivered,,Web
BB004992,C0299,PET0365,2026-01-24,P12,6.0,12.5,75.0,Delivered,5,Web
BB004993,C0299,PET0365,2026-02-05,P09,3.0,12.5,37.5,Delivered,5,Web
BB004994,C0299,PET0365,2026-02-12,P08,5.0,15.5,77.5,Delivered,,Web
BB004995,C0299,PET0365,2026-02-22,P08,3.0,15.5,46.5,Delivered,5,Web
BB004996,C0299,PET0365,2026-03-01,P08,5.0,15.5,77.5,Delivered,5,Web
BB004997,C0299,PET0365,2026-03-10,P03,3.0,13.5,40.5,Delivered,,Web
BB004998,C0299,PET0365,2026-03-24,P08,5.0,15.5,77.5,Delivered,,Web
BB004999,C0299,PET0365,2026-04-01,P08,6.0,15.5,93.0,Delivered,5,Web
BB005000,C0299,PET0365,2026-04-12,P08,7.0,15.5,108.5,Delivered,5,Web
BB005001,C0299,PET0365,2026-04-22,P08,7.0,15.5,108.5,Delivered,,Re-order Email
BB005002,C0300,PET0366,2025-03-24,P12,6.0,12.5,75.0,Delivered,,Web
BB005003,C0300,PET0366,2025-03-31,P02,4.0,13.0,52.0,Delivered,,Re-order Email
BB005004,C0300,PET0366,2025-04-11,P07,6.0,13.5,81.0,Delivered,,Web
BB005005,C0300,PET0366,2025-04-25,P08,4.0,15.5,62.0,Delivered,,Re-order Email
BB005006,C0300,PET0366,2025-05-08,P01,3.0,14.5,43.5,Delivered,,Web
BB005007,C0300,PET0366,2025-05-16,P12,6.0,12.5,75.0,Delivered,,Web
BB005008,C0300,PET0366,2025-05-27,P12,3.0,12.5,37.5,Delivered,,Web
BB005009,C0300,PET0366,2025-06-09,P12,3.0,12.5,37.5,Delivered,5,Web
BB005010,C0300,PET0366,2025-06-17,P12,6.0,12.5,75.0,Delivered,,Pickup
BB005011,C0300,PET0366,2025-06-28,P12,4.0,12.5,50.0,Delivered,3,Re-order Email
BB005012,C0300,PET0366,2025-07-05,P07,6.0,13.5,81.0,Delivered,,Web
BB005013,C0300,PET0366,2025-07-18,P09,5.0,12.5,62.5,Delivered,,Web
BB005014,C0300,PET0366,2025-07-27,P12,7.0,12.5,87.5,Delivered,,Re-order Email
BB005015,C0300,PET0366,2025-08-09,P12,6.0,12.5,75.0,Delivered,4,Web
BB005016,C0300,PET0366,2025-08-16,P02,3.0,13.0,39.0,Delivered,,Web
BB005017,C0300,PET0366,2025-08-24,P12,4.0,12.5,50.0,Delivered,5,Web
BB005018,C0300,PET0366,2025-09-07,P10,4.0,13.0,52.0,Delivered,4,Web
BB005019,C0300,PET0366,2025-09-15,P12,4.0,12.5,50.0,Delivered,,Pickup
BB005020,C0300,PET0366,2025-09-23,P06,7.0,14.5,101.5,Delivered,,Web
BB005021,C0300,PET0366,2025-10-04,P12,3.0,12.5,37.5,Delivered,,Web
BB005022,C0300,PET0366,2025-10-14,P12,2.0,12.5,25.0,Delivered,,Pickup
BB005023,C0300,PET0366,2025-10-22,P12,4.0,12.5,50.0,Delivered,4,Web
BB005024,C0300,PET0366,2025-11-01,P12,5.0,12.5,62.5,Delivered,,Re-order Email
BB005025,C0300,PET0366,2025-11-11,P12,7.0,12.5,87.5,Delivered,,Re-order Email
BB005026,C0300,PET0366,2025-11-21,P08,5.0,15.5,77.5,Delivered,,Web
BB005027,C0300,PET0366,2025-12-04,P12,4.0,12.5,50.0,Delivered,,Web
BB005028,C0300,PET0366,2025-12-11,P12,6.0,12.5,75.0,Delivered,,Web
BB005029,C0300,PET0366,2025-12-21,P12,4.0,12.5,50.0,Delivered,5,Re-order Email
BB005030,C0300,PET0366,2025-12-30,P12,5.0,12.5,62.5,Delivered,,Web
BB005031,C0300,PET0366,2026-01-12,P10,4.0,13.0,52.0,Delivered,,Web
BB005032,C0300,PET0366,2026-01-22,P12,4.0,12.5,50.0,Delivered,5,Re-order Email
BB005033,C0300,PET0366,2026-02-01,P07,5.0,13.5,67.5,Delivered,,Web
BB005034,C0300,PET0366,2026-02-08,P12,3.0,12.5,37.5,Delivered,5,Web
BB005035,C0300,PET0366,2026-02-16,P12,7.0,12.5,87.5,Delivered,4,Web
BB005036,C0300,PET0366,2026-02-27,P06,7.0,14.5,101.5,Delivered,,Web
BB005037,C0300,PET0366,2026-03-08,P11,7.0,12.0,84.0,Delivered,,Re-order Email
BB005038,C0300,PET0366,2026-03-15,P12,6.0,12.5,75.0,Delivered,,Web
BB005039,C0300,PET0366,2026-03-26,P07,5.0,13.5,67.5,Delivered,5,Re-order Email
BB005040,C0300,PET0366,2026-04-07,P12,5.0,12.5,62.5,Delivered,,Web
BB005041,C0300,PET0366,2026-04-19,P12,5.0,12.5,62.5,Delivered,5,Re-order Email
BB005042,C0300,PET0366,2026-04-28,P12,5.0,12.5,62.5,Delivered,,Web
BB005043,C0301,PET0367,2026-03-24,P03,5.0,13.5,67.5,Delivered,5,Web
BB005044,C0301,PET0367,2026-04-06,P03,3.0,13.5,40.5,Delivered,5,Web
BB005045,C0301,PET0367,2026-04-19,P03,5.0,13.5,67.5,Delivered,,Web
BB005046,C0302,PET0368,2025-11-30,P08,6.0,15.5,93.0,Delivered,4,Web
BB005047,C0302,PET0368,2025-12-10,P02,3.0,13.0,39.0,Delivered,,Web
BB005048,C0302,PET0368,2025-12-17,P01,3.0,14.5,43.5,Delivered,,Web
BB005049,C0302,PET0368,2025-12-28,P02,5.0,13.0,65.0,Delivered,,Web
BB005050,C0302,PET0368,2026-01-07,P02,5.0,13.0,65.0,Delivered,4,Web
BB005051,C0302,PET0368,2026-01-15,P06,5.0,14.5,72.5,Delivered,3,Web
BB005052,C0302,PET0368,2026-01-25,P02,6.0,13.0,78.0,Delivered,,Web
BB005053,C0302,PET0368,2026-02-06,P02,5.0,13.0,65.0,Delivered,,Web
BB005054,C0302,PET0368,2026-02-14,P02,4.0,13.0,52.0,Delivered,,Web
BB005055,C0302,PET0368,2026-03-24,P02,6.0,13.0,78.0,Delivered,,Web
BB005056,C0302,PET0368,2026-04-06,P02,7.0,13.0,91.0,Delivered,,Web
BB005057,C0302,PET0368,2026-04-19,P02,7.0,13.0,91.0,Delivered,,Web
BB005058,C0303,PET0369,2025-07-02,P09,7.0,12.5,87.5,Delivered,4,Web
BB005059,C0303,PET0369,2025-07-15,P09,4.0,12.5,50.0,Delivered,4,Re-order Email
BB005060,C0303,PET0369,2025-07-23,P10,4.0,13.0,52.0,Delivered,,Web
BB005061,C0303,PET0369,2025-08-02,P01,5.0,14.5,72.5,Delivered,5,Re-order Email
BB005062,C0303,PET0369,2025-08-09,P09,3.0,12.5,37.5,Delivered,,Web
BB005063,C0303,PET0369,2025-08-16,P09,7.0,12.5,87.5,Delivered,,Re-order Email
BB005064,C0303,PET0369,2025-08-25,P09,3.0,12.5,37.5,Delivered,,Pickup
BB005065,C0303,PET0369,2025-09-04,P09,6.0,12.5,75.0,Delivered,,Web
BB005066,C0303,PET0369,2025-09-13,P09,3.0,12.5,37.5,Delivered,,Web
BB005067,C0303,PET0369,2025-09-25,P09,5.0,12.5,62.5,Delivered,,Web
BB005068,C0303,PET0369,2025-10-04,P09,4.0,12.5,50.0,Delivered,5,Web
BB005069,C0303,PET0369,2025-10-15,P09,4.0,12.5,50.0,Delivered,5,Web
BB005070,C0303,PET0369,2025-10-24,P09,2.0,12.5,25.0,Delivered,4,Re-order Email
BB005071,C0303,PET0369,2025-11-03,P09,7.0,12.5,87.5,Delivered,,Web
BB005072,C0303,PET0369,2025-11-12,P09,7.0,12.5,87.5,Delivered,,Web
BB005073,C0303,PET0369,2025-11-22,P09,4.0,12.5,50.0,Delivered,5,Pickup
BB005074,C0303,PET0369,2025-12-06,P09,4.0,12.5,50.0,Delivered,,Web
BB005075,C0303,PET0369,2025-12-20,P09,5.0,12.5,62.5,Delivered,4,Re-order Email
BB005076,C0303,PET0369,2025-12-30,P09,4.0,12.5,50.0,Delivered,,Pickup
BB005077,C0303,PET0369,2026-01-11,P10,3.0,13.0,39.0,Delivered,,Web
BB005078,C0303,PET0369,2026-01-19,P03,6.0,13.5,81.0,Delivered,5,Re-order Email
BB005079,C0303,PET0369,2026-01-28,P09,5.0,12.5,62.5,Delivered,,Pickup
BB005080,C0303,PET0369,2026-02-11,P09,5.0,12.5,62.5,Delivered,,Web
BB005081,C0303,PET0369,2026-02-19,P09,3.0,12.5,37.5,Delivered,5,Web
BB005082,C0303,PET0369,2026-03-02,P04,6.0,14.0,84.0,Delivered,,Re-order Email
BB005083,C0303,PET0369,2026-03-14,P09,4.0,12.5,50.0,Delivered,4,Re-order Email
BB005084,C0303,PET0369,2026-03-28,P09,3.0,12.5,37.5,Delivered,5,Web
BB005085,C0303,PET0369,2026-04-06,P09,6.0,12.5,75.0,Delivered,,Re-order Email
BB005086,C0303,PET0369,2026-04-15,P09,4.0,12.5,50.0,Delivered,,Pickup
BB005087,C0303,PET0369,2026-04-26,P09,6.0,12.5,75.0,Delivered,,Web
BB005088,C0304,PET0370,2026-02-11,P08,6.0,15.5,93.0,Delivered,,Web
BB005089,C0304,PET0370,2026-02-18,P08,4.0,15.5,62.0,Delivered,,Web
BB005090,C0304,PET0370,2026-02-26,P08,4.0,15.5,62.0,Delivered,5,Re-order Email
BB005091,C0304,PET0370,2026-03-10,P10,6.0,13.0,78.0,Delivered,,Web
BB005092,C0304,PET0370,2026-03-22,P08,4.0,15.5,62.0,Delivered,5,Web
BB005093,C0304,PET0370,2026-03-31,P08,4.0,15.5,62.0,Delivered,,Web
BB005094,C0304,PET0370,2026-04-10,P11,4.0,12.0,48.0,Delivered,,Web
BB005095,C0304,PET0370,2026-04-20,P08,2.0,15.5,31.0,Delivered,,Web
BB005096,C0305,PET0371,2025-11-09,P07,4.0,13.5,54.0,Delivered,5,Web
BB005097,C0305,PET0371,2025-11-22,P07,6.0,13.5,81.0,Delivered,,Web
BB005098,C0305,PET0371,2025-12-06,P07,7.0,13.5,94.5,Delivered,,Web
BB005099,C0305,PET0371,2025-12-18,P08,6.0,15.5,93.0,Delivered,,Web
BB005100,C0305,PET0371,2025-12-30,P07,3.0,13.5,40.5,Delivered,,Re-order Email
BB005101,C0305,PET0371,2026-01-10,P03,5.0,13.5,67.5,Delivered,,Web
BB005102,C0305,PET0371,2026-01-23,P07,5.0,13.5,67.5,Delivered,5,Web
BB005103,C0305,PET0371,2026-02-02,P02,6.0,13.0,78.0,Delivered,4,Re-order Email
BB005104,C0305,PET0371,2026-02-15,P11,4.0,12.0,48.0,Delivered,5,Web
BB005105,C0305,PET0371,2026-02-26,P07,6.0,13.5,81.0,Delivered,,Web
BB005106,C0305,PET0371,2026-03-10,P03,5.0,13.5,67.5,Delivered,,Web
BB005107,C0305,PET0371,2026-03-23,P07,3.0,13.5,40.5,Delivered,5,Re-order Email
BB005108,C0305,PET0371,2026-04-02,P06,5.0,14.5,72.5,Delivered,,Web
BB005109,C0305,PET0371,2026-04-14,P07,5.0,13.5,67.5,Delivered,,Web
BB005110,C0305,PET0371,2026-04-21,P07,4.0,13.5,54.0,Delivered,,Web
BB005111,C0305,PET0372,2025-11-11,P09,6.0,12.5,75.0,Delivered,5,Web
BB005112,C0305,PET0372,2025-11-20,P01,4.0,14.5,58.0,Delivered,,Pickup
BB005113,C0305,PET0372,2025-11-30,P08,4.0,15.5,62.0,Delivered,5,Re-order Email
BB005114,C0305,PET0372,2025-12-10,P01,7.0,14.5,101.5,Delivered,,Pickup
BB005115,C0305,PET0372,2025-12-23,P01,6.0,14.5,87.0,Delivered,,Web
BB005116,C0305,PET0372,2026-01-02,P01,6.0,14.5,87.0,Delivered,5,Web
BB005117,C0305,PET0372,2026-01-11,P01,4.0,14.5,58.0,Delivered,,Web
BB005118,C0305,PET0372,2026-01-20,P01,5.0,14.5,72.5,Delivered,5,Web
BB005119,C0305,PET0372,2026-01-28,P01,5.0,14.5,72.5,Delivered,5,Re-order Email
BB005120,C0305,PET0372,2026-02-08,P01,4.0,14.5,58.0,Delivered,,Pickup
BB005121,C0305,PET0372,2026-02-20,P01,7.0,14.5,101.5,Delivered,,Web
BB005122,C0305,PET0372,2026-02-27,P01,5.0,14.5,72.5,Delivered,,Web
BB005123,C0305,PET0372,2026-03-09,P01,7.0,14.5,101.5,Delivered,5,Web
BB005124,C0305,PET0372,2026-03-16,P01,4.0,14.5,58.0,Delivered,,Re-order Email
BB005125,C0305,PET0372,2026-03-29,P01,5.0,14.5,72.5,Delivered,,Web
BB005126,C0305,PET0372,2026-04-07,P01,7.0,14.5,101.5,Delivered,,Web
BB005127,C0305,PET0372,2026-04-17,P01,5.0,14.5,72.5,Delivered,,Web
BB005128,C0305,PET0372,2026-04-26,P01,3.0,14.5,43.5,Delivered,,Web
BB005129,C0305,PET0373,2025-11-10,P02,6.0,13.0,78.0,Delivered,,Web
BB005130,C0305,PET0373,2025-11-17,P11,4.0,12.0,48.0,Delivered,5,Web
BB005131,C0305,PET0373,2025-11-24,P11,5.0,12.0,60.0,Delivered,,Web
BB005132,C0305,PET0373,2025-12-02,P01,3.0,14.5,43.5,Delivered,5,Web
BB005133,C0305,PET0373,2025-12-09,P07,6.0,13.5,81.0,Delivered,,Web
BB005134,C0305,PET0373,2025-12-19,P11,5.0,12.0,60.0,Delivered,,Web
BB005135,C0305,PET0373,2025-12-29,P11,5.0,12.0,60.0,Delivered,,Re-order Email
BB005136,C0305,PET0373,2026-01-07,P11,6.0,12.0,72.0,Delivered,,Web
BB005137,C0305,PET0373,2026-01-14,P11,3.0,12.0,36.0,Delivered,,Web
BB005138,C0305,PET0373,2026-01-28,P11,3.0,12.0,36.0,Delivered,5,Web
BB005139,C0305,PET0373,2026-02-04,P11,5.0,12.0,60.0,Delivered,,Web
BB005140,C0305,PET0373,2026-02-12,P11,4.0,12.0,48.0,Delivered,,Web
BB005141,C0305,PET0373,2026-02-26,P11,4.0,12.0,48.0,Delivered,4,Re-order Email
BB005142,C0305,PET0373,2026-03-10,P11,7.0,12.0,84.0,Delivered,,Web
BB005143,C0305,PET0373,2026-03-24,P01,2.0,14.5,29.0,Delivered,4,Web
BB005144,C0305,PET0373,2026-03-31,P11,5.0,12.0,60.0,Delivered,5,Web
BB005145,C0305,PET0373,2026-04-09,P11,6.0,12.0,72.0,Delivered,,Pickup
BB005146,C0305,PET0373,2026-04-19,P12,5.0,12.5,62.5,Delivered,,Web
BB005147,C0306,PET0374,2026-01-27,P02,6.0,13.0,78.0,Delivered,5,Pickup
BB005148,C0306,PET0374,2026-02-09,P02,4.0,13.0,52.0,Delivered,5,Pickup
BB005149,C0306,PET0374,2026-02-16,P02,4.0,13.0,52.0,Delivered,,Web
BB005150,C0306,PET0374,2026-02-27,P02,5.0,13.0,65.0,Delivered,5,Web
BB005151,C0306,PET0374,2026-03-11,P02,4.0,13.0,52.0,Delivered,,Web
BB005152,C0306,PET0374,2026-03-19,P02,2.0,13.0,26.0,Delivered,3,Web
BB005153,C0306,PET0374,2026-03-31,P02,4.0,13.0,52.0,Delivered,5,Pickup
BB005154,C0307,PET0375,2025-08-20,P03,5.0,13.5,67.5,Delivered,5,Re-order Email
BB005155,C0307,PET0375,2025-08-29,P03,7.0,13.5,94.5,Delivered,,Web
BB005156,C0307,PET0375,2025-09-11,P03,3.0,13.5,40.5,Delivered,4,Web
BB005157,C0307,PET0375,2025-09-19,P05,4.0,15.0,60.0,Delivered,,Web
BB005158,C0307,PET0375,2025-10-03,P01,5.0,14.5,72.5,Delivered,,Re-order Email
BB005159,C0307,PET0375,2025-10-14,P01,5.0,14.5,72.5,Delivered,,Web
BB005160,C0307,PET0375,2025-10-23,P08,4.0,15.5,62.0,Delivered,5,Web
BB005161,C0307,PET0375,2025-11-01,P03,3.0,13.5,40.5,Delivered,4,Web
BB005162,C0307,PET0375,2025-11-14,P12,3.0,12.5,37.5,Delivered,,Web
BB005163,C0307,PET0375,2025-11-24,P03,5.0,13.5,67.5,Delivered,,Web
BB005164,C0307,PET0375,2025-12-04,P03,3.0,13.5,40.5,Delivered,,Web
BB005165,C0307,PET0375,2025-12-11,P03,6.0,13.5,81.0,Delivered,,Re-order Email
BB005166,C0307,PET0375,2025-12-20,P12,5.0,12.5,62.5,Delivered,,Web
BB005167,C0307,PET0375,2026-01-02,P03,4.0,13.5,54.0,Delivered,,Web
BB005168,C0307,PET0375,2026-01-14,P03,3.0,13.5,40.5,Delivered,,Web
BB005169,C0307,PET0375,2026-01-22,P03,4.0,13.5,54.0,Delivered,5,Web
BB005170,C0307,PET0375,2026-01-30,P03,5.0,13.5,67.5,Delivered,,Web
BB005171,C0307,PET0375,2026-02-13,P01,3.0,14.5,43.5,Delivered,,Web
BB005172,C0307,PET0375,2026-02-24,P03,5.0,13.5,67.5,Delivered,5,Web
BB005173,C0307,PET0375,2026-03-06,P03,5.0,13.5,67.5,Delivered,,Web
BB005174,C0307,PET0375,2026-03-13,P03,4.0,13.5,54.0,Delivered,4,Web
BB005175,C0307,PET0375,2026-03-27,P03,4.0,13.5,54.0,Delivered,5,Re-order Email
BB005176,C0307,PET0375,2026-04-04,P03,4.0,13.5,54.0,Delivered,,Web
BB005177,C0307,PET0375,2026-04-13,P03,4.0,13.5,54.0,Delivered,5,Pickup
BB005178,C0307,PET0375,2026-04-20,P08,4.0,15.5,62.0,Delivered,,Web
BB005179,C0308,PET0376,2026-01-08,P06,5.0,14.5,72.5,Delivered,,Web
BB005180,C0308,PET0376,2026-01-17,P12,6.0,12.5,75.0,Delivered,5,Web
BB005181,C0308,PET0376,2026-01-27,P06,5.0,14.5,72.5,Delivered,,Web
BB005182,C0308,PET0376,2026-02-05,P06,2.0,14.5,29.0,Delivered,5,Web
BB005183,C0308,PET0376,2026-02-16,P06,6.0,14.5,87.0,Delivered,,Re-order Email
BB005184,C0308,PET0376,2026-02-26,P06,3.0,14.5,43.5,Delivered,,Web
BB005185,C0308,PET0376,2026-03-12,P06,4.0,14.5,58.0,Delivered,5,Web
BB005186,C0308,PET0376,2026-03-26,P06,6.0,14.5,87.0,Delivered,,Web
BB005187,C0308,PET0376,2026-04-02,P04,5.0,14.0,70.0,Delivered,5,Web
BB005188,C0308,PET0376,2026-04-12,P06,3.0,14.5,43.5,Delivered,,Web
BB005189,C0308,PET0376,2026-04-24,P07,5.0,13.5,67.5,Delivered,,Web
BB005190,C0309,PET0377,2026-01-27,P06,5.0,14.5,72.5,Delivered,,Web
BB005191,C0309,PET0377,2026-02-07,P06,5.0,14.5,72.5,Delivered,,Web
BB005192,C0309,PET0377,2026-02-15,P06,5.0,14.5,72.5,Delivered,4,Web
BB005193,C0309,PET0377,2026-02-23,P06,5.0,14.5,72.5,Delivered,,Web
BB005194,C0309,PET0377,2026-03-04,P07,4.0,13.5,54.0,Delivered,4,Web
BB005195,C0309,PET0377,2026-03-16,P07,3.0,13.5,40.5,Delivered,5,Web
BB005196,C0309,PET0377,2026-03-27,P06,3.0,14.5,43.5,Delivered,5,Web
BB005197,C0309,PET0377,2026-04-09,P11,3.0,12.0,36.0,Delivered,,Pickup
BB005198,C0309,PET0377,2026-04-21,P06,5.0,14.5,72.5,Delivered,,Web
BB005199,C0310,PET0378,2025-12-17,P07,5.0,13.5,67.5,Delivered,,Re-order Email
BB005200,C0310,PET0378,2025-12-28,P07,3.0,13.5,40.5,Delivered,,Re-order Email
BB005201,C0310,PET0378,2026-01-10,P07,7.0,13.5,94.5,Delivered,,Web
BB005202,C0310,PET0378,2026-01-22,P09,2.0,12.5,25.0,Delivered,,Web
BB005203,C0310,PET0378,2026-02-04,P12,5.0,12.5,62.5,Delivered,,Web
BB005204,C0310,PET0378,2026-02-11,P07,5.0,13.5,67.5,Delivered,,Web
BB005205,C0310,PET0378,2026-02-20,P07,2.0,13.5,27.0,Delivered,,Web
BB005206,C0310,PET0378,2026-02-27,P07,6.0,13.5,81.0,Delivered,,Web
BB005207,C0310,PET0378,2026-03-09,P02,4.0,13.0,52.0,Delivered,4,Web
BB005208,C0310,PET0378,2026-03-22,P07,5.0,13.5,67.5,Delivered,5,Web
BB005209,C0310,PET0378,2026-04-02,P07,3.0,13.5,40.5,Delivered,5,Web
BB005210,C0310,PET0378,2026-04-13,P06,5.0,14.5,72.5,Delivered,5,Web
BB005211,C0310,PET0378,2026-04-21,P07,3.0,13.5,40.5,Delivered,5,Web
BB005212,C0310,PET0379,2025-12-16,P02,2.0,13.0,26.0,Delivered,,Web
BB005213,C0310,PET0379,2025-12-25,P02,6.0,13.0,78.0,Delivered,,Web
BB005214,C0310,PET0379,2026-01-03,P03,4.0,13.5,54.0,Delivered,5,Web
BB005215,C0310,PET0379,2026-01-15,P02,4.0,13.0,52.0,Delivered,,Web
BB005216,C0310,PET0379,2026-01-23,P01,4.0,14.5,58.0,Delivered,,Web
BB005217,C0310,PET0379,2026-02-06,P02,6.0,13.0,78.0,Delivered,,Re-order Email
BB005218,C0310,PET0379,2026-02-15,P02,7.0,13.0,91.0,Delivered,3,Pickup
BB005219,C0310,PET0379,2026-03-01,P02,3.0,13.0,39.0,Delivered,,Pickup
BB005220,C0310,PET0379,2026-03-10,P02,6.0,13.0,78.0,Delivered,,Re-order Email
BB005221,C0310,PET0379,2026-03-19,P02,6.0,13.0,78.0,Delivered,,Web
BB005222,C0310,PET0379,2026-03-28,P02,5.0,13.0,65.0,Delivered,,Re-order Email
BB005223,C0310,PET0379,2026-04-04,P02,3.0,13.0,39.0,Delivered,,Web
BB005224,C0310,PET0379,2026-04-15,P02,3.0,13.0,39.0,Delivered,,Re-order Email
BB005225,C0311,PET0380,2026-04-10,P01,5.0,14.5,72.5,Delivered,,Web
BB005226,C0311,PET0380,2026-04-19,P01,4.0,14.5,58.0,Delivered,5,Web
BB005227,C0312,PET0381,2025-12-23,P02,2.0,13.0,26.0,Delivered,,Web
BB005228,C0312,PET0381,2025-12-30,P02,6.0,13.0,78.0,Delivered,,Re-order Email
BB005229,C0312,PET0381,2026-01-09,P02,7.0,13.0,91.0,Delivered,,Web
BB005230,C0312,PET0381,2026-01-20,P02,6.0,13.0,78.0,Delivered,,Web
BB005231,C0312,PET0381,2026-01-28,P06,5.0,14.5,72.5,Delivered,,Web
BB005232,C0312,PET0381,2026-02-07,P02,6.0,13.0,78.0,Delivered,,Re-order Email
BB005233,C0312,PET0381,2026-02-16,P02,7.0,13.0,91.0,Delivered,4,Web
BB005234,C0312,PET0381,2026-02-25,P02,5.0,13.0,65.0,Delivered,,Web
BB005235,C0312,PET0381,2026-03-07,P02,2.0,13.0,26.0,Delivered,5,Web
BB005236,C0312,PET0381,2026-03-21,P08,5.0,15.5,77.5,Delivered,,Web
BB005237,C0312,PET0381,2026-04-03,P08,5.0,15.5,77.5,Delivered,,Web
BB005238,C0312,PET0381,2026-04-14,P07,4.0,13.5,54.0,Delivered,4,Web
BB005239,C0312,PET0381,2026-04-22,P02,5.0,13.0,65.0,Delivered,,Pickup
BB005240,C0313,PET0383,2026-05-03,P06,5.0,14.5,72.5,Scheduled,5,Web
BB005241,C0313,PET0383,2026-05-13,P06,4.0,14.5,58.0,Scheduled,,Web
BB005242,C0313,PET0384,2026-05-01,P12,3.0,12.5,37.5,Delivered,,Web
BB005243,C0313,PET0384,2026-05-14,P12,3.0,12.5,37.5,Scheduled,,Re-order Email
BB005244,C0314,PET0385,2025-12-05,P03,3.0,13.5,40.5,Delivered,,Web
BB005245,C0314,PET0385,2025-12-17,P06,7.0,14.5,101.5,Delivered,,Web
BB005246,C0314,PET0385,2025-12-27,P02,5.0,13.0,65.0,Delivered,5,Web
BB005247,C0314,PET0385,2026-01-07,P06,7.0,14.5,101.5,Delivered,4,Web
BB005248,C0314,PET0385,2026-01-17,P06,5.0,14.5,72.5,Delivered,,Web
BB005249,C0314,PET0385,2026-01-29,P06,6.0,14.5,87.0,Delivered,5,Web
BB005250,C0314,PET0385,2026-02-07,P06,3.0,14.5,43.5,Delivered,5,Web
BB005251,C0314,PET0385,2026-02-15,P06,5.0,14.5,72.5,Delivered,,Pickup
BB005252,C0314,PET0385,2026-02-27,P06,4.0,14.5,58.0,Delivered,,Web
BB005253,C0314,PET0385,2026-03-11,P07,2.0,13.5,27.0,Delivered,5,Re-order Email
BB005254,C0314,PET0385,2026-03-23,P06,7.0,14.5,101.5,Delivered,5,Web
BB005255,C0314,PET0385,2026-04-06,P06,5.0,14.5,72.5,Delivered,3,Web
BB005256,C0314,PET0385,2026-04-18,P06,5.0,14.5,72.5,Delivered,,Web
BB005257,C0315,PET0386,2025-10-29,P11,6.0,12.0,72.0,Delivered,4,Web
BB005258,C0315,PET0386,2025-11-07,P07,4.0,13.5,54.0,Delivered,,Web
BB005259,C0315,PET0386,2025-11-15,P10,5.0,13.0,65.0,Delivered,,Web
BB005260,C0315,PET0386,2025-11-25,P11,6.0,12.0,72.0,Delivered,,Web
BB005261,C0315,PET0386,2025-12-08,P11,6.0,12.0,72.0,Delivered,,Web
BB005262,C0315,PET0386,2025-12-16,P09,3.0,12.5,37.5,Delivered,,Web
BB005263,C0315,PET0386,2025-12-23,P01,3.0,14.5,43.5,Delivered,,Web
BB005264,C0315,PET0386,2025-12-31,P11,7.0,12.0,84.0,Delivered,,Pickup
BB005265,C0315,PET0386,2026-01-11,P03,6.0,13.5,81.0,Delivered,,Web
BB005266,C0315,PET0386,2026-01-21,P01,5.0,14.5,72.5,Delivered,,Web
BB005267,C0315,PET0386,2026-02-03,P11,7.0,12.0,84.0,Delivered,,Web
BB005268,C0315,PET0386,2026-02-13,P11,5.0,12.0,60.0,Delivered,5,Web
BB005269,C0315,PET0386,2026-02-26,P11,7.0,12.0,84.0,Delivered,,Web
BB005270,C0315,PET0386,2026-03-11,P09,6.0,12.5,75.0,Delivered,,Web
BB005271,C0315,PET0386,2026-03-18,P11,6.0,12.0,72.0,Delivered,5,Re-order Email
BB005272,C0315,PET0386,2026-03-29,P11,2.0,12.0,24.0,Delivered,4,Web
BB005273,C0315,PET0386,2026-04-09,P11,7.0,12.0,84.0,Delivered,,Web
BB005274,C0315,PET0386,2026-04-18,P12,5.0,12.5,62.5,Delivered,5,Web
BB005275,C0315,PET0386,2026-04-25,P01,5.0,14.5,72.5,Delivered,,Pickup
BB005276,C0317,PET0388,2025-05-01,P08,5.0,15.5,77.5,Delivered,5,Web
BB005277,C0317,PET0388,2025-05-14,P01,2.0,14.5,29.0,Delivered,,Pickup
BB005278,C0317,PET0388,2025-05-24,P08,3.0,15.5,46.5,Delivered,,Web
BB005279,C0317,PET0388,2025-06-01,P08,2.0,15.5,31.0,Delivered,5,Web
BB005280,C0317,PET0388,2025-06-14,P02,6.0,13.0,78.0,Delivered,,Web
BB005281,C0317,PET0388,2025-06-22,P08,5.0,15.5,77.5,Delivered,,Pickup
BB005282,C0317,PET0388,2025-06-30,P08,4.0,15.5,62.0,Delivered,5,Pickup
BB005283,C0317,PET0388,2025-07-08,P08,4.0,15.5,62.0,Delivered,,Web
BB005284,C0317,PET0388,2025-07-15,P08,4.0,15.5,62.0,Delivered,,Web
BB005285,C0317,PET0388,2025-07-27,P08,5.0,15.5,77.5,Delivered,4,Web
BB005286,C0317,PET0388,2025-08-10,P08,4.0,15.5,62.0,Delivered,5,Pickup
BB005287,C0317,PET0388,2025-08-21,P08,6.0,15.5,93.0,Delivered,5,Web
BB005288,C0317,PET0388,2025-08-30,P03,7.0,13.5,94.5,Delivered,,Web
BB005289,C0317,PET0388,2025-09-06,P08,4.0,15.5,62.0,Delivered,4,Web
BB005290,C0317,PET0388,2025-09-14,P08,6.0,15.5,93.0,Delivered,5,Web
BB005291,C0317,PET0388,2025-09-28,P11,5.0,12.0,60.0,Delivered,5,Web
BB005292,C0317,PET0388,2025-10-09,P11,5.0,12.0,60.0,Delivered,5,Web
BB005293,C0317,PET0388,2025-10-21,P08,6.0,15.5,93.0,Delivered,,Re-order Email
BB005294,C0317,PET0388,2025-11-02,P08,5.0,15.5,77.5,Delivered,,Re-order Email
BB005295,C0317,PET0388,2025-11-14,P12,7.0,12.5,87.5,Delivered,,Web
BB005296,C0317,PET0388,2025-11-24,P08,4.0,15.5,62.0,Delivered,,Web
BB005297,C0317,PET0388,2025-12-01,P09,6.0,12.5,75.0,Delivered,,Web
BB005298,C0317,PET0388,2025-12-08,P08,3.0,15.5,46.5,Delivered,,Re-order Email
BB005299,C0317,PET0388,2025-12-15,P11,7.0,12.0,84.0,Delivered,5,Web
BB005300,C0317,PET0388,2025-12-28,P07,3.0,13.5,40.5,Delivered,5,Pickup
BB005301,C0317,PET0388,2026-01-10,P06,5.0,14.5,72.5,Delivered,5,Re-order Email
BB005302,C0317,PET0388,2026-01-21,P08,6.0,15.5,93.0,Delivered,5,Re-order Email
BB005303,C0317,PET0388,2026-01-28,P08,5.0,15.5,77.5,Delivered,5,Web
BB005304,C0317,PET0388,2026-02-08,P08,7.0,15.5,108.5,Delivered,5,Web
BB005305,C0317,PET0388,2026-02-15,P08,4.0,15.5,62.0,Delivered,,Web
BB005306,C0317,PET0388,2026-02-25,P08,5.0,15.5,77.5,Delivered,,Web
BB005307,C0317,PET0388,2026-03-04,P08,5.0,15.5,77.5,Delivered,5,Pickup
BB005308,C0317,PET0388,2026-03-13,P08,3.0,15.5,46.5,Delivered,,Web
BB005309,C0317,PET0388,2026-03-27,P08,5.0,15.5,77.5,Delivered,4,Web
BB005310,C0317,PET0388,2026-04-06,P07,4.0,13.5,54.0,Delivered,,Re-order Email
BB005311,C0317,PET0388,2026-04-19,P04,4.0,14.0,56.0,Delivered,,Web
BB005312,C0317,PET0388,2026-04-28,P12,6.0,12.5,75.0,Delivered,5,Re-order Email
BB005313,C0317,PET0389,2025-04-27,P10,7.0,13.0,91.0,Delivered,,Web
BB005314,C0317,PET0389,2025-05-04,P02,3.0,13.0,39.0,Delivered,,Web
BB005315,C0317,PET0389,2025-05-18,P02,5.0,13.0,65.0,Delivered,3,Web
BB005316,C0317,PET0389,2025-05-25,P02,4.0,13.0,52.0,Delivered,,Pickup
BB005317,C0317,PET0389,2025-06-06,P02,3.0,13.0,39.0,Delivered,,Web
BB005318,C0317,PET0389,2025-06-16,P02,4.0,13.0,52.0,Delivered,4,Web
BB005319,C0317,PET0389,2025-06-24,P03,6.0,13.5,81.0,Delivered,,Pickup
BB005320,C0317,PET0389,2025-07-08,P02,6.0,13.0,78.0,Delivered,,Re-order Email
BB005321,C0317,PET0389,2025-07-22,P02,2.0,13.0,26.0,Delivered,,Web
BB005322,C0317,PET0389,2025-07-29,P10,6.0,13.0,78.0,Delivered,,Web
BB005323,C0317,PET0389,2025-08-08,P02,4.0,13.0,52.0,Delivered,5,Web
BB005324,C0317,PET0389,2025-08-22,P02,3.0,13.0,39.0,Delivered,,Re-order Email
BB005325,C0317,PET0389,2025-09-05,P02,4.0,13.0,52.0,Delivered,,Web
BB005326,C0317,PET0389,2025-09-13,P02,4.0,13.0,52.0,Delivered,,Web
BB005327,C0317,PET0389,2025-09-22,P02,4.0,13.0,52.0,Delivered,,Web
BB005328,C0317,PET0389,2025-10-03,P02,5.0,13.0,65.0,Delivered,5,Web
BB005329,C0317,PET0389,2025-10-10,P02,3.0,13.0,39.0,Delivered,,Pickup
BB005330,C0317,PET0389,2025-10-21,P02,4.0,13.0,52.0,Delivered,,Web
BB005331,C0317,PET0389,2025-10-30,P02,5.0,13.0,65.0,Delivered,3,Web
BB005332,C0317,PET0389,2025-11-12,P02,3.0,13.0,39.0,Delivered,,Web
BB005333,C0317,PET0389,2025-11-26,P02,5.0,13.0,65.0,Delivered,,Web
BB005334,C0317,PET0389,2025-12-03,P10,5.0,13.0,65.0,Delivered,,Pickup
BB005335,C0317,PET0389,2025-12-16,P07,6.0,13.5,81.0,Delivered,,Web
BB005336,C0317,PET0389,2025-12-23,P02,5.0,13.0,65.0,Delivered,5,Web
BB005337,C0317,PET0389,2026-01-04,P02,5.0,13.0,65.0,Delivered,,Pickup
BB005338,C0317,PET0389,2026-01-17,P02,4.0,13.0,52.0,Delivered,5,Re-order Email
BB005339,C0317,PET0389,2026-01-26,P02,4.0,13.0,52.0,Delivered,5,Web
BB005340,C0317,PET0389,2026-02-03,P02,3.0,13.0,39.0,Delivered,,Re-order Email
BB005341,C0317,PET0389,2026-02-16,P02,3.0,13.0,39.0,Delivered,,Web
BB005342,C0317,PET0389,2026-02-26,P02,6.0,13.0,78.0,Delivered,,Re-order Email
BB005343,C0317,PET0389,2026-03-05,P02,4.0,13.0,52.0,Delivered,,Web
BB005344,C0317,PET0389,2026-03-15,P02,4.0,13.0,52.0,Delivered,,Pickup
BB005345,C0317,PET0389,2026-03-25,P02,3.0,13.0,39.0,Delivered,,Pickup
BB005346,C0317,PET0389,2026-04-03,P02,3.0,13.0,39.0,Delivered,,Web
BB005347,C0317,PET0389,2026-04-10,P10,3.0,13.0,39.0,Delivered,,Web
BB005348,C0317,PET0389,2026-04-17,P02,4.0,13.0,52.0,Delivered,,Web
BB005349,C0318,PET0390,2025-10-24,P10,5.0,13.0,65.0,Delivered,4,Re-order Email
BB005350,C0318,PET0390,2025-10-31,P10,4.0,13.0,52.0,Delivered,4,Re-order Email
BB005351,C0318,PET0390,2025-11-09,P10,5.0,13.0,65.0,Delivered,5,Re-order Email
BB005352,C0318,PET0390,2025-11-16,P10,3.0,13.0,39.0,Delivered,5,Web
BB005353,C0318,PET0390,2025-11-29,P06,2.0,14.5,29.0,Delivered,,Web
BB005354,C0318,PET0390,2025-12-10,P10,5.0,13.0,65.0,Delivered,,Web
BB005355,C0318,PET0390,2025-12-17,P10,5.0,13.0,65.0,Delivered,,Re-order Email
BB005356,C0318,PET0390,2025-12-24,P10,6.0,13.0,78.0,Delivered,5,Web
BB005357,C0318,PET0390,2025-12-31,P10,7.0,13.0,91.0,Delivered,,Web
BB005358,C0318,PET0390,2026-01-08,P06,5.0,14.5,72.5,Delivered,5,Web
BB005359,C0318,PET0390,2026-01-21,P10,7.0,13.0,91.0,Delivered,,Re-order Email
BB005360,C0318,PET0390,2026-01-31,P10,5.0,13.0,65.0,Delivered,5,Pickup
BB005361,C0318,PET0390,2026-02-14,P10,5.0,13.0,65.0,Delivered,5,Re-order Email
BB005362,C0318,PET0390,2026-02-25,P10,3.0,13.0,39.0,Delivered,,Pickup
BB005363,C0318,PET0390,2026-03-07,P03,2.0,13.5,27.0,Delivered,,Web
BB005364,C0318,PET0390,2026-03-15,P12,6.0,12.5,75.0,Delivered,,Web
BB005365,C0318,PET0390,2026-03-28,P10,6.0,13.0,78.0,Delivered,,Web
BB005366,C0318,PET0390,2026-04-07,P07,4.0,13.5,54.0,Delivered,,Web
BB005367,C0318,PET0390,2026-04-17,P10,5.0,13.0,65.0,Delivered,,Web
BB005368,C0318,PET0390,2026-04-28,P10,4.0,13.0,52.0,Delivered,,Web
BB005369,C0318,PET0391,2025-10-26,P08,4.0,15.5,62.0,Delivered,5,Web
BB005370,C0318,PET0391,2025-11-03,P09,3.0,12.5,37.5,Delivered,5,Re-order Email
BB005371,C0318,PET0391,2025-11-13,P03,4.0,13.5,54.0,Delivered,,Web
BB005372,C0318,PET0391,2025-11-23,P08,4.0,15.5,62.0,Delivered,,Web
BB005373,C0318,PET0391,2025-12-02,P08,4.0,15.5,62.0,Delivered,,Web
BB005374,C0318,PET0391,2025-12-15,P08,3.0,15.5,46.5,Delivered,,Re-order Email
BB005375,C0318,PET0391,2025-12-23,P08,4.0,15.5,62.0,Delivered,5,Web
BB005376,C0318,PET0391,2026-01-02,P08,4.0,15.5,62.0,Delivered,5,Web
BB005377,C0318,PET0391,2026-01-10,P08,4.0,15.5,62.0,Delivered,,Web
BB005378,C0318,PET0391,2026-01-21,P08,6.0,15.5,93.0,Delivered,,Web
BB005379,C0318,PET0391,2026-01-28,P08,3.0,15.5,46.5,Delivered,,Pickup
BB005380,C0318,PET0391,2026-02-05,P08,6.0,15.5,93.0,Delivered,,Re-order Email
BB005381,C0318,PET0391,2026-02-13,P10,6.0,13.0,78.0,Delivered,4,Pickup
BB005382,C0318,PET0391,2026-02-26,P08,4.0,15.5,62.0,Delivered,5,Web
BB005383,C0318,PET0391,2026-03-08,P08,5.0,15.5,77.5,Delivered,,Web
BB005384,C0318,PET0391,2026-03-20,P08,3.0,15.5,46.5,Delivered,5,Pickup
BB005385,C0318,PET0391,2026-03-29,P10,5.0,13.0,65.0,Delivered,,Pickup
BB005386,C0318,PET0391,2026-04-11,P08,4.0,15.5,62.0,Delivered,,Pickup
BB005387,C0319,PET0392,2026-01-31,P02,2.0,13.0,26.0,Delivered,,Web
BB005388,C0319,PET0392,2026-02-07,P01,5.0,14.5,72.5,Delivered,,Re-order Email
BB005389,C0319,PET0392,2026-02-17,P01,5.0,14.5,72.5,Delivered,,Web
BB005390,C0319,PET0392,2026-03-02,P01,5.0,14.5,72.5,Delivered,,Web
BB005391,C0319,PET0392,2026-03-09,P01,5.0,14.5,72.5,Delivered,,Re-order Email
BB005392,C0319,PET0392,2026-03-21,P09,5.0,12.5,62.5,Delivered,5,Web
BB005393,C0319,PET0392,2026-03-28,P02,4.0,13.0,52.0,Delivered,,Pickup
BB005394,C0319,PET0392,2026-04-05,P07,6.0,13.5,81.0,Delivered,,Web
BB005395,C0319,PET0392,2026-04-13,P01,3.0,14.5,43.5,Delivered,4,Re-order Email
BB005396,C0319,PET0392,2026-04-21,P01,6.0,14.5,87.0,Delivered,5,Web
BB005397,C0321,PET0394,2026-04-21,P03,5.0,13.5,67.5,Delivered,,Web
BB005398,C0321,PET0395,2026-04-23,P07,3.0,13.5,40.5,Delivered,,Web
BB005399,C0322,PET0396,2026-02-11,P12,5.0,12.5,62.5,Delivered,4,Re-order Email
BB005400,C0322,PET0396,2026-02-18,P12,4.0,12.5,50.0,Delivered,5,Web
BB005401,C0322,PET0396,2026-02-26,P12,3.0,12.5,37.5,Delivered,,Pickup
BB005402,C0322,PET0396,2026-03-07,P12,5.0,12.5,62.5,Delivered,,Pickup
BB005403,C0323,PET0397,2025-09-20,P11,4.0,12.0,48.0,Delivered,5,Web
BB005404,C0323,PET0397,2025-09-30,P03,5.0,13.5,67.5,Delivered,5,Web
BB005405,C0323,PET0397,2025-10-13,P02,5.0,13.0,65.0,Delivered,,Web
BB005406,C0323,PET0397,2025-10-26,P03,6.0,13.5,81.0,Delivered,5,Web
BB005407,C0323,PET0397,2025-11-02,P03,5.0,13.5,67.5,Delivered,5,Pickup
BB005408,C0323,PET0397,2025-11-11,P03,3.0,13.5,40.5,Delivered,5,Web
BB005409,C0323,PET0397,2025-11-24,P09,4.0,12.5,50.0,Delivered,,Web
BB005410,C0323,PET0397,2025-12-05,P03,5.0,13.5,67.5,Delivered,4,Pickup
BB005411,C0323,PET0397,2025-12-14,P03,4.0,13.5,54.0,Delivered,5,Web
BB005412,C0323,PET0397,2025-12-27,P03,3.0,13.5,40.5,Delivered,5,Pickup
BB005413,C0323,PET0397,2026-01-07,P02,4.0,13.0,52.0,Delivered,4,Web
BB005414,C0323,PET0397,2026-01-16,P08,7.0,15.5,108.5,Delivered,5,Web
BB005415,C0323,PET0397,2026-01-26,P11,5.0,12.0,60.0,Delivered,,Web
BB005416,C0323,PET0397,2026-02-06,P02,3.0,13.0,39.0,Delivered,,Web
BB005417,C0323,PET0397,2026-02-16,P03,4.0,13.5,54.0,Delivered,4,Web
BB005418,C0323,PET0397,2026-02-25,P07,6.0,13.5,81.0,Delivered,,Pickup
BB005419,C0323,PET0397,2026-03-07,P03,3.0,13.5,40.5,Delivered,5,Web
BB005420,C0323,PET0397,2026-03-16,P03,5.0,13.5,67.5,Delivered,,Re-order Email
BB005421,C0323,PET0397,2026-03-29,P03,6.0,13.5,81.0,Delivered,,Re-order Email
BB005422,C0323,PET0397,2026-04-10,P11,3.0,12.0,36.0,Delivered,5,Web
BB005423,C0323,PET0397,2026-04-19,P03,5.0,13.5,67.5,Delivered,,Web
BB005424,C0323,PET0397,2026-04-29,P10,6.0,13.0,78.0,Delivered,,Re-order Email
BB005425,C0324,PET0398,2026-01-09,P08,6.0,15.5,93.0,Delivered,,Re-order Email
BB005426,C0324,PET0398,2026-01-20,P08,3.0,15.5,46.5,Delivered,,Web
BB005427,C0324,PET0398,2026-01-29,P08,6.0,15.5,93.0,Delivered,,Web
BB005428,C0324,PET0398,2026-02-09,P08,4.0,15.5,62.0,Delivered,4,Web
BB005429,C0324,PET0398,2026-02-20,P08,6.0,15.5,93.0,Delivered,,Web
BB005430,C0324,PET0398,2026-02-28,P08,6.0,15.5,93.0,Delivered,,Web
BB005431,C0324,PET0398,2026-03-14,P08,6.0,15.5,93.0,Delivered,3,Web
BB005432,C0324,PET0398,2026-03-26,P08,7.0,15.5,108.5,Delivered,,Web
BB005433,C0324,PET0398,2026-04-08,P11,5.0,12.0,60.0,Delivered,,Web
BB005434,C0324,PET0398,2026-04-18,P08,7.0,15.5,108.5,Delivered,,Re-order Email
BB005435,C0324,PET0398,2026-04-27,P08,4.0,15.5,62.0,Delivered,4,Web
BB005436,C0325,PET0399,2025-09-10,P12,5.0,12.5,62.5,Delivered,,Web
BB005437,C0325,PET0399,2025-09-20,P06,5.0,14.5,72.5,Delivered,,Re-order Email
BB005438,C0325,PET0399,2025-10-03,P06,6.0,14.5,87.0,Delivered,5,Web
BB005439,C0325,PET0399,2025-10-11,P06,3.0,14.5,43.5,Delivered,,Web
BB005440,C0325,PET0399,2025-10-19,P06,5.0,14.5,72.5,Delivered,5,Web
BB005441,C0325,PET0399,2025-10-26,P06,4.0,14.5,58.0,Delivered,,Re-order Email
BB005442,C0325,PET0399,2025-11-03,P06,5.0,14.5,72.5,Delivered,,Re-order Email
BB005443,C0325,PET0399,2025-11-14,P06,5.0,14.5,72.5,Delivered,,Web
BB005444,C0325,PET0399,2025-11-23,P06,5.0,14.5,72.5,Delivered,,Web
BB005445,C0325,PET0399,2025-12-04,P06,3.0,14.5,43.5,Delivered,,Web
BB005446,C0325,PET0399,2025-12-12,P06,3.0,14.5,43.5,Delivered,,Web
BB005447,C0325,PET0399,2025-12-19,P11,7.0,12.0,84.0,Delivered,,Web
BB005448,C0325,PET0399,2026-01-01,P06,5.0,14.5,72.5,Delivered,,Web
BB005449,C0325,PET0399,2026-01-14,P06,3.0,14.5,43.5,Delivered,,Web
BB005450,C0325,PET0399,2026-01-27,P06,4.0,14.5,58.0,Delivered,,Web
BB005451,C0325,PET0399,2026-02-05,P06,4.0,14.5,58.0,Delivered,5,Pickup
BB005452,C0325,PET0399,2026-02-14,P03,5.0,13.5,67.5,Delivered,,Pickup
BB005453,C0325,PET0399,2026-02-23,P06,5.0,14.5,72.5,Delivered,,Web
BB005454,C0325,PET0399,2026-03-07,P10,5.0,13.0,65.0,Delivered,,Web
BB005455,C0325,PET0399,2026-03-20,P09,3.0,12.5,37.5,Delivered,,Web
BB005456,C0325,PET0399,2026-03-31,P06,4.0,14.5,58.0,Delivered,,Pickup
BB005457,C0325,PET0399,2026-04-12,P06,4.0,14.5,58.0,Delivered,5,Web
BB005458,C0325,PET0399,2026-04-24,P06,7.0,14.5,101.5,Delivered,,Re-order Email
BB005459,C0325,PET0400,2025-09-11,P02,6.0,13.0,78.0,Delivered,,Web
BB005460,C0325,PET0400,2025-09-21,P02,4.0,13.0,52.0,Delivered,,Re-order Email
BB005461,C0325,PET0400,2025-10-03,P02,3.0,13.0,39.0,Delivered,,Web
BB005462,C0325,PET0400,2025-10-15,P08,5.0,15.5,77.5,Delivered,,Web
BB005463,C0325,PET0400,2025-10-26,P02,3.0,13.0,39.0,Delivered,,Web
BB005464,C0325,PET0400,2025-11-03,P06,3.0,14.5,43.5,Delivered,,Web
BB005465,C0325,PET0400,2025-11-17,P02,5.0,13.0,65.0,Delivered,5,Web
BB005466,C0325,PET0400,2025-11-28,P02,5.0,13.0,65.0,Delivered,,Web
BB005467,C0325,PET0400,2025-12-09,P02,4.0,13.0,52.0,Delivered,,Re-order Email
BB005468,C0325,PET0400,2025-12-20,P02,6.0,13.0,78.0,Delivered,,Web
BB005469,C0325,PET0400,2025-12-29,P02,4.0,13.0,52.0,Delivered,5,Web
BB005470,C0325,PET0400,2026-01-08,P02,3.0,13.0,39.0,Delivered,,Web
BB005471,C0325,PET0400,2026-01-19,P02,7.0,13.0,91.0,Delivered,5,Web
BB005472,C0325,PET0400,2026-01-26,P12,3.0,12.5,37.5,Delivered,,Re-order Email
BB005473,C0325,PET0400,2026-02-08,P02,4.0,13.0,52.0,Delivered,,Web
BB005474,C0325,PET0400,2026-02-21,P02,6.0,13.0,78.0,Delivered,,Web
BB005475,C0325,PET0400,2026-03-07,P02,5.0,13.0,65.0,Delivered,,Web
BB005476,C0325,PET0400,2026-03-21,P09,5.0,12.5,62.5,Delivered,,Re-order Email
BB005477,C0325,PET0400,2026-04-02,P02,4.0,13.0,52.0,Delivered,4,Web
BB005478,C0325,PET0400,2026-04-15,P02,3.0,13.0,39.0,Delivered,4,Web
BB005479,C0325,PET0400,2026-04-23,P02,4.0,13.0,52.0,Delivered,,Web
BB005480,C0325,PET0401,2025-09-09,P09,4.0,12.5,50.0,Delivered,5,Web
BB005481,C0325,PET0401,2025-09-23,P09,2.0,12.5,25.0,Delivered,,Web
BB005482,C0325,PET0401,2025-10-02,P12,3.0,12.5,37.5,Delivered,4,Web
BB005483,C0325,PET0401,2025-10-09,P08,4.0,15.5,62.0,Delivered,5,Web
BB005484,C0325,PET0401,2025-10-18,P09,4.0,12.5,50.0,Delivered,,Pickup
BB005485,C0325,PET0401,2025-10-27,P11,6.0,12.0,72.0,Delivered,,Re-order Email
BB005486,C0325,PET0401,2025-11-03,P06,3.0,14.5,43.5,Delivered,,Web
BB005487,C0325,PET0401,2025-11-13,P09,3.0,12.5,37.5,Delivered,,Web
BB005488,C0325,PET0401,2025-11-25,P09,4.0,12.5,50.0,Delivered,,Web
BB005489,C0325,PET0401,2025-12-02,P09,6.0,12.5,75.0,Delivered,,Web
BB005490,C0325,PET0401,2025-12-13,P09,6.0,12.5,75.0,Delivered,4,Web
BB005491,C0325,PET0401,2025-12-22,P09,7.0,12.5,87.5,Delivered,,Web
BB005492,C0325,PET0401,2026-01-02,P09,6.0,12.5,75.0,Delivered,5,Web
BB005493,C0325,PET0401,2026-01-10,P03,6.0,13.5,81.0,Delivered,,Web
BB005494,C0325,PET0401,2026-01-20,P09,6.0,12.5,75.0,Delivered,,Web
BB005495,C0325,PET0401,2026-02-01,P09,4.0,12.5,50.0,Delivered,,Pickup
BB005496,C0325,PET0401,2026-02-10,P09,6.0,12.5,75.0,Delivered,,Web
BB005497,C0325,PET0401,2026-02-22,P09,5.0,12.5,62.5,Delivered,,Web
BB005498,C0325,PET0401,2026-03-02,P09,3.0,12.5,37.5,Delivered,4,Web
BB005499,C0325,PET0401,2026-03-09,P09,5.0,12.5,62.5,Delivered,5,Web
BB005500,C0325,PET0401,2026-03-20,P02,5.0,13.0,65.0,Delivered,,Web
BB005501,C0325,PET0401,2026-04-03,P09,6.0,12.5,75.0,Delivered,,Web
BB005502,C0325,PET0401,2026-04-14,P09,5.0,12.5,62.5,Delivered,,Pickup
BB005503,C0325,PET0401,2026-04-28,P09,3.0,12.5,37.5,Delivered,,Re-order Email
BB005504,C0326,PET0402,2026-03-13,P11,6.0,12.0,72.0,Delivered,5,Web
BB005505,C0326,PET0402,2026-03-21,P09,5.0,12.5,62.5,Delivered,4,Web
BB005506,C0326,PET0402,2026-03-31,P11,3.0,12.0,36.0,Delivered,,Pickup
BB005507,C0326,PET0402,2026-04-13,P11,5.0,12.0,60.0,Delivered,,Re-order Email
BB005508,C0326,PET0402,2026-04-26,P02,4.0,13.0,52.0,Delivered,,Web
BB005509,C0326,PET0403,2026-03-15,P11,5.0,12.0,60.0,Delivered,4,Web
BB005510,C0326,PET0403,2026-03-27,P11,7.0,12.0,84.0,Delivered,,Web
BB005511,C0326,PET0403,2026-04-07,P11,5.0,12.0,60.0,Delivered,,Web
BB005512,C0326,PET0403,2026-04-20,P11,7.0,12.0,84.0,Delivered,,Web
BB005513,C0326,PET0403,2026-04-27,P11,5.0,12.0,60.0,Delivered,,Web
BB005514,C0327,PET0405,2026-01-01,P07,5.0,13.5,67.5,Delivered,,Web
BB005515,C0327,PET0405,2026-01-11,P10,2.0,13.0,26.0,Delivered,,Web
BB005516,C0327,PET0405,2026-01-19,P07,2.0,13.5,27.0,Delivered,4,Re-order Email
BB005517,C0327,PET0405,2026-01-30,P02,3.0,13.0,39.0,Delivered,5,Web
BB005518,C0327,PET0405,2026-02-08,P09,4.0,12.5,50.0,Delivered,,Web
BB005519,C0327,PET0405,2026-02-21,P07,4.0,13.5,54.0,Delivered,,Web
BB005520,C0327,PET0405,2026-02-28,P07,4.0,13.5,54.0,Delivered,,Web
BB005521,C0327,PET0405,2026-03-11,P07,3.0,13.5,40.5,Delivered,,Web
BB005522,C0327,PET0405,2026-03-24,P03,6.0,13.5,81.0,Delivered,4,Web
BB005523,C0327,PET0405,2026-04-04,P07,4.0,13.5,54.0,Delivered,4,Web
BB005524,C0327,PET0405,2026-04-17,P07,3.0,13.5,40.5,Delivered,5,Web
BB005525,C0327,PET0405,2026-04-25,P07,3.0,13.5,40.5,Delivered,,Pickup
BB005526,C0328,PET0406,2025-08-14,P06,5.0,14.5,72.5,Delivered,,Web
BB005527,C0328,PET0406,2025-08-27,P06,4.0,14.5,58.0,Delivered,,Web
BB005528,C0328,PET0406,2025-09-05,P06,4.0,14.5,58.0,Delivered,5,Web
BB005529,C0328,PET0406,2025-09-17,P06,7.0,14.5,101.5,Delivered,,Re-order Email
BB005530,C0328,PET0406,2025-09-28,P06,3.0,14.5,43.5,Delivered,,Re-order Email
BB005531,C0328,PET0406,2025-10-06,P06,4.0,14.5,58.0,Delivered,5,Web
BB005532,C0328,PET0406,2025-10-19,P06,5.0,14.5,72.5,Delivered,5,Pickup
BB005533,C0328,PET0406,2025-10-27,P06,5.0,14.5,72.5,Delivered,,Web
BB005534,C0328,PET0406,2025-11-07,P06,4.0,14.5,58.0,Delivered,5,Web
BB005535,C0328,PET0406,2025-11-17,P06,6.0,14.5,87.0,Delivered,,Web
BB005536,C0328,PET0406,2025-11-27,P08,3.0,15.5,46.5,Delivered,,Web
BB005537,C0328,PET0406,2025-12-06,P06,6.0,14.5,87.0,Delivered,,Pickup
BB005538,C0328,PET0406,2025-12-15,P06,7.0,14.5,101.5,Delivered,5,Re-order Email
BB005539,C0328,PET0406,2025-12-27,P06,3.0,14.5,43.5,Delivered,,Re-order Email
BB005540,C0328,PET0406,2026-01-08,P02,5.0,13.0,65.0,Delivered,,Web
BB005541,C0328,PET0406,2026-01-16,P06,4.0,14.5,58.0,Delivered,5,Web
BB005542,C0328,PET0406,2026-01-24,P06,5.0,14.5,72.5,Delivered,,Web
BB005543,C0328,PET0406,2026-02-02,P06,5.0,14.5,72.5,Delivered,5,Web
BB005544,C0328,PET0406,2026-02-11,P06,7.0,14.5,101.5,Delivered,,Web
BB005545,C0328,PET0406,2026-02-22,P06,6.0,14.5,87.0,Delivered,,Re-order Email
BB005546,C0328,PET0406,2026-03-01,P11,3.0,12.0,36.0,Delivered,5,Web
BB005547,C0328,PET0406,2026-03-13,P06,6.0,14.5,87.0,Delivered,,Web
BB005548,C0328,PET0406,2026-03-24,P06,3.0,14.5,43.5,Delivered,,Web
BB005549,C0328,PET0406,2026-04-02,P06,4.0,14.5,58.0,Delivered,,Web
BB005550,C0328,PET0406,2026-04-11,P06,7.0,14.5,101.5,Delivered,,Web
BB005551,C0328,PET0406,2026-04-20,P06,7.0,14.5,101.5,Delivered,,Web
BB005552,C0328,PET0406,2026-04-29,P06,4.0,14.5,58.0,Delivered,4,Web
BB005553,C0328,PET0407,2025-08-15,P12,6.0,12.5,75.0,Delivered,4,Web
BB005554,C0328,PET0407,2025-08-29,P02,6.0,13.0,78.0,Delivered,,Web
BB005555,C0328,PET0407,2025-09-09,P11,3.0,12.0,36.0,Delivered,,Pickup
BB005556,C0328,PET0407,2025-09-19,P02,4.0,13.0,52.0,Delivered,,Web
BB005557,C0328,PET0407,2025-09-26,P02,5.0,13.0,65.0,Delivered,,Web
BB005558,C0328,PET0407,2025-10-05,P02,5.0,13.0,65.0,Delivered,5,Pickup
BB005559,C0328,PET0407,2025-10-13,P02,6.0,13.0,78.0,Delivered,,Web
BB005560,C0328,PET0407,2025-10-22,P02,5.0,13.0,65.0,Delivered,5,Web
BB005561,C0328,PET0407,2025-10-29,P02,4.0,13.0,52.0,Delivered,,Web
BB005562,C0328,PET0407,2025-11-10,P02,4.0,13.0,52.0,Delivered,,Web
BB005563,C0328,PET0407,2025-11-24,P02,5.0,13.0,65.0,Delivered,,Web
BB005564,C0328,PET0407,2025-12-08,P02,4.0,13.0,52.0,Delivered,5,Web
BB005565,C0328,PET0407,2025-12-15,P02,5.0,13.0,65.0,Delivered,,Pickup
BB005566,C0328,PET0407,2025-12-28,P02,7.0,13.0,91.0,Delivered,,Pickup
BB005567,C0328,PET0407,2026-01-10,P08,4.0,15.5,62.0,Delivered,,Web
BB005568,C0328,PET0407,2026-01-22,P07,4.0,13.5,54.0,Delivered,5,Web
BB005569,C0328,PET0407,2026-02-03,P09,5.0,12.5,62.5,Delivered,5,Web
BB005570,C0328,PET0407,2026-02-16,P12,7.0,12.5,87.5,Delivered,,Pickup
BB005571,C0328,PET0407,2026-02-24,P02,4.0,13.0,52.0,Delivered,5,Web
BB005572,C0328,PET0407,2026-03-07,P02,5.0,13.0,65.0,Delivered,4,Web
BB005573,C0328,PET0407,2026-03-14,P12,4.0,12.5,50.0,Delivered,5,Web
BB005574,C0328,PET0407,2026-03-25,P02,6.0,13.0,78.0,Delivered,,Web
BB005575,C0328,PET0407,2026-04-06,P02,3.0,13.0,39.0,Delivered,,Web
BB005576,C0328,PET0407,2026-04-20,P01,4.0,14.5,58.0,Delivered,,Web
BB005577,C0329,PET0408,2025-09-12,P06,6.0,14.5,87.0,Delivered,,Web
BB005578,C0329,PET0408,2025-09-23,P02,4.0,13.0,52.0,Delivered,5,Re-order Email
BB005579,C0329,PET0408,2025-10-05,P03,4.0,13.5,54.0,Delivered,,Web
BB005580,C0329,PET0408,2025-10-15,P02,7.0,13.0,91.0,Delivered,4,Web
BB005581,C0329,PET0408,2025-10-26,P02,3.0,13.0,39.0,Delivered,,Pickup
BB005582,C0329,PET0408,2025-11-03,P02,3.0,13.0,39.0,Delivered,,Re-order Email
BB005583,C0329,PET0408,2025-11-14,P02,5.0,13.0,65.0,Delivered,,Web
BB005584,C0329,PET0408,2025-11-21,P12,7.0,12.5,87.5,Delivered,,Web
BB005585,C0329,PET0408,2025-11-28,P02,4.0,13.0,52.0,Delivered,,Re-order Email
BB005586,C0329,PET0408,2025-12-06,P02,5.0,13.0,65.0,Delivered,5,Re-order Email
BB005587,C0329,PET0408,2025-12-15,P01,4.0,14.5,58.0,Delivered,5,Pickup
BB005588,C0329,PET0408,2025-12-27,P02,7.0,13.0,91.0,Delivered,,Web
BB005589,C0329,PET0408,2026-01-08,P02,5.0,13.0,65.0,Delivered,4,Web
BB005590,C0329,PET0408,2026-01-21,P03,7.0,13.5,94.5,Delivered,5,Web
BB005591,C0329,PET0408,2026-01-31,P02,5.0,13.0,65.0,Delivered,,Web
BB005592,C0329,PET0408,2026-02-08,P02,5.0,13.0,65.0,Delivered,5,Web
BB005593,C0329,PET0408,2026-02-21,P03,4.0,13.5,54.0,Delivered,,Web
BB005594,C0329,PET0408,2026-03-02,P02,7.0,13.0,91.0,Delivered,,Web
BB005595,C0329,PET0408,2026-03-10,P02,4.0,13.0,52.0,Delivered,,Re-order Email
BB005596,C0329,PET0408,2026-03-22,P02,5.0,13.0,65.0,Delivered,5,Web
BB005597,C0329,PET0408,2026-04-03,P02,5.0,13.0,65.0,Delivered,,Web
BB005598,C0329,PET0408,2026-04-14,P10,7.0,13.0,91.0,Delivered,,Web
BB005599,C0329,PET0408,2026-04-26,P02,3.0,13.0,39.0,Delivered,5,Re-order Email
BB005600,C0330,PET0409,2026-01-24,P10,5.0,13.0,65.0,Delivered,,Web
BB005601,C0330,PET0409,2026-02-03,P10,5.0,13.0,65.0,Delivered,,Web
BB005602,C0330,PET0409,2026-02-16,P10,5.0,13.0,65.0,Delivered,5,Web
BB005603,C0330,PET0409,2026-03-01,P10,4.0,13.0,52.0,Delivered,,Re-order Email
BB005604,C0330,PET0409,2026-03-12,P06,5.0,14.5,72.5,Delivered,,Web
BB005605,C0330,PET0409,2026-03-22,P10,6.0,13.0,78.0,Delivered,,Re-order Email
BB005606,C0330,PET0409,2026-04-03,P10,4.0,13.0,52.0,Delivered,5,Web
BB005607,C0330,PET0409,2026-04-13,P10,4.0,13.0,52.0,Delivered,,Web
BB005608,C0330,PET0409,2026-04-21,P10,5.0,13.0,65.0,Delivered,5,Web
BB005609,C0331,PET0410,2025-07-23,P08,5.0,15.5,77.5,Delivered,,Re-order Email
BB005610,C0331,PET0410,2025-08-03,P08,3.0,15.5,46.5,Delivered,,Pickup
BB005611,C0331,PET0410,2025-08-10,P08,4.0,15.5,62.0,Delivered,5,Web
BB005612,C0331,PET0410,2025-08-21,P11,3.0,12.0,36.0,Delivered,,Pickup
BB005613,C0331,PET0410,2025-08-31,P08,6.0,15.5,93.0,Delivered,,Web
BB005614,C0331,PET0410,2025-09-12,P11,5.0,12.0,60.0,Delivered,,Re-order Email
BB005615,C0331,PET0410,2025-09-20,P09,4.0,12.5,50.0,Delivered,4,Pickup
BB005616,C0331,PET0410,2025-09-28,P04,3.0,14.0,42.0,Delivered,5,Web
BB005617,C0331,PET0410,2025-10-05,P08,3.0,15.5,46.5,Delivered,5,Re-order Email
BB005618,C0331,PET0410,2025-10-12,P08,7.0,15.5,108.5,Delivered,5,Web
BB005619,C0331,PET0410,2025-10-20,P04,4.0,14.0,56.0,Delivered,5,Web
BB005620,C0331,PET0410,2025-10-27,P12,3.0,12.5,37.5,Delivered,5,Web
BB005621,C0331,PET0410,2025-11-06,P08,3.0,15.5,46.5,Delivered,,Web
BB005622,C0331,PET0410,2025-11-16,P08,5.0,15.5,77.5,Delivered,,Re-order Email
BB005623,C0331,PET0410,2025-11-23,P08,4.0,15.5,62.0,Delivered,5,Web
BB005624,C0331,PET0410,2025-11-30,P08,6.0,15.5,93.0,Delivered,,Web
BB005625,C0331,PET0410,2025-12-08,P08,4.0,15.5,62.0,Delivered,,Pickup
BB005626,C0331,PET0410,2025-12-21,P07,2.0,13.5,27.0,Delivered,,Pickup
BB005627,C0331,PET0410,2026-01-01,P08,3.0,15.5,46.5,Delivered,,Web
BB005628,C0331,PET0410,2026-01-08,P06,3.0,14.5,43.5,Delivered,4,Web
BB005629,C0331,PET0410,2026-01-21,P08,6.0,15.5,93.0,Delivered,,Re-order Email
BB005630,C0331,PET0410,2026-01-31,P08,3.0,15.5,46.5,Delivered,5,Web
BB005631,C0331,PET0410,2026-02-12,P08,3.0,15.5,46.5,Delivered,5,Web
BB005632,C0331,PET0410,2026-02-19,P11,6.0,12.0,72.0,Delivered,5,Web
BB005633,C0331,PET0410,2026-03-03,P08,3.0,15.5,46.5,Delivered,,Web
BB005634,C0331,PET0410,2026-03-10,P08,3.0,15.5,46.5,Delivered,,Web
BB005635,C0331,PET0410,2026-03-20,P12,6.0,12.5,75.0,Delivered,,Pickup
BB005636,C0331,PET0410,2026-03-27,P08,5.0,15.5,77.5,Delivered,,Web
BB005637,C0331,PET0410,2026-04-07,P08,6.0,15.5,93.0,Delivered,5,Web
BB005638,C0331,PET0410,2026-04-19,P08,5.0,15.5,77.5,Delivered,,Web
BB005639,C0331,PET0410,2026-05-01,P08,5.0,15.5,77.5,Delivered,5,Web
BB005640,C0332,PET0411,2025-11-26,P07,3.0,13.5,40.5,Delivered,,Web
BB005641,C0332,PET0411,2025-12-03,P07,3.0,13.5,40.5,Delivered,5,Web
BB005642,C0332,PET0411,2025-12-13,P07,4.0,13.5,54.0,Delivered,,Web
BB005643,C0332,PET0411,2025-12-21,P07,5.0,13.5,67.5,Delivered,,Pickup
BB005644,C0332,PET0411,2026-01-01,P07,6.0,13.5,81.0,Delivered,5,Web
BB005645,C0332,PET0411,2026-01-13,P07,5.0,13.5,67.5,Delivered,,Web
BB005646,C0332,PET0411,2026-01-23,P07,3.0,13.5,40.5,Delivered,,Pickup
BB005647,C0332,PET0411,2026-02-02,P07,6.0,13.5,81.0,Delivered,5,Web
BB005648,C0332,PET0411,2026-02-13,P07,3.0,13.5,40.5,Delivered,,Pickup
BB005649,C0332,PET0411,2026-02-26,P09,4.0,12.5,50.0,Delivered,5,Pickup
BB005650,C0332,PET0411,2026-03-11,P08,4.0,15.5,62.0,Delivered,,Pickup
BB005651,C0332,PET0411,2026-03-20,P07,4.0,13.5,54.0,Delivered,5,Re-order Email
BB005652,C0332,PET0411,2026-03-27,P02,5.0,13.0,65.0,Delivered,5,Re-order Email
BB005653,C0332,PET0411,2026-04-09,P07,4.0,13.5,54.0,Delivered,,Pickup
BB005654,C0332,PET0411,2026-04-18,P12,7.0,12.5,87.5,Delivered,,Re-order Email
BB005655,C0333,PET0412,2025-02-12,P01,5.0,14.5,72.5,Delivered,5,Web
BB005656,C0333,PET0412,2025-02-19,P01,4.0,14.5,58.0,Delivered,,Web
BB005657,C0333,PET0412,2025-02-26,P01,4.0,14.5,58.0,Delivered,5,Pickup
BB005658,C0333,PET0412,2025-03-05,P01,5.0,14.5,72.5,Delivered,5,Pickup
BB005659,C0333,PET0412,2025-03-14,P01,3.0,14.5,43.5,Delivered,,Pickup
BB005660,C0333,PET0412,2025-03-27,P11,4.0,12.0,48.0,Delivered,,Web
BB005661,C0333,PET0412,2025-04-04,P01,5.0,14.5,72.5,Delivered,,Web
BB005662,C0333,PET0412,2025-04-14,P01,5.0,14.5,72.5,Delivered,,Web
BB005663,C0333,PET0412,2025-04-28,P10,6.0,13.0,78.0,Delivered,5,Web
BB005664,C0333,PET0412,2025-05-08,P01,3.0,14.5,43.5,Delivered,5,Web
BB005665,C0333,PET0412,2025-05-21,P01,6.0,14.5,87.0,Delivered,5,Web
BB005666,C0333,PET0412,2025-05-29,P01,4.0,14.5,58.0,Delivered,,Web
BB005667,C0333,PET0412,2025-06-12,P01,5.0,14.5,72.5,Delivered,,Pickup
BB005668,C0333,PET0412,2025-06-19,P08,5.0,15.5,77.5,Delivered,5,Web
BB005669,C0333,PET0412,2025-07-01,P01,4.0,14.5,58.0,Delivered,,Web
BB005670,C0333,PET0412,2025-07-09,P01,5.0,14.5,72.5,Delivered,4,Web
BB005671,C0333,PET0412,2025-07-18,P03,7.0,13.5,94.5,Delivered,5,Re-order Email
BB005672,C0333,PET0412,2025-07-25,P01,6.0,14.5,87.0,Delivered,,Web
BB005673,C0333,PET0412,2025-08-05,P01,7.0,14.5,101.5,Delivered,3,Web
BB005674,C0333,PET0412,2025-08-16,P01,7.0,14.5,101.5,Delivered,5,Pickup
BB005675,C0333,PET0412,2025-08-30,P06,7.0,14.5,101.5,Delivered,,Re-order Email
BB005676,C0333,PET0412,2025-09-10,P01,6.0,14.5,87.0,Delivered,,Re-order Email
BB005677,C0333,PET0412,2025-09-19,P01,3.0,14.5,43.5,Delivered,5,Pickup
BB005678,C0333,PET0412,2025-10-03,P01,5.0,14.5,72.5,Delivered,,Web
BB005679,C0333,PET0412,2025-10-15,P01,6.0,14.5,87.0,Delivered,5,Web
BB005680,C0333,PET0412,2025-10-24,P01,2.0,14.5,29.0,Delivered,4,Web
BB005681,C0333,PET0412,2025-11-07,P01,4.0,14.5,58.0,Delivered,,Web
BB005682,C0333,PET0412,2025-11-18,P01,5.0,14.5,72.5,Delivered,,Web
BB005683,C0333,PET0412,2025-11-27,P07,7.0,13.5,94.5,Delivered,5,Web
BB005684,C0333,PET0412,2025-12-07,P01,5.0,14.5,72.5,Delivered,,Pickup
BB005685,C0333,PET0412,2025-12-17,P10,3.0,13.0,39.0,Delivered,4,Web
BB005686,C0333,PET0412,2025-12-30,P01,4.0,14.5,58.0,Delivered,,Web
BB005687,C0333,PET0412,2026-01-08,P01,6.0,14.5,87.0,Delivered,,Web
BB005688,C0333,PET0412,2026-01-18,P01,4.0,14.5,58.0,Delivered,,Web
BB005689,C0333,PET0412,2026-01-26,P01,3.0,14.5,43.5,Delivered,,Web
BB005690,C0333,PET0412,2026-02-04,P01,5.0,14.5,72.5,Delivered,4,Pickup
BB005691,C0333,PET0412,2026-02-17,P01,4.0,14.5,58.0,Delivered,,Web
BB005692,C0333,PET0412,2026-03-01,P01,5.0,14.5,72.5,Delivered,,Web
BB005693,C0333,PET0412,2026-03-15,P01,6.0,14.5,87.0,Delivered,4,Web
BB005694,C0333,PET0412,2026-03-24,P01,6.0,14.5,87.0,Delivered,,Re-order Email
BB005695,C0333,PET0412,2026-04-07,P01,4.0,14.5,58.0,Delivered,,Web
BB005696,C0333,PET0412,2026-04-21,P10,6.0,13.0,78.0,Delivered,,Web
BB005697,C0334,PET0413,2026-01-21,P08,5.0,15.5,77.5,Delivered,,Web
BB005698,C0334,PET0413,2026-02-03,P08,7.0,15.5,108.5,Delivered,,Web
BB005699,C0334,PET0413,2026-02-15,P08,4.0,15.5,62.0,Delivered,,Web
BB005700,C0334,PET0413,2026-02-26,P08,2.0,15.5,31.0,Delivered,,Re-order Email
BB005701,C0334,PET0413,2026-03-08,P02,5.0,13.0,65.0,Delivered,,Web
BB005702,C0334,PET0413,2026-03-22,P08,6.0,15.5,93.0,Delivered,,Web
BB005703,C0334,PET0413,2026-04-01,P07,4.0,13.5,54.0,Delivered,5,Web
BB005704,C0334,PET0413,2026-04-13,P08,5.0,15.5,77.5,Delivered,5,Pickup
BB005705,C0334,PET0413,2026-04-24,P08,6.0,15.5,93.0,Delivered,,Pickup
BB005706,C0335,PET0414,2025-05-01,P01,6.0,14.5,87.0,Delivered,,Re-order Email
BB005707,C0335,PET0414,2025-05-10,P06,6.0,14.5,87.0,Delivered,5,Pickup
BB005708,C0335,PET0414,2025-05-22,P01,5.0,14.5,72.5,Delivered,,Web
BB005709,C0335,PET0414,2025-06-02,P01,5.0,14.5,72.5,Delivered,4,Re-order Email
BB005710,C0335,PET0414,2025-06-13,P01,6.0,14.5,87.0,Delivered,,Web
BB005711,C0335,PET0414,2025-06-22,P09,3.0,12.5,37.5,Delivered,,Web
BB005712,C0335,PET0414,2025-07-04,P12,6.0,12.5,75.0,Delivered,,Re-order Email
BB005713,C0335,PET0414,2025-07-14,P01,3.0,14.5,43.5,Delivered,,Re-order Email
BB005714,C0335,PET0414,2025-07-26,P01,7.0,14.5,101.5,Delivered,,Web
BB005715,C0335,PET0414,2025-08-07,P01,6.0,14.5,87.0,Delivered,,Pickup
BB005716,C0335,PET0414,2025-08-14,P09,6.0,12.5,75.0,Delivered,5,Web
BB005717,C0335,PET0414,2025-08-26,P01,7.0,14.5,101.5,Delivered,5,Re-order Email
BB005718,C0335,PET0414,2025-09-07,P08,3.0,15.5,46.5,Delivered,,Re-order Email
BB005719,C0335,PET0414,2025-09-19,P01,5.0,14.5,72.5,Delivered,,Web
BB005720,C0335,PET0414,2025-09-26,P01,3.0,14.5,43.5,Delivered,,Re-order Email
BB005721,C0335,PET0414,2025-10-09,P09,5.0,12.5,62.5,Delivered,,Web
BB005722,C0335,PET0414,2025-10-19,P01,6.0,14.5,87.0,Delivered,4,Pickup
BB005723,C0335,PET0414,2025-11-02,P09,5.0,12.5,62.5,Delivered,,Web
BB005724,C0335,PET0414,2025-11-14,P01,7.0,14.5,101.5,Delivered,,Web
BB005725,C0335,PET0414,2025-11-23,P01,4.0,14.5,58.0,Delivered,,Pickup
BB005726,C0335,PET0414,2025-12-01,P01,4.0,14.5,58.0,Delivered,,Re-order Email
BB005727,C0335,PET0414,2025-12-08,P01,6.0,14.5,87.0,Delivered,4,Pickup
BB005728,C0335,PET0414,2025-12-21,P01,5.0,14.5,72.5,Delivered,,Re-order Email
BB005729,C0335,PET0414,2026-01-02,P09,6.0,12.5,75.0,Delivered,5,Web
BB005730,C0335,PET0414,2026-01-11,P01,2.0,14.5,29.0,Delivered,,Web
BB005731,C0335,PET0414,2026-01-18,P01,5.0,14.5,72.5,Delivered,,Web
BB005732,C0335,PET0414,2026-01-30,P09,7.0,12.5,87.5,Delivered,,Web
BB005733,C0335,PET0414,2026-02-07,P11,4.0,12.0,48.0,Delivered,,Re-order Email
BB005734,C0335,PET0414,2026-02-14,P01,6.0,14.5,87.0,Delivered,,Re-order Email
BB005735,C0335,PET0414,2026-02-24,P01,7.0,14.5,101.5,Delivered,5,Pickup
BB005736,C0335,PET0414,2026-03-04,P06,3.0,14.5,43.5,Delivered,,Re-order Email
BB005737,C0335,PET0414,2026-03-18,P03,3.0,13.5,40.5,Delivered,,Web
BB005738,C0335,PET0414,2026-04-01,P01,7.0,14.5,101.5,Delivered,5,Web
BB005739,C0335,PET0414,2026-04-15,P01,5.0,14.5,72.5,Delivered,,Re-order Email
BB005740,C0335,PET0414,2026-04-25,P01,4.0,14.5,58.0,Delivered,5,Re-order Email
BB005741,C0336,PET0415,2025-10-25,P03,3.0,13.5,40.5,Delivered,,Pickup
BB005742,C0336,PET0415,2025-11-05,P09,7.0,12.5,87.5,Delivered,,Re-order Email
BB005743,C0336,PET0415,2025-11-16,P09,5.0,12.5,62.5,Delivered,,Web
BB005744,C0336,PET0415,2025-11-29,P04,5.0,14.0,70.0,Delivered,,Re-order Email
BB005745,C0336,PET0415,2025-12-13,P10,3.0,13.0,39.0,Delivered,,Web
BB005746,C0336,PET0415,2025-12-27,P09,7.0,12.5,87.5,Delivered,,Web
BB005747,C0336,PET0415,2026-01-03,P09,5.0,12.5,62.5,Delivered,,Web
BB005748,C0336,PET0415,2026-01-14,P09,4.0,12.5,50.0,Delivered,,Pickup
BB005749,C0336,PET0415,2026-01-27,P09,6.0,12.5,75.0,Delivered,5,Web
BB005750,C0336,PET0415,2026-02-06,P08,6.0,15.5,93.0,Delivered,,Web
BB005751,C0336,PET0415,2026-02-17,P09,5.0,12.5,62.5,Delivered,4,Web
BB005752,C0336,PET0415,2026-03-01,P09,5.0,12.5,62.5,Delivered,,Web
BB005753,C0336,PET0415,2026-03-14,P09,7.0,12.5,87.5,Delivered,,Web
BB005754,C0336,PET0415,2026-03-25,P09,5.0,12.5,62.5,Delivered,,Web
BB005755,C0336,PET0415,2026-04-07,P07,6.0,13.5,81.0,Delivered,,Web
BB005756,C0336,PET0415,2026-04-15,P09,4.0,12.5,50.0,Delivered,,Web
BB005757,C0336,PET0415,2026-04-22,P08,4.0,15.5,62.0,Delivered,4,Web
BB005758,C0336,PET0415,2026-04-29,P09,4.0,12.5,50.0,Delivered,5,Web
BB005759,C0336,PET0416,2025-10-26,P03,2.0,13.5,27.0,Delivered,,Re-order Email
BB005760,C0336,PET0416,2025-11-08,P07,5.0,13.5,67.5,Delivered,4,Pickup
BB005761,C0336,PET0416,2025-11-16,P03,5.0,13.5,67.5,Delivered,,Pickup
BB005762,C0336,PET0416,2025-11-25,P03,4.0,13.5,54.0,Delivered,4,Web
BB005763,C0336,PET0416,2025-12-06,P03,6.0,13.5,81.0,Delivered,,Re-order Email
BB005764,C0336,PET0416,2025-12-13,P03,3.0,13.5,40.5,Delivered,5,Web
BB005765,C0336,PET0416,2025-12-22,P01,5.0,14.5,72.5,Delivered,,Web
BB005766,C0336,PET0416,2025-12-31,P02,3.0,13.0,39.0,Delivered,,Web
BB005767,C0336,PET0416,2026-01-07,P03,3.0,13.5,40.5,Delivered,,Web
BB005768,C0336,PET0416,2026-01-15,P03,4.0,13.5,54.0,Delivered,5,Re-order Email
BB005769,C0336,PET0416,2026-01-27,P01,3.0,14.5,43.5,Delivered,,Web
BB005770,C0336,PET0416,2026-02-08,P03,5.0,13.5,67.5,Delivered,5,Web
BB005771,C0336,PET0416,2026-02-20,P03,5.0,13.5,67.5,Delivered,,Web
BB005772,C0336,PET0416,2026-03-04,P03,5.0,13.5,67.5,Delivered,,Pickup
BB005773,C0336,PET0416,2026-03-12,P03,2.0,13.5,27.0,Delivered,,Pickup
BB005774,C0336,PET0416,2026-03-21,P03,7.0,13.5,94.5,Delivered,5,Web
BB005775,C0336,PET0416,2026-04-02,P03,6.0,13.5,81.0,Delivered,,Re-order Email
BB005776,C0336,PET0416,2026-04-15,P03,4.0,13.5,54.0,Delivered,,Web
BB005777,C0336,PET0416,2026-04-26,P03,7.0,13.5,94.5,Delivered,,Web
BB005778,C0336,PET0417,2025-10-24,P10,5.0,13.0,65.0,Delivered,5,Re-order Email
BB005779,C0336,PET0417,2025-11-02,P10,7.0,13.0,91.0,Delivered,,Web
BB005780,C0336,PET0417,2025-11-12,P10,4.0,13.0,52.0,Delivered,5,Pickup
BB005781,C0336,PET0417,2025-11-19,P09,5.0,12.5,62.5,Delivered,,Web
BB005782,C0336,PET0417,2025-11-30,P10,5.0,13.0,65.0,Delivered,,Re-order Email
BB005783,C0336,PET0417,2025-12-10,P10,6.0,13.0,78.0,Delivered,,Web
BB005784,C0336,PET0417,2025-12-18,P03,4.0,13.5,54.0,Delivered,,Web
BB005785,C0336,PET0417,2025-12-25,P10,4.0,13.0,52.0,Delivered,4,Pickup
BB005786,C0336,PET0417,2026-01-02,P10,4.0,13.0,52.0,Delivered,,Pickup
BB005787,C0336,PET0417,2026-01-15,P10,5.0,13.0,65.0,Delivered,,Re-order Email
BB005788,C0336,PET0417,2026-01-25,P10,3.0,13.0,39.0,Delivered,,Web
BB005789,C0336,PET0417,2026-02-05,P10,6.0,13.0,78.0,Delivered,3,Web
BB005790,C0336,PET0417,2026-02-14,P10,5.0,13.0,65.0,Delivered,5,Web
BB005791,C0336,PET0417,2026-02-26,P10,3.0,13.0,39.0,Delivered,,Pickup
BB005792,C0336,PET0417,2026-03-10,P02,2.0,13.0,26.0,Delivered,,Web
BB005793,C0336,PET0417,2026-03-19,P10,4.0,13.0,52.0,Delivered,,Web
BB005794,C0337,PET0418,2026-04-28,P12,3.0,12.5,37.5,Delivered,,Web
BB005795,C0338,PET0419,2024-11-13,P08,6.0,15.5,93.0,Delivered,5,Web
BB005796,C0338,PET0419,2024-11-25,P08,3.0,15.5,46.5,Delivered,,Pickup
BB005797,C0338,PET0419,2024-12-05,P08,5.0,15.5,77.5,Delivered,,Web
BB005798,C0338,PET0419,2024-12-17,P08,3.0,15.5,46.5,Delivered,,Web
BB005799,C0338,PET0419,2024-12-30,P08,5.0,15.5,77.5,Delivered,,Web
BB005800,C0338,PET0419,2025-01-08,P08,5.0,15.5,77.5,Delivered,,Web
BB005801,C0338,PET0419,2025-01-21,P08,6.0,15.5,93.0,Delivered,4,Web
BB005802,C0338,PET0419,2025-01-29,P09,3.0,12.5,37.5,Delivered,4,Web
BB005803,C0338,PET0419,2025-02-08,P11,7.0,12.0,84.0,Delivered,3,Re-order Email
BB005804,C0338,PET0419,2025-02-17,P08,4.0,15.5,62.0,Delivered,4,Web
BB005805,C0338,PET0419,2025-02-26,P08,5.0,15.5,77.5,Delivered,,Web
BB005806,C0338,PET0419,2025-03-07,P08,6.0,15.5,93.0,Delivered,5,Pickup
BB005807,C0338,PET0419,2025-03-20,P11,4.0,12.0,48.0,Delivered,,Web
BB005808,C0338,PET0419,2025-03-28,P08,4.0,15.5,62.0,Delivered,5,Web
BB005809,C0338,PET0419,2025-04-08,P08,7.0,15.5,108.5,Delivered,4,Pickup
BB005810,C0338,PET0419,2025-04-19,P08,4.0,15.5,62.0,Delivered,,Web
BB005811,C0338,PET0419,2025-04-29,P08,3.0,15.5,46.5,Delivered,5,Re-order Email
BB005812,C0338,PET0419,2025-05-12,P08,3.0,15.5,46.5,Delivered,5,Pickup
BB005813,C0338,PET0419,2025-05-23,P03,2.0,13.5,27.0,Delivered,4,Pickup
BB005814,C0338,PET0419,2025-05-30,P08,4.0,15.5,62.0,Delivered,,Re-order Email
BB005815,C0338,PET0419,2025-06-11,P08,3.0,15.5,46.5,Delivered,4,Web
BB005816,C0338,PET0419,2025-06-21,P08,5.0,15.5,77.5,Delivered,5,Web
BB005817,C0338,PET0419,2025-07-01,P08,6.0,15.5,93.0,Delivered,,Web
BB005818,C0338,PET0419,2025-07-10,P08,3.0,15.5,46.5,Delivered,5,Web
BB005819,C0338,PET0419,2025-07-22,P08,6.0,15.5,93.0,Delivered,,Web
BB005820,C0338,PET0419,2025-07-29,P09,4.0,12.5,50.0,Delivered,,Re-order Email
BB005821,C0338,PET0419,2025-08-09,P08,3.0,15.5,46.5,Delivered,,Pickup
BB005822,C0338,PET0419,2025-08-19,P10,5.0,13.0,65.0,Delivered,,Web
BB005823,C0338,PET0419,2025-09-01,P08,5.0,15.5,77.5,Delivered,4,Web
BB005824,C0338,PET0419,2025-09-14,P08,5.0,15.5,77.5,Delivered,,Web
BB005825,C0338,PET0419,2025-09-26,P08,6.0,15.5,93.0,Delivered,,Web
BB005826,C0338,PET0419,2025-10-09,P08,4.0,15.5,62.0,Delivered,,Web
BB005827,C0338,PET0419,2025-10-16,P08,5.0,15.5,77.5,Delivered,4,Web
BB005828,C0338,PET0419,2025-10-24,P08,5.0,15.5,77.5,Delivered,,Web
BB005829,C0338,PET0419,2025-11-01,P10,5.0,13.0,65.0,Delivered,,Web
BB005830,C0338,PET0419,2025-11-14,P09,7.0,12.5,87.5,Delivered,,Re-order Email
BB005831,C0338,PET0419,2025-11-23,P08,6.0,15.5,93.0,Delivered,,Web
BB005832,C0338,PET0419,2025-11-30,P07,6.0,13.5,81.0,Delivered,,Web
BB005833,C0338,PET0419,2025-12-10,P04,6.0,14.0,84.0,Delivered,4,Pickup
BB005834,C0338,PET0419,2025-12-18,P08,4.0,15.5,62.0,Delivered,,Web
BB005835,C0338,PET0419,2025-12-30,P03,3.0,13.5,40.5,Delivered,,Web
BB005836,C0338,PET0419,2026-01-07,P08,6.0,15.5,93.0,Delivered,5,Web
BB005837,C0338,PET0419,2026-01-19,P08,5.0,15.5,77.5,Delivered,,Web
BB005838,C0338,PET0419,2026-01-30,P11,5.0,12.0,60.0,Delivered,,Web
BB005839,C0338,PET0419,2026-02-10,P01,5.0,14.5,72.5,Delivered,,Pickup
BB005840,C0338,PET0419,2026-02-17,P08,6.0,15.5,93.0,Delivered,,Web
BB005841,C0338,PET0419,2026-03-02,P08,5.0,15.5,77.5,Delivered,,Web
BB005842,C0338,PET0419,2026-03-13,P08,3.0,15.5,46.5,Delivered,5,Web
BB005843,C0338,PET0419,2026-03-20,P08,4.0,15.5,62.0,Delivered,4,Web
BB005844,C0339,PET0420,2025-09-30,P12,6.0,12.5,75.0,Delivered,5,Web
BB005845,C0339,PET0420,2025-10-08,P10,4.0,13.0,52.0,Delivered,,Pickup
BB005846,C0339,PET0420,2025-10-17,P12,3.0,12.5,37.5,Delivered,5,Web
BB005847,C0339,PET0420,2025-10-26,P12,4.0,12.5,50.0,Delivered,4,Web
BB005848,C0339,PET0420,2025-11-02,P12,4.0,12.5,50.0,Delivered,,Web
BB005849,C0339,PET0420,2025-11-16,P12,3.0,12.5,37.5,Delivered,,Web
BB005850,C0339,PET0420,2025-11-24,P12,4.0,12.5,50.0,Delivered,,Web
BB005851,C0339,PET0420,2025-12-02,P06,4.0,14.5,58.0,Delivered,5,Web
BB005852,C0339,PET0420,2025-12-12,P12,5.0,12.5,62.5,Delivered,5,Web
BB005853,C0339,PET0420,2025-12-25,P12,4.0,12.5,50.0,Delivered,5,Web
BB005854,C0339,PET0420,2026-01-01,P11,5.0,12.0,60.0,Delivered,,Web
BB005855,C0339,PET0420,2026-01-09,P12,7.0,12.5,87.5,Delivered,5,Web
BB005856,C0339,PET0420,2026-01-20,P12,6.0,12.5,75.0,Delivered,,Pickup
BB005857,C0339,PET0420,2026-01-29,P07,5.0,13.5,67.5,Delivered,,Pickup
BB005858,C0339,PET0420,2026-02-11,P12,7.0,12.5,87.5,Delivered,,Web
BB005859,C0339,PET0420,2026-02-20,P12,4.0,12.5,50.0,Delivered,5,Re-order Email
BB005860,C0339,PET0420,2026-03-02,P12,4.0,12.5,50.0,Delivered,,Re-order Email
BB005861,C0339,PET0420,2026-03-13,P12,6.0,12.5,75.0,Delivered,,Re-order Email
BB005862,C0339,PET0420,2026-03-26,P09,5.0,12.5,62.5,Delivered,,Re-order Email
BB005863,C0339,PET0420,2026-04-05,P12,4.0,12.5,50.0,Delivered,,Web
BB005864,C0339,PET0420,2026-04-16,P11,5.0,12.0,60.0,Delivered,5,Re-order Email
BB005865,C0339,PET0420,2026-04-23,P12,5.0,12.5,62.5,Delivered,,Web
BB005866,C0340,PET0421,2025-12-05,P07,7.0,13.5,94.5,Delivered,,Re-order Email
BB005867,C0340,PET0421,2025-12-16,P07,6.0,13.5,81.0,Delivered,,Web
BB005868,C0340,PET0421,2025-12-25,P01,6.0,14.5,87.0,Delivered,,Re-order Email
BB005869,C0340,PET0421,2026-01-04,P01,4.0,14.5,58.0,Delivered,5,Web
BB005870,C0340,PET0421,2026-01-13,P11,7.0,12.0,84.0,Delivered,,Pickup
BB005871,C0340,PET0421,2026-01-25,P07,6.0,13.5,81.0,Delivered,,Web
BB005872,C0340,PET0421,2026-02-02,P07,4.0,13.5,54.0,Delivered,,Web
BB005873,C0340,PET0421,2026-02-12,P07,4.0,13.5,54.0,Delivered,,Re-order Email
BB005874,C0340,PET0421,2026-02-19,P09,5.0,12.5,62.5,Delivered,5,Web
BB005875,C0340,PET0421,2026-02-27,P07,4.0,13.5,54.0,Delivered,4,Web
BB005876,C0340,PET0421,2026-03-08,P07,5.0,13.5,67.5,Delivered,,Web
BB005877,C0340,PET0421,2026-03-20,P07,7.0,13.5,94.5,Delivered,5,Web
BB005878,C0340,PET0421,2026-04-01,P07,2.0,13.5,27.0,Delivered,5,Web
BB005879,C0340,PET0421,2026-04-13,P07,6.0,13.5,81.0,Delivered,,Web
BB005880,C0342,PET0423,2024-11-10,P12,4.0,12.5,50.0,Delivered,,Web
BB005881,C0342,PET0423,2024-11-19,P12,4.0,12.5,50.0,Delivered,5,Web
BB005882,C0342,PET0423,2024-12-01,P03,5.0,13.5,67.5,Delivered,4,Re-order Email
BB005883,C0342,PET0423,2024-12-11,P12,3.0,12.5,37.5,Delivered,,Pickup
BB005884,C0342,PET0423,2024-12-20,P12,5.0,12.5,62.5,Delivered,4,Web
BB005885,C0342,PET0423,2024-12-28,P07,5.0,13.5,67.5,Delivered,,Web
BB005886,C0342,PET0423,2025-01-06,P12,4.0,12.5,50.0,Delivered,,Web
BB005887,C0342,PET0423,2025-01-20,P09,3.0,12.5,37.5,Delivered,,Web
BB005888,C0342,PET0423,2025-02-01,P12,6.0,12.5,75.0,Delivered,5,Web
BB005889,C0342,PET0423,2025-02-14,P12,7.0,12.5,87.5,Delivered,4,Web
BB005890,C0342,PET0423,2025-02-26,P12,7.0,12.5,87.5,Delivered,5,Web
BB005891,C0342,PET0423,2025-03-12,P12,5.0,12.5,62.5,Delivered,,Web
BB005892,C0342,PET0423,2025-03-21,P03,3.0,13.5,40.5,Delivered,5,Pickup
BB005893,C0342,PET0423,2025-03-29,P03,5.0,13.5,67.5,Delivered,,Web
BB005894,C0342,PET0423,2025-04-08,P12,6.0,12.5,75.0,Delivered,,Re-order Email
BB005895,C0342,PET0423,2025-04-19,P12,3.0,12.5,37.5,Delivered,,Web
BB005896,C0342,PET0423,2025-05-03,P08,5.0,15.5,77.5,Delivered,,Re-order Email
BB005897,C0342,PET0423,2025-05-14,P12,7.0,12.5,87.5,Delivered,5,Re-order Email
BB005898,C0342,PET0423,2025-05-21,P12,4.0,12.5,50.0,Delivered,,Re-order Email
BB005899,C0342,PET0423,2025-05-30,P03,4.0,13.5,54.0,Delivered,5,Web
BB005900,C0342,PET0423,2025-06-09,P12,3.0,12.5,37.5,Delivered,5,Web
BB005901,C0342,PET0423,2025-06-22,P12,4.0,12.5,50.0,Delivered,,Pickup
BB005902,C0342,PET0423,2025-06-30,P12,7.0,12.5,87.5,Delivered,,Web
BB005903,C0342,PET0423,2025-07-09,P09,4.0,12.5,50.0,Delivered,,Web
BB005904,C0342,PET0423,2025-07-22,P12,5.0,12.5,62.5,Delivered,,Web
BB005905,C0342,PET0423,2025-07-31,P12,4.0,12.5,50.0,Delivered,5,Web
BB005906,C0342,PET0423,2025-08-10,P12,2.0,12.5,25.0,Delivered,5,Re-order Email
BB005907,C0342,PET0423,2025-08-21,P12,6.0,12.5,75.0,Delivered,,Web
BB005908,C0342,PET0423,2025-09-03,P01,5.0,14.5,72.5,Delivered,,Web
BB005909,C0342,PET0423,2025-09-10,P12,7.0,12.5,87.5,Delivered,5,Web
BB005910,C0342,PET0423,2025-09-18,P12,4.0,12.5,50.0,Delivered,,Web
BB005911,C0342,PET0423,2025-10-02,P12,5.0,12.5,62.5,Delivered,,Web
BB005912,C0342,PET0423,2025-10-14,P12,5.0,12.5,62.5,Delivered,5,Web
BB005913,C0342,PET0423,2025-10-21,P10,5.0,13.0,65.0,Delivered,5,Pickup
BB005914,C0342,PET0423,2025-10-30,P12,3.0,12.5,37.5,Delivered,5,Web
BB005915,C0342,PET0423,2025-11-12,P01,5.0,14.5,72.5,Delivered,,Web
BB005916,C0342,PET0423,2025-11-20,P12,7.0,12.5,87.5,Delivered,,Web
BB005917,C0342,PET0423,2025-12-03,P12,5.0,12.5,62.5,Delivered,,Re-order Email
BB005918,C0342,PET0423,2025-12-17,P12,4.0,12.5,50.0,Delivered,,Re-order Email
BB005919,C0342,PET0423,2025-12-25,P12,7.0,12.5,87.5,Delivered,5,Web
BB005920,C0342,PET0423,2026-01-05,P12,2.0,12.5,25.0,Delivered,5,Web
BB005921,C0342,PET0423,2026-01-16,P12,4.0,12.5,50.0,Delivered,,Web
BB005922,C0342,PET0423,2026-01-23,P12,4.0,12.5,50.0,Delivered,,Web
BB005923,C0342,PET0423,2026-02-06,P12,5.0,12.5,62.5,Delivered,,Web
BB005924,C0342,PET0423,2026-02-20,P12,7.0,12.5,87.5,Delivered,4,Re-order Email
BB005925,C0342,PET0423,2026-03-05,P12,4.0,12.5,50.0,Delivered,,Web
BB005926,C0342,PET0423,2026-03-15,P12,6.0,12.5,75.0,Delivered,,Web
BB005927,C0342,PET0423,2026-03-27,P10,3.0,13.0,39.0,Delivered,,Web
BB005928,C0342,PET0423,2026-04-07,P12,5.0,12.5,62.5,Delivered,,Re-order Email
BB005929,C0342,PET0423,2026-04-17,P11,5.0,12.0,60.0,Delivered,5,Web
BB005930,C0342,PET0423,2026-04-25,P12,5.0,12.5,62.5,Delivered,,Web
BB005931,C0343,PET0424,2025-05-15,P06,7.0,14.5,101.5,Delivered,5,Web
BB005932,C0343,PET0424,2025-05-26,P07,4.0,13.5,54.0,Delivered,5,Web
BB005933,C0343,PET0424,2025-06-05,P06,7.0,14.5,101.5,Delivered,,Web
BB005934,C0343,PET0424,2025-06-16,P03,5.0,13.5,67.5,Delivered,,Web
BB005935,C0343,PET0424,2025-06-29,P07,6.0,13.5,81.0,Delivered,,Re-order Email
BB005936,C0343,PET0424,2025-07-06,P07,4.0,13.5,54.0,Delivered,,Web
BB005937,C0343,PET0424,2025-07-17,P07,3.0,13.5,40.5,Delivered,,Re-order Email
BB005938,C0343,PET0424,2025-07-26,P07,3.0,13.5,40.5,Delivered,5,Pickup
BB005939,C0343,PET0424,2025-08-06,P07,5.0,13.5,67.5,Delivered,5,Re-order Email
BB005940,C0343,PET0424,2025-08-20,P01,3.0,14.5,43.5,Delivered,,Web
BB005941,C0343,PET0424,2025-09-03,P07,4.0,13.5,54.0,Delivered,,Web
BB005942,C0343,PET0424,2025-09-11,P07,6.0,13.5,81.0,Delivered,,Web
BB005943,C0343,PET0424,2025-09-19,P07,7.0,13.5,94.5,Delivered,,Web
BB005944,C0343,PET0424,2025-10-03,P06,5.0,14.5,72.5,Delivered,,Web
BB005945,C0343,PET0424,2025-10-12,P07,4.0,13.5,54.0,Delivered,,Web
BB005946,C0343,PET0424,2025-10-20,P07,4.0,13.5,54.0,Delivered,4,Pickup
BB005947,C0343,PET0424,2025-11-02,P07,4.0,13.5,54.0,Delivered,4,Re-order Email
BB005948,C0343,PET0424,2025-11-10,P06,6.0,14.5,87.0,Delivered,,Web
BB005949,C0343,PET0424,2025-11-21,P07,5.0,13.5,67.5,Delivered,,Re-order Email
BB005950,C0343,PET0424,2025-12-05,P07,4.0,13.5,54.0,Delivered,5,Web
BB005951,C0343,PET0424,2025-12-13,P07,7.0,13.5,94.5,Delivered,,Web
BB005952,C0343,PET0424,2025-12-24,P07,6.0,13.5,81.0,Delivered,,Pickup
BB005953,C0343,PET0424,2026-01-05,P07,6.0,13.5,81.0,Delivered,,Re-order Email
BB005954,C0343,PET0424,2026-01-17,P07,4.0,13.5,54.0,Delivered,5,Web
BB005955,C0343,PET0424,2026-01-30,P07,3.0,13.5,40.5,Delivered,,Re-order Email
BB005956,C0343,PET0424,2026-02-10,P01,5.0,14.5,72.5,Delivered,,Web
BB005957,C0343,PET0424,2026-02-18,P09,4.0,12.5,50.0,Delivered,,Web
BB005958,C0343,PET0424,2026-03-04,P07,4.0,13.5,54.0,Delivered,5,Web
BB005959,C0343,PET0424,2026-03-12,P07,6.0,13.5,81.0,Delivered,,Re-order Email
BB005960,C0343,PET0424,2026-03-23,P07,6.0,13.5,81.0,Delivered,,Web
BB005961,C0343,PET0424,2026-03-30,P07,3.0,13.5,40.5,Delivered,5,Web
BB005962,C0343,PET0424,2026-04-11,P07,2.0,13.5,27.0,Delivered,5,Web
BB005963,C0343,PET0424,2026-04-25,P07,4.0,13.5,54.0,Delivered,,Re-order Email
BB005964,C0344,PET0425,2025-06-23,P03,4.0,13.5,54.0,Delivered,,Web
BB005965,C0344,PET0425,2025-07-03,P11,4.0,12.0,48.0,Delivered,,Web
BB005966,C0344,PET0425,2025-07-15,P11,4.0,12.0,48.0,Delivered,,Web
BB005967,C0344,PET0425,2025-07-26,P11,6.0,12.0,72.0,Delivered,4,Pickup
BB005968,C0344,PET0425,2025-08-02,P11,6.0,12.0,72.0,Delivered,,Web
BB005969,C0344,PET0425,2025-08-13,P11,6.0,12.0,72.0,Delivered,,Web
BB005970,C0344,PET0425,2025-08-27,P11,4.0,12.0,48.0,Delivered,,Web
BB005971,C0344,PET0425,2025-09-06,P11,6.0,12.0,72.0,Delivered,,Web
BB005972,C0344,PET0425,2025-09-15,P01,6.0,14.5,87.0,Delivered,,Web
BB005973,C0344,PET0425,2025-09-26,P11,7.0,12.0,84.0,Delivered,5,Web
BB005974,C0344,PET0425,2025-10-08,P11,4.0,12.0,48.0,Delivered,,Web
BB005975,C0344,PET0425,2025-10-20,P11,5.0,12.0,60.0,Delivered,4,Re-order Email
BB005976,C0344,PET0425,2025-10-30,P11,5.0,12.0,60.0,Delivered,,Web
BB005977,C0344,PET0425,2025-11-10,P12,3.0,12.5,37.5,Delivered,,Web
BB005978,C0344,PET0425,2025-11-21,P06,5.0,14.5,72.5,Delivered,,Web
BB005979,C0344,PET0425,2025-11-30,P11,7.0,12.0,84.0,Delivered,5,Web
BB005980,C0344,PET0425,2025-12-07,P11,5.0,12.0,60.0,Delivered,5,Re-order Email
BB005981,C0344,PET0425,2025-12-16,P11,5.0,12.0,60.0,Delivered,4,Web
BB005982,C0344,PET0425,2025-12-29,P11,6.0,12.0,72.0,Delivered,,Pickup
BB005983,C0344,PET0425,2026-01-05,P11,6.0,12.0,72.0,Delivered,,Web
BB005984,C0344,PET0425,2026-01-12,P11,2.0,12.0,24.0,Delivered,5,Web
BB005985,C0344,PET0425,2026-01-26,P11,4.0,12.0,48.0,Delivered,,Re-order Email
BB005986,C0344,PET0425,2026-02-03,P01,6.0,14.5,87.0,Delivered,,Pickup
BB005987,C0344,PET0425,2026-02-15,P06,5.0,14.5,72.5,Delivered,,Web
BB005988,C0344,PET0425,2026-02-27,P11,7.0,12.0,84.0,Delivered,,Web
BB005989,C0344,PET0425,2026-03-12,P11,6.0,12.0,72.0,Delivered,,Web
BB005990,C0344,PET0425,2026-03-26,P11,7.0,12.0,84.0,Delivered,,Web
BB005991,C0344,PET0425,2026-04-07,P09,4.0,12.5,50.0,Delivered,5,Re-order Email
BB005992,C0344,PET0425,2026-04-18,P11,2.0,12.0,24.0,Delivered,5,Re-order Email
BB005993,C0344,PET0425,2026-04-27,P11,4.0,12.0,48.0,Delivered,5,Web
BB005994,C0345,PET0426,2026-05-02,P01,5.0,14.5,72.5,Scheduled,,Pickup
BB005995,C0345,PET0427,2026-03-21,P03,4.0,13.5,54.0,Delivered,5,Pickup
BB005996,C0345,PET0427,2026-03-29,P03,2.0,13.5,27.0,Delivered,,Web
BB005997,C0345,PET0427,2026-04-09,P03,3.0,13.5,40.5,Delivered,,Pickup
BB005998,C0345,PET0427,2026-04-22,P11,5.0,12.0,60.0,Delivered,,Web
BB005999,C0345,PET0427,2026-04-29,P03,4.0,13.5,54.0,Delivered,4,Re-order Email
BB006000,C0346,PET0428,2025-10-06,P02,5.0,13.0,65.0,Delivered,4,Web
BB006001,C0346,PET0428,2025-10-14,P02,6.0,13.0,78.0,Delivered,,Web
BB006002,C0346,PET0428,2025-10-27,P07,5.0,13.5,67.5,Delivered,,Web
BB006003,C0346,PET0428,2025-11-07,P07,5.0,13.5,67.5,Delivered,,Web
BB006004,C0346,PET0428,2025-11-19,P02,7.0,13.0,91.0,Delivered,,Pickup
BB006005,C0346,PET0428,2025-11-27,P03,3.0,13.5,40.5,Delivered,5,Web
BB006006,C0346,PET0428,2025-12-10,P02,6.0,13.0,78.0,Delivered,,Web
BB006007,C0346,PET0428,2025-12-21,P02,6.0,13.0,78.0,Delivered,,Web
BB006008,C0346,PET0428,2026-01-04,P12,5.0,12.5,62.5,Delivered,5,Web
BB006009,C0346,PET0428,2026-01-11,P02,4.0,13.0,52.0,Delivered,,Web
BB006010,C0346,PET0428,2026-01-21,P02,4.0,13.0,52.0,Delivered,5,Web
BB006011,C0346,PET0428,2026-02-01,P02,5.0,13.0,65.0,Delivered,5,Pickup
BB006012,C0346,PET0428,2026-02-12,P02,2.0,13.0,26.0,Delivered,,Re-order Email
BB006013,C0346,PET0428,2026-02-19,P07,3.0,13.5,40.5,Delivered,4,Web
BB006014,C0346,PET0428,2026-02-28,P02,7.0,13.0,91.0,Delivered,,Web
BB006015,C0346,PET0428,2026-03-09,P02,4.0,13.0,52.0,Delivered,,Pickup
BB006016,C0346,PET0428,2026-03-18,P02,4.0,13.0,52.0,Delivered,,Web
BB006017,C0346,PET0428,2026-03-26,P02,6.0,13.0,78.0,Delivered,5,Re-order Email
BB006018,C0346,PET0428,2026-04-05,P07,4.0,13.5,54.0,Delivered,,Web
BB006019,C0346,PET0428,2026-04-12,P02,4.0,13.0,52.0,Delivered,,Web
BB006020,C0346,PET0428,2026-04-24,P02,3.0,13.0,39.0,Delivered,,Re-order Email
BB006021,C0346,PET0429,2025-10-05,P01,3.0,14.5,43.5,Delivered,,Web
BB006022,C0346,PET0429,2025-10-16,P07,5.0,13.5,67.5,Delivered,,Re-order Email
BB006023,C0346,PET0429,2025-10-24,P07,7.0,13.5,94.5,Delivered,,Pickup
BB006024,C0346,PET0429,2025-11-01,P02,5.0,13.0,65.0,Delivered,5,Pickup
BB006025,C0346,PET0429,2025-11-13,P12,5.0,12.5,62.5,Delivered,,Pickup
BB006026,C0346,PET0429,2025-11-20,P07,3.0,13.5,40.5,Delivered,,Web
BB006027,C0346,PET0429,2025-11-30,P07,5.0,13.5,67.5,Delivered,,Web
BB006028,C0346,PET0429,2025-12-10,P03,4.0,13.5,54.0,Delivered,5,Pickup
BB006029,C0346,PET0429,2025-12-22,P07,2.0,13.5,27.0,Delivered,,Pickup
BB006030,C0346,PET0429,2026-01-02,P07,3.0,13.5,40.5,Delivered,,Web
BB006031,C0346,PET0429,2026-01-10,P07,2.0,13.5,27.0,Delivered,5,Web
BB006032,C0346,PET0429,2026-01-21,P07,6.0,13.5,81.0,Delivered,5,Pickup
BB006033,C0346,PET0429,2026-01-29,P07,3.0,13.5,40.5,Delivered,,Web
BB006034,C0346,PET0429,2026-02-10,P07,6.0,13.5,81.0,Delivered,5,Re-order Email
BB006035,C0346,PET0429,2026-02-17,P07,3.0,13.5,40.5,Delivered,,Re-order Email
BB006036,C0346,PET0429,2026-02-28,P07,4.0,13.5,54.0,Delivered,5,Web
BB006037,C0346,PET0429,2026-03-11,P07,5.0,13.5,67.5,Delivered,,Pickup
BB006038,C0346,PET0429,2026-03-22,P12,4.0,12.5,50.0,Delivered,5,Web
BB006039,C0346,PET0429,2026-03-29,P07,3.0,13.5,40.5,Delivered,,Web
BB006040,C0346,PET0429,2026-04-07,P07,3.0,13.5,40.5,Delivered,,Web
BB006041,C0346,PET0429,2026-04-14,P03,6.0,13.5,81.0,Delivered,,Re-order Email
BB006042,C0346,PET0429,2026-04-24,P07,5.0,13.5,67.5,Delivered,,Web
BB006043,C0347,PET0430,2026-05-04,P12,5.0,12.5,62.5,Scheduled,,Web
BB006044,C0348,PET0432,2025-07-31,P03,6.0,13.5,81.0,Delivered,3,Web
BB006045,C0348,PET0432,2025-08-10,P07,5.0,13.5,67.5,Delivered,,Web
BB006046,C0348,PET0432,2025-08-20,P06,2.0,14.5,29.0,Delivered,,Web
BB006047,C0348,PET0432,2025-08-27,P10,4.0,13.0,52.0,Delivered,,Pickup
BB006048,C0348,PET0432,2025-09-08,P03,6.0,13.5,81.0,Delivered,,Re-order Email
BB006049,C0348,PET0432,2025-09-19,P08,6.0,15.5,93.0,Delivered,,Web
BB006050,C0348,PET0432,2025-09-26,P08,5.0,15.5,77.5,Delivered,,Web
BB006051,C0348,PET0432,2025-10-06,P08,6.0,15.5,93.0,Delivered,,Re-order Email
BB006052,C0348,PET0432,2025-10-15,P08,2.0,15.5,31.0,Delivered,,Web
BB006053,C0348,PET0432,2025-10-25,P08,7.0,15.5,108.5,Delivered,,Web
BB006054,C0348,PET0432,2025-11-08,P08,7.0,15.5,108.5,Delivered,4,Pickup
BB006055,C0348,PET0432,2025-11-22,P08,3.0,15.5,46.5,Delivered,5,Web
BB006056,C0348,PET0432,2025-12-06,P08,6.0,15.5,93.0,Delivered,,Web
BB006057,C0348,PET0432,2025-12-20,P08,6.0,15.5,93.0,Delivered,,Web
BB006058,C0348,PET0432,2026-01-03,P08,3.0,15.5,46.5,Delivered,,Web
BB006059,C0348,PET0432,2026-01-13,P08,5.0,15.5,77.5,Delivered,,Web
BB006060,C0348,PET0432,2026-01-23,P08,7.0,15.5,108.5,Delivered,5,Web
BB006061,C0348,PET0432,2026-02-02,P08,5.0,15.5,77.5,Delivered,,Re-order Email
BB006062,C0348,PET0432,2026-02-16,P11,7.0,12.0,84.0,Delivered,,Web
BB006063,C0348,PET0432,2026-02-27,P08,6.0,15.5,93.0,Delivered,5,Web
BB006064,C0348,PET0432,2026-03-07,P01,5.0,14.5,72.5,Delivered,,Web
BB006065,C0348,PET0432,2026-03-19,P08,5.0,15.5,77.5,Delivered,,Re-order Email
BB006066,C0348,PET0432,2026-03-30,P08,6.0,15.5,93.0,Delivered,,Web
BB006067,C0348,PET0432,2026-04-13,P08,5.0,15.5,77.5,Delivered,,Web
BB006068,C0348,PET0432,2026-04-23,P08,4.0,15.5,62.0,Delivered,,Web
BB006069,C0349,PET0433,2025-04-13,P08,7.0,15.5,108.5,Delivered,,Web
BB006070,C0349,PET0433,2025-04-24,P02,5.0,13.0,65.0,Delivered,,Web
BB006071,C0349,PET0433,2025-05-01,P08,6.0,15.5,93.0,Delivered,,Web
BB006072,C0349,PET0433,2025-05-11,P08,4.0,15.5,62.0,Delivered,,Web
BB006073,C0349,PET0433,2025-05-25,P03,5.0,13.5,67.5,Delivered,,Web
BB006074,C0349,PET0433,2025-06-04,P08,4.0,15.5,62.0,Delivered,,Web
BB006075,C0349,PET0433,2025-06-16,P08,4.0,15.5,62.0,Delivered,,Web
BB006076,C0349,PET0433,2025-06-29,P08,5.0,15.5,77.5,Delivered,,Web
BB006077,C0349,PET0433,2025-07-08,P12,6.0,12.5,75.0,Delivered,,Web
BB006078,C0349,PET0433,2025-07-19,P08,3.0,15.5,46.5,Delivered,,Re-order Email
BB006079,C0349,PET0433,2025-07-29,P08,5.0,15.5,77.5,Delivered,5,Web
BB006080,C0349,PET0433,2025-08-09,P03,3.0,13.5,40.5,Delivered,,Re-order Email
BB006081,C0349,PET0433,2025-08-21,P10,6.0,13.0,78.0,Delivered,,Re-order Email
BB006082,C0349,PET0433,2025-08-28,P09,6.0,12.5,75.0,Delivered,,Re-order Email
BB006083,C0349,PET0433,2025-09-07,P08,3.0,15.5,46.5,Delivered,,Web
BB006084,C0349,PET0433,2025-09-21,P08,5.0,15.5,77.5,Delivered,3,Web
BB006085,C0349,PET0433,2025-10-04,P08,6.0,15.5,93.0,Delivered,,Web
BB006086,C0349,PET0433,2025-10-17,P08,2.0,15.5,31.0,Delivered,,Pickup
BB006087,C0349,PET0433,2025-10-30,P08,4.0,15.5,62.0,Delivered,,Re-order Email
BB006088,C0349,PET0433,2025-11-12,P08,4.0,15.5,62.0,Delivered,4,Re-order Email
BB006089,C0349,PET0433,2025-11-24,P09,5.0,12.5,62.5,Delivered,,Web
BB006090,C0349,PET0433,2025-12-06,P08,5.0,15.5,77.5,Delivered,,Pickup
BB006091,C0349,PET0433,2025-12-15,P08,5.0,15.5,77.5,Delivered,,Pickup
BB006092,C0349,PET0433,2025-12-27,P08,4.0,15.5,62.0,Delivered,,Web
BB006093,C0349,PET0433,2026-01-06,P08,6.0,15.5,93.0,Delivered,3,Web
BB006094,C0349,PET0433,2026-01-14,P08,5.0,15.5,77.5,Delivered,,Web
BB006095,C0349,PET0433,2026-01-25,P08,3.0,15.5,46.5,Delivered,,Web
BB006096,C0349,PET0433,2026-02-05,P08,4.0,15.5,62.0,Delivered,3,Web
BB006097,C0349,PET0433,2026-02-17,P06,4.0,14.5,58.0,Delivered,5,Web
BB006098,C0349,PET0433,2026-02-27,P08,3.0,15.5,46.5,Delivered,,Web
BB006099,C0349,PET0433,2026-03-10,P08,4.0,15.5,62.0,Delivered,5,Web
BB006100,C0349,PET0433,2026-03-23,P08,4.0,15.5,62.0,Delivered,,Web
BB006101,C0349,PET0433,2026-03-31,P08,5.0,15.5,77.5,Delivered,5,Web
BB006102,C0349,PET0433,2026-04-13,P10,5.0,13.0,65.0,Delivered,,Pickup
BB006103,C0349,PET0433,2026-04-21,P03,5.0,13.5,67.5,Delivered,5,Web
BB006104,C0349,PET0433,2026-04-28,P08,4.0,15.5,62.0,Delivered,,Pickup
BB006105,C0351,PET0435,2025-04-26,P11,4.0,12.0,48.0,Delivered,,Web
BB006106,C0351,PET0435,2025-05-03,P11,3.0,12.0,36.0,Delivered,,Web
BB006107,C0351,PET0435,2025-05-15,P11,5.0,12.0,60.0,Delivered,,Re-order Email
BB006108,C0351,PET0435,2025-05-23,P11,5.0,12.0,60.0,Delivered,,Pickup
BB006109,C0351,PET0435,2025-06-02,P11,5.0,12.0,60.0,Delivered,,Web
BB006110,C0351,PET0435,2025-06-11,P07,3.0,13.5,40.5,Delivered,,Web
BB006111,C0351,PET0435,2025-06-18,P11,6.0,12.0,72.0,Delivered,,Web
BB006112,C0351,PET0435,2025-06-29,P11,3.0,12.0,36.0,Delivered,5,Web
BB006113,C0351,PET0435,2025-07-11,P11,6.0,12.0,72.0,Delivered,4,Re-order Email
BB006114,C0351,PET0435,2025-07-20,P01,3.0,14.5,43.5,Delivered,5,Web
BB006115,C0351,PET0435,2025-07-29,P12,4.0,12.5,50.0,Delivered,,Web
BB006116,C0351,PET0435,2025-08-08,P11,4.0,12.0,48.0,Delivered,,Web
BB006117,C0351,PET0435,2025-08-19,P11,3.0,12.0,36.0,Delivered,,Web
BB006118,C0351,PET0435,2025-08-28,P11,5.0,12.0,60.0,Delivered,,Re-order Email
BB006119,C0351,PET0435,2025-09-04,P06,7.0,14.5,101.5,Delivered,,Web
BB006120,C0351,PET0435,2025-09-13,P11,4.0,12.0,48.0,Delivered,,Web
BB006121,C0351,PET0435,2025-09-24,P11,2.0,12.0,24.0,Delivered,4,Re-order Email
BB006122,C0351,PET0435,2025-11-03,P11,6.0,12.0,72.0,Delivered,5,Web
BB006123,C0351,PET0435,2025-11-15,P11,7.0,12.0,84.0,Delivered,4,Web
BB006124,C0351,PET0435,2025-11-24,P02,7.0,13.0,91.0,Delivered,,Web
BB006125,C0351,PET0435,2025-12-04,P11,5.0,12.0,60.0,Delivered,,Web
BB006126,C0351,PET0435,2025-12-11,P11,4.0,12.0,48.0,Delivered,,Web
BB006127,C0351,PET0435,2025-12-23,P11,5.0,12.0,60.0,Delivered,3,Web
BB006128,C0351,PET0435,2026-01-05,P11,3.0,12.0,36.0,Delivered,,Web
BB006129,C0351,PET0435,2026-01-13,P11,5.0,12.0,60.0,Delivered,,Web
BB006130,C0351,PET0435,2026-01-23,P01,7.0,14.5,101.5,Delivered,5,Web
BB006131,C0351,PET0435,2026-02-04,P11,4.0,12.0,48.0,Delivered,,Web
BB006132,C0351,PET0435,2026-02-15,P11,4.0,12.0,48.0,Delivered,,Web
BB006133,C0351,PET0435,2026-02-25,P03,5.0,13.5,67.5,Delivered,,Web
BB006134,C0351,PET0435,2026-03-05,P09,6.0,12.5,75.0,Delivered,5,Web
BB006135,C0351,PET0435,2026-03-15,P08,4.0,15.5,62.0,Delivered,5,Web
BB006136,C0351,PET0435,2026-03-22,P11,4.0,12.0,48.0,Delivered,4,Web
BB006137,C0351,PET0435,2026-04-04,P11,6.0,12.0,72.0,Delivered,3,Pickup
BB006138,C0351,PET0435,2026-04-15,P09,5.0,12.5,62.5,Delivered,5,Web
BB006139,C0351,PET0435,2026-04-24,P06,6.0,14.5,87.0,Delivered,,Web
BB006140,C0352,PET0436,2025-07-24,P10,4.0,13.0,52.0,Delivered,,Web
BB006141,C0352,PET0436,2025-08-06,P10,3.0,13.0,39.0,Delivered,,Web
BB006142,C0352,PET0436,2025-08-19,P11,7.0,12.0,84.0,Delivered,,Pickup
BB006143,C0352,PET0436,2025-08-28,P10,3.0,13.0,39.0,Delivered,,Pickup
BB006144,C0352,PET0436,2025-09-10,P06,6.0,14.5,87.0,Delivered,,Web
BB006145,C0352,PET0436,2025-09-22,P09,5.0,12.5,62.5,Delivered,,Web
BB006146,C0352,PET0436,2025-09-30,P09,4.0,12.5,50.0,Delivered,,Web
BB006147,C0352,PET0436,2025-10-13,P10,5.0,13.0,65.0,Delivered,,Web
BB006148,C0352,PET0436,2025-10-23,P10,7.0,13.0,91.0,Delivered,5,Web
BB006149,C0352,PET0436,2025-11-05,P07,5.0,13.5,67.5,Delivered,5,Web
BB006150,C0352,PET0436,2025-11-15,P10,5.0,13.0,65.0,Delivered,5,Pickup
BB006151,C0352,PET0436,2025-11-25,P03,6.0,13.5,81.0,Delivered,,Web
BB006152,C0352,PET0436,2025-12-02,P10,6.0,13.0,78.0,Delivered,,Web
BB006153,C0352,PET0436,2025-12-12,P10,5.0,13.0,65.0,Delivered,,Web
BB006154,C0352,PET0436,2025-12-20,P10,6.0,13.0,78.0,Delivered,,Web
BB006155,C0352,PET0436,2025-12-31,P11,6.0,12.0,72.0,Delivered,,Web
BB006156,C0352,PET0436,2026-01-07,P10,4.0,13.0,52.0,Delivered,,Web
BB006157,C0352,PET0436,2026-01-17,P10,7.0,13.0,91.0,Delivered,4,Web
BB006158,C0352,PET0436,2026-01-25,P10,3.0,13.0,39.0,Delivered,4,Web
BB006159,C0352,PET0436,2026-02-03,P10,5.0,13.0,65.0,Delivered,4,Pickup
BB006160,C0352,PET0436,2026-02-11,P10,4.0,13.0,52.0,Delivered,4,Pickup
BB006161,C0352,PET0436,2026-02-22,P10,7.0,13.0,91.0,Delivered,,Web
BB006162,C0352,PET0436,2026-03-02,P09,7.0,12.5,87.5,Delivered,,Web
BB006163,C0352,PET0436,2026-03-15,P10,5.0,13.0,65.0,Delivered,,Web
BB006164,C0352,PET0436,2026-03-23,P10,5.0,13.0,65.0,Delivered,5,Web
BB006165,C0352,PET0437,2025-07-22,P01,7.0,14.5,101.5,Delivered,5,Web
BB006166,C0352,PET0437,2025-08-01,P01,4.0,14.5,58.0,Delivered,,Web
BB006167,C0352,PET0437,2025-08-09,P01,5.0,14.5,72.5,Delivered,,Pickup
BB006168,C0352,PET0437,2025-08-21,P07,4.0,13.5,54.0,Delivered,5,Web
BB006169,C0352,PET0437,2025-08-29,P10,4.0,13.0,52.0,Delivered,,Web
BB006170,C0352,PET0437,2025-09-11,P01,2.0,14.5,29.0,Delivered,,Re-order Email
BB006171,C0352,PET0437,2025-09-18,P01,4.0,14.5,58.0,Delivered,,Web
BB006172,C0352,PET0437,2025-09-26,P01,6.0,14.5,87.0,Delivered,3,Web
BB006173,C0352,PET0437,2025-10-10,P01,5.0,14.5,72.5,Delivered,5,Web
BB006174,C0352,PET0437,2025-10-19,P01,3.0,14.5,43.5,Delivered,5,Web
BB006175,C0352,PET0437,2025-11-02,P01,5.0,14.5,72.5,Delivered,5,Re-order Email
BB006176,C0352,PET0437,2025-11-11,P01,7.0,14.5,101.5,Delivered,,Web
BB006177,C0352,PET0437,2025-11-25,P01,5.0,14.5,72.5,Delivered,,Web
BB006178,C0352,PET0437,2025-12-02,P01,4.0,14.5,58.0,Delivered,,Web
BB006179,C0352,PET0437,2025-12-15,P09,7.0,12.5,87.5,Delivered,,Web
BB006180,C0352,PET0437,2025-12-24,P01,5.0,14.5,72.5,Delivered,,Pickup
BB006181,C0352,PET0437,2026-01-03,P01,3.0,14.5,43.5,Delivered,,Pickup
BB006182,C0352,PET0437,2026-01-11,P08,5.0,15.5,77.5,Delivered,,Web
BB006183,C0352,PET0437,2026-01-23,P11,5.0,12.0,60.0,Delivered,5,Re-order Email
BB006184,C0352,PET0437,2026-01-30,P01,5.0,14.5,72.5,Delivered,,Web
BB006185,C0352,PET0437,2026-02-09,P01,6.0,14.5,87.0,Delivered,,Re-order Email
BB006186,C0352,PET0437,2026-02-20,P01,4.0,14.5,58.0,Delivered,,Web
BB006187,C0352,PET0437,2026-03-03,P01,3.0,14.5,43.5,Delivered,5,Re-order Email
BB006188,C0352,PET0437,2026-03-16,P01,4.0,14.5,58.0,Delivered,,Re-order Email
BB006189,C0352,PET0437,2026-03-30,P01,4.0,14.5,58.0,Delivered,,Re-order Email
BB006190,C0352,PET0437,2026-04-13,P01,6.0,14.5,87.0,Delivered,,Web
BB006191,C0352,PET0437,2026-04-23,P02,6.0,13.0,78.0,Delivered,5,Pickup
BB006192,C0353,PET0438,2025-08-15,P11,5.0,12.0,60.0,Delivered,5,Web
BB006193,C0353,PET0438,2025-08-27,P11,5.0,12.0,60.0,Delivered,,Web
BB006194,C0353,PET0438,2025-09-04,P11,6.0,12.0,72.0,Delivered,4,Web
BB006195,C0353,PET0438,2025-09-13,P11,2.0,12.0,24.0,Delivered,,Pickup
BB006196,C0353,PET0438,2025-09-25,P08,4.0,15.5,62.0,Delivered,5,Pickup
BB006197,C0353,PET0438,2025-10-02,P11,4.0,12.0,48.0,Delivered,,Web
BB006198,C0353,PET0438,2025-10-10,P11,6.0,12.0,72.0,Delivered,,Web
BB006199,C0353,PET0438,2025-10-19,P11,6.0,12.0,72.0,Delivered,,Web
BB006200,C0353,PET0438,2025-11-01,P11,5.0,12.0,60.0,Delivered,,Web
BB006201,C0353,PET0438,2025-11-14,P11,4.0,12.0,48.0,Delivered,5,Web
BB006202,C0353,PET0438,2025-11-24,P09,4.0,12.5,50.0,Delivered,5,Web
BB006203,C0353,PET0438,2025-12-05,P11,6.0,12.0,72.0,Delivered,5,Web
BB006204,C0353,PET0438,2025-12-16,P12,5.0,12.5,62.5,Delivered,5,Web
BB006205,C0353,PET0438,2025-12-23,P11,2.0,12.0,24.0,Delivered,,Re-order Email
BB006206,C0353,PET0438,2026-01-04,P11,4.0,12.0,48.0,Delivered,,Web
BB006207,C0353,PET0438,2026-01-17,P11,3.0,12.0,36.0,Delivered,,Web
BB006208,C0353,PET0438,2026-01-26,P07,4.0,13.5,54.0,Delivered,5,Pickup
BB006209,C0353,PET0438,2026-02-04,P08,4.0,15.5,62.0,Delivered,5,Pickup
BB006210,C0353,PET0438,2026-02-15,P07,4.0,13.5,54.0,Delivered,,Web
BB006211,C0353,PET0438,2026-02-24,P11,4.0,12.0,48.0,Delivered,5,Web
BB006212,C0353,PET0438,2026-03-04,P11,6.0,12.0,72.0,Delivered,,Web
BB006213,C0353,PET0438,2026-03-12,P11,5.0,12.0,60.0,Delivered,4,Web
BB006214,C0354,PET0439,2025-11-12,P07,2.0,13.5,27.0,Delivered,,Pickup
BB006215,C0354,PET0439,2025-11-19,P07,4.0,13.5,54.0,Delivered,4,Web
BB006216,C0354,PET0439,2025-11-28,P07,7.0,13.5,94.5,Delivered,,Web
BB006217,C0354,PET0439,2025-12-10,P07,4.0,13.5,54.0,Delivered,3,Web
BB006218,C0354,PET0439,2025-12-19,P02,7.0,13.0,91.0,Delivered,,Web
BB006219,C0354,PET0439,2025-12-28,P07,5.0,13.5,67.5,Delivered,5,Re-order Email
BB006220,C0354,PET0439,2026-01-08,P07,4.0,13.5,54.0,Delivered,4,Web
BB006221,C0354,PET0439,2026-01-16,P07,7.0,13.5,94.5,Delivered,,Re-order Email
BB006222,C0354,PET0439,2026-01-25,P07,2.0,13.5,27.0,Delivered,5,Web
BB006223,C0354,PET0439,2026-02-07,P07,4.0,13.5,54.0,Delivered,4,Pickup
BB006224,C0354,PET0439,2026-02-16,P07,4.0,13.5,54.0,Delivered,,Web
BB006225,C0354,PET0439,2026-02-25,P07,7.0,13.5,94.5,Delivered,,Web
BB006226,C0354,PET0439,2026-03-09,P07,5.0,13.5,67.5,Delivered,,Re-order Email
BB006227,C0354,PET0439,2026-03-20,P12,4.0,12.5,50.0,Delivered,5,Web
BB006228,C0354,PET0439,2026-03-27,P09,7.0,12.5,87.5,Delivered,,Web
BB006229,C0354,PET0439,2026-04-06,P07,3.0,13.5,40.5,Delivered,,Web
BB006230,C0354,PET0439,2026-04-15,P07,5.0,13.5,67.5,Delivered,,Pickup
BB006231,C0355,PET0440,2025-08-15,P10,4.0,13.0,52.0,Delivered,,Re-order Email
BB006232,C0355,PET0440,2025-08-22,P10,4.0,13.0,52.0,Delivered,,Pickup
BB006233,C0355,PET0440,2025-09-04,P10,5.0,13.0,65.0,Delivered,5,Web
BB006234,C0355,PET0440,2025-09-11,P06,2.0,14.5,29.0,Delivered,5,Web
BB006235,C0355,PET0440,2025-09-22,P12,3.0,12.5,37.5,Delivered,5,Pickup
BB006236,C0355,PET0440,2025-10-01,P06,5.0,14.5,72.5,Delivered,,Web
BB006237,C0355,PET0440,2025-10-10,P10,6.0,13.0,78.0,Delivered,5,Pickup
BB006238,C0355,PET0440,2025-10-23,P10,5.0,13.0,65.0,Delivered,3,Web
BB006239,C0355,PET0440,2025-11-04,P11,7.0,12.0,84.0,Delivered,4,Web
BB006240,C0355,PET0440,2025-11-13,P10,4.0,13.0,52.0,Delivered,5,Pickup
BB006241,C0355,PET0440,2025-11-26,P10,5.0,13.0,65.0,Delivered,,Web
BB006242,C0355,PET0440,2025-12-09,P08,3.0,15.5,46.5,Delivered,4,Re-order Email
BB006243,C0355,PET0440,2025-12-21,P10,4.0,13.0,52.0,Delivered,,Web
BB006244,C0355,PET0440,2025-12-30,P03,5.0,13.5,67.5,Delivered,,Pickup
BB006245,C0355,PET0440,2026-01-09,P10,6.0,13.0,78.0,Delivered,,Web
BB006246,C0355,PET0440,2026-01-18,P10,3.0,13.0,39.0,Delivered,5,Web
BB006247,C0355,PET0440,2026-01-29,P10,6.0,13.0,78.0,Delivered,,Web
BB006248,C0355,PET0440,2026-02-07,P10,3.0,13.0,39.0,Delivered,,Web
BB006249,C0355,PET0440,2026-02-14,P08,6.0,15.5,93.0,Delivered,,Web
BB006250,C0355,PET0440,2026-02-23,P10,7.0,13.0,91.0,Delivered,5,Web
BB006251,C0355,PET0440,2026-03-05,P10,6.0,13.0,78.0,Delivered,,Pickup
BB006252,C0355,PET0440,2026-03-12,P10,5.0,13.0,65.0,Delivered,,Re-order Email
BB006253,C0355,PET0440,2026-03-20,P11,6.0,12.0,72.0,Delivered,,Web
BB006254,C0355,PET0440,2026-03-30,P10,4.0,13.0,52.0,Delivered,4,Web
BB006255,C0355,PET0440,2026-04-08,P10,5.0,13.0,65.0,Delivered,5,Web
BB006256,C0355,PET0440,2026-04-19,P10,6.0,13.0,78.0,Delivered,5,Web
BB006257,C0356,PET0441,2025-09-07,P01,2.0,14.5,29.0,Delivered,,Pickup
BB006258,C0356,PET0441,2025-09-16,P01,7.0,14.5,101.5,Delivered,5,Web
BB006259,C0356,PET0441,2025-09-25,P01,6.0,14.5,87.0,Delivered,,Web
BB006260,C0356,PET0441,2025-10-02,P01,4.0,14.5,58.0,Delivered,,Web
BB006261,C0356,PET0441,2025-10-13,P01,6.0,14.5,87.0,Delivered,5,Web
BB006262,C0356,PET0441,2025-10-20,P01,6.0,14.5,87.0,Delivered,,Web
BB006263,C0356,PET0441,2025-11-03,P01,2.0,14.5,29.0,Delivered,,Web
BB006264,C0356,PET0441,2025-11-12,P01,5.0,14.5,72.5,Delivered,,Web
BB006265,C0356,PET0441,2025-11-19,P01,2.0,14.5,29.0,Delivered,5,Web
BB006266,C0356,PET0441,2025-11-29,P01,5.0,14.5,72.5,Delivered,,Web
BB006267,C0356,PET0441,2025-12-13,P01,7.0,14.5,101.5,Delivered,,Pickup
BB006268,C0356,PET0441,2025-12-25,P01,6.0,14.5,87.0,Delivered,,Web
BB006269,C0356,PET0441,2026-01-05,P02,4.0,13.0,52.0,Delivered,,Web
BB006270,C0356,PET0441,2026-01-16,P01,6.0,14.5,87.0,Delivered,,Web
BB006271,C0356,PET0441,2026-01-24,P01,3.0,14.5,43.5,Delivered,5,Web
BB006272,C0356,PET0441,2026-01-31,P01,4.0,14.5,58.0,Delivered,,Re-order Email
BB006273,C0356,PET0441,2026-02-07,P01,5.0,14.5,72.5,Delivered,,Re-order Email
BB006274,C0356,PET0441,2026-02-14,P01,5.0,14.5,72.5,Delivered,,Web
BB006275,C0356,PET0441,2026-02-24,P01,5.0,14.5,72.5,Delivered,,Web
BB006276,C0356,PET0441,2026-03-08,P01,4.0,14.5,58.0,Delivered,,Re-order Email
BB006277,C0356,PET0441,2026-03-20,P01,3.0,14.5,43.5,Delivered,,Web
BB006278,C0356,PET0441,2026-03-28,P09,3.0,12.5,37.5,Delivered,,Pickup
BB006279,C0356,PET0441,2026-04-05,P01,3.0,14.5,43.5,Delivered,4,Re-order Email
BB006280,C0356,PET0441,2026-04-12,P01,6.0,14.5,87.0,Delivered,,Web
BB006281,C0356,PET0441,2026-04-22,P01,3.0,14.5,43.5,Delivered,,Re-order Email
BB006282,C0357,PET0442,2026-02-16,P02,3.0,13.0,39.0,Delivered,,Web
BB006283,C0357,PET0442,2026-02-26,P10,5.0,13.0,65.0,Delivered,,Web
BB006284,C0357,PET0442,2026-03-10,P02,7.0,13.0,91.0,Delivered,,Web
BB006285,C0357,PET0442,2026-03-18,P02,4.0,13.0,52.0,Delivered,,Re-order Email
BB006286,C0357,PET0442,2026-03-26,P02,4.0,13.0,52.0,Delivered,4,Pickup
BB006287,C0357,PET0442,2026-04-09,P02,7.0,13.0,91.0,Delivered,,Web
BB006288,C0357,PET0442,2026-04-16,P12,5.0,12.5,62.5,Delivered,5,Re-order Email
BB006289,C0358,PET0443,2026-03-20,P10,5.0,13.0,65.0,Delivered,5,Web
BB006290,C0358,PET0443,2026-03-30,P08,5.0,15.5,77.5,Delivered,5,Web
BB006291,C0358,PET0443,2026-04-06,P10,6.0,13.0,78.0,Delivered,,Web
BB006292,C0358,PET0443,2026-04-18,P10,3.0,13.0,39.0,Delivered,,Pickup
BB006293,C0358,PET0443,2026-04-25,P10,5.0,13.0,65.0,Delivered,4,Web
BB006294,C0359,PET0444,2024-11-12,P07,4.0,13.5,54.0,Delivered,,Re-order Email
BB006295,C0359,PET0444,2024-11-24,P07,2.0,13.5,27.0,Delivered,,Re-order Email
BB006296,C0359,PET0444,2024-12-06,P06,7.0,14.5,101.5,Delivered,,Web
BB006297,C0359,PET0444,2024-12-15,P06,3.0,14.5,43.5,Delivered,,Web
BB006298,C0359,PET0444,2024-12-26,P06,5.0,14.5,72.5,Delivered,,Re-order Email
BB006299,C0359,PET0444,2025-01-08,P06,5.0,14.5,72.5,Delivered,,Re-order Email
BB006300,C0359,PET0444,2025-01-22,P01,3.0,14.5,43.5,Delivered,5,Web
BB006301,C0359,PET0444,2025-02-01,P06,3.0,14.5,43.5,Delivered,,Web
BB006302,C0359,PET0444,2025-02-15,P06,4.0,14.5,58.0,Delivered,5,Web
BB006303,C0359,PET0444,2025-02-27,P06,4.0,14.5,58.0,Delivered,5,Re-order Email
BB006304,C0359,PET0444,2025-03-12,P06,5.0,14.5,72.5,Delivered,,Web
BB006305,C0359,PET0444,2025-03-25,P01,2.0,14.5,29.0,Delivered,5,Re-order Email
BB006306,C0359,PET0444,2025-04-03,P12,5.0,12.5,62.5,Delivered,,Web
BB006307,C0359,PET0444,2025-04-17,P02,2.0,13.0,26.0,Delivered,5,Re-order Email
BB006308,C0359,PET0444,2025-04-29,P06,5.0,14.5,72.5,Delivered,,Re-order Email
BB006309,C0359,PET0444,2025-05-10,P01,4.0,14.5,58.0,Delivered,,Web
BB006310,C0359,PET0444,2025-05-24,P06,4.0,14.5,58.0,Delivered,5,Web
BB006311,C0359,PET0444,2025-06-05,P06,3.0,14.5,43.5,Delivered,,Web
BB006312,C0359,PET0444,2025-06-12,P06,5.0,14.5,72.5,Delivered,,Web
BB006313,C0359,PET0444,2025-06-22,P12,4.0,12.5,50.0,Delivered,,Pickup
BB006314,C0359,PET0444,2025-07-01,P06,4.0,14.5,58.0,Delivered,,Re-order Email
BB006315,C0359,PET0444,2025-07-12,P06,3.0,14.5,43.5,Delivered,5,Web
BB006316,C0359,PET0444,2025-07-19,P06,3.0,14.5,43.5,Delivered,5,Pickup
BB006317,C0359,PET0444,2025-07-26,P06,3.0,14.5,43.5,Delivered,,Web
BB006318,C0359,PET0444,2025-08-02,P06,4.0,14.5,58.0,Delivered,,Web
BB006319,C0359,PET0444,2025-08-16,P12,6.0,12.5,75.0,Delivered,,Web
BB006320,C0359,PET0444,2025-08-27,P06,4.0,14.5,58.0,Delivered,,Web
BB006321,C0359,PET0444,2025-09-10,P06,5.0,14.5,72.5,Delivered,5,Web
BB006322,C0359,PET0444,2025-09-22,P06,5.0,14.5,72.5,Delivered,,Re-order Email
BB006323,C0359,PET0444,2025-10-05,P02,3.0,13.0,39.0,Delivered,5,Web
BB006324,C0359,PET0444,2025-10-14,P06,7.0,14.5,101.5,Delivered,,Web
BB006325,C0359,PET0444,2025-10-25,P06,4.0,14.5,58.0,Delivered,,Pickup
BB006326,C0359,PET0444,2025-11-03,P02,5.0,13.0,65.0,Delivered,,Web
BB006327,C0359,PET0444,2025-11-15,P06,5.0,14.5,72.5,Delivered,,Web
BB006328,C0359,PET0444,2025-11-24,P06,5.0,14.5,72.5,Delivered,,Web
BB006329,C0359,PET0444,2025-12-03,P02,4.0,13.0,52.0,Delivered,,Pickup
BB006330,C0359,PET0444,2025-12-13,P06,7.0,14.5,101.5,Delivered,4,Web
BB006331,C0359,PET0444,2025-12-23,P12,6.0,12.5,75.0,Delivered,5,Web
BB006332,C0359,PET0444,2026-01-06,P06,4.0,14.5,58.0,Delivered,5,Pickup
BB006333,C0359,PET0444,2026-01-16,P06,6.0,14.5,87.0,Delivered,,Web
BB006334,C0359,PET0444,2026-01-25,P06,5.0,14.5,72.5,Delivered,,Web
BB006335,C0359,PET0444,2026-02-01,P06,7.0,14.5,101.5,Delivered,5,Web
BB006336,C0359,PET0444,2026-02-12,P03,7.0,13.5,94.5,Delivered,,Web
BB006337,C0359,PET0444,2026-02-20,P06,4.0,14.5,58.0,Delivered,4,Web
BB006338,C0359,PET0444,2026-03-05,P09,4.0,12.5,50.0,Delivered,,Web
BB006339,C0359,PET0444,2026-03-14,P06,2.0,14.5,29.0,Delivered,,Pickup
BB006340,C0359,PET0444,2026-03-22,P12,4.0,12.5,50.0,Delivered,,Re-order Email
BB006341,C0359,PET0444,2026-04-03,P06,2.0,14.5,29.0,Delivered,,Web
BB006342,C0359,PET0444,2026-04-17,P03,5.0,13.5,67.5,Delivered,5,Pickup
BB006343,C0359,PET0444,2026-04-24,P06,6.0,14.5,87.0,Delivered,,Re-order Email
BB006344,C0360,PET0445,2025-10-12,P02,5.0,13.0,65.0,Delivered,5,Web
BB006345,C0360,PET0445,2025-10-23,P02,6.0,13.0,78.0,Delivered,5,Pickup
BB006346,C0360,PET0445,2025-10-30,P02,4.0,13.0,52.0,Delivered,,Pickup
BB006347,C0360,PET0445,2025-11-12,P02,4.0,13.0,52.0,Delivered,,Web
BB006348,C0360,PET0445,2025-11-21,P03,6.0,13.5,81.0,Delivered,5,Re-order Email
BB006349,C0360,PET0445,2025-12-04,P02,6.0,13.0,78.0,Delivered,4,Web
BB006350,C0360,PET0445,2025-12-18,P02,5.0,13.0,65.0,Delivered,,Web
BB006351,C0360,PET0445,2025-12-31,P02,5.0,13.0,65.0,Delivered,4,Re-order Email
BB006352,C0360,PET0445,2026-01-10,P02,6.0,13.0,78.0,Delivered,5,Web
BB006353,C0360,PET0445,2026-01-22,P07,2.0,13.5,27.0,Delivered,,Web
BB006354,C0360,PET0445,2026-02-05,P07,3.0,13.5,40.5,Delivered,,Web
BB006355,C0360,PET0445,2026-02-17,P02,4.0,13.0,52.0,Delivered,,Web
BB006356,C0360,PET0445,2026-02-28,P02,2.0,13.0,26.0,Delivered,,Web
BB006357,C0360,PET0445,2026-03-07,P10,6.0,13.0,78.0,Delivered,,Web
BB006358,C0360,PET0445,2026-03-15,P02,5.0,13.0,65.0,Delivered,5,Pickup
BB006359,C0360,PET0445,2026-03-23,P02,5.0,13.0,65.0,Delivered,,Web
BB006360,C0360,PET0445,2026-04-04,P10,4.0,13.0,52.0,Delivered,,Web
BB006361,C0360,PET0445,2026-04-16,P02,4.0,13.0,52.0,Delivered,,Web
BB006362,C0361,PET0446,2025-08-02,P07,5.0,13.5,67.5,Delivered,5,Web
BB006363,C0361,PET0446,2025-08-12,P09,3.0,12.5,37.5,Delivered,5,Web
BB006364,C0361,PET0446,2025-08-24,P08,5.0,15.5,77.5,Delivered,5,Re-order Email
BB006365,C0361,PET0446,2025-08-31,P07,4.0,13.5,54.0,Delivered,,Web
BB006366,C0361,PET0446,2025-09-09,P07,4.0,13.5,54.0,Delivered,,Web
BB006367,C0361,PET0446,2025-09-21,P07,6.0,13.5,81.0,Delivered,5,Re-order Email
BB006368,C0361,PET0446,2025-09-30,P07,6.0,13.5,81.0,Delivered,,Pickup
BB006369,C0361,PET0446,2025-10-07,P07,4.0,13.5,54.0,Delivered,,Web
BB006370,C0361,PET0446,2025-10-14,P07,5.0,13.5,67.5,Delivered,,Web
BB006371,C0361,PET0446,2025-10-27,P07,6.0,13.5,81.0,Delivered,,Web
BB006372,C0361,PET0446,2025-11-05,P07,5.0,13.5,67.5,Delivered,,Web
BB006373,C0361,PET0446,2025-11-15,P07,6.0,13.5,81.0,Delivered,,Re-order Email
BB006374,C0361,PET0446,2025-11-27,P07,5.0,13.5,67.5,Delivered,5,Web
BB006375,C0361,PET0446,2025-12-04,P07,3.0,13.5,40.5,Delivered,,Web
BB006376,C0361,PET0446,2025-12-11,P07,6.0,13.5,81.0,Delivered,,Web
BB006377,C0361,PET0446,2025-12-22,P07,5.0,13.5,67.5,Delivered,,Pickup
BB006378,C0361,PET0446,2026-01-01,P07,7.0,13.5,94.5,Delivered,4,Web
BB006379,C0361,PET0446,2026-01-10,P07,7.0,13.5,94.5,Delivered,,Web
BB006380,C0361,PET0446,2026-01-21,P07,6.0,13.5,81.0,Delivered,5,Web
BB006381,C0361,PET0446,2026-01-30,P07,4.0,13.5,54.0,Delivered,,Web
BB006382,C0361,PET0446,2026-02-07,P07,7.0,13.5,94.5,Delivered,,Web
BB006383,C0361,PET0446,2026-02-19,P07,4.0,13.5,54.0,Delivered,5,Web
BB006384,C0361,PET0446,2026-02-26,P07,2.0,13.5,27.0,Delivered,5,Web
BB006385,C0361,PET0446,2026-03-09,P07,4.0,13.5,54.0,Delivered,5,Web
BB006386,C0361,PET0446,2026-03-16,P07,6.0,13.5,81.0,Delivered,,Web
BB006387,C0361,PET0446,2026-03-27,P07,3.0,13.5,40.5,Delivered,5,Web
BB006388,C0361,PET0446,2026-04-04,P07,5.0,13.5,67.5,Delivered,,Pickup
BB006389,C0361,PET0446,2026-04-13,P07,5.0,13.5,67.5,Delivered,5,Web
BB006390,C0361,PET0446,2026-04-26,P07,7.0,13.5,94.5,Delivered,5,Web
BB006391,C0362,PET0447,2025-04-20,P03,4.0,13.5,54.0,Delivered,,Web
BB006392,C0362,PET0447,2025-04-28,P02,2.0,13.0,26.0,Delivered,,Web
BB006393,C0362,PET0447,2025-05-11,P06,7.0,14.5,101.5,Delivered,4,Pickup
BB006394,C0362,PET0447,2025-05-18,P01,5.0,14.5,72.5,Delivered,,Web
BB006395,C0362,PET0447,2025-05-29,P03,6.0,13.5,81.0,Delivered,5,Re-order Email
BB006396,C0362,PET0447,2025-06-06,P08,4.0,15.5,62.0,Delivered,5,Web
BB006397,C0362,PET0447,2025-06-13,P08,3.0,15.5,46.5,Delivered,,Web
BB006398,C0362,PET0447,2025-06-26,P03,2.0,13.5,27.0,Delivered,5,Web
BB006399,C0362,PET0447,2025-07-09,P07,2.0,13.5,27.0,Delivered,5,Pickup
BB006400,C0362,PET0447,2025-07-16,P03,4.0,13.5,54.0,Delivered,4,Web
BB006401,C0362,PET0447,2025-07-24,P03,7.0,13.5,94.5,Delivered,5,Web
BB006402,C0362,PET0447,2025-08-04,P01,6.0,14.5,87.0,Delivered,,Web
BB006403,C0362,PET0447,2025-08-13,P06,4.0,14.5,58.0,Delivered,5,Pickup
BB006404,C0362,PET0447,2025-08-23,P03,6.0,13.5,81.0,Delivered,4,Web
BB006405,C0362,PET0447,2025-09-02,P03,5.0,13.5,67.5,Delivered,5,Re-order Email
BB006406,C0362,PET0447,2025-09-09,P03,4.0,13.5,54.0,Delivered,5,Re-order Email
BB006407,C0362,PET0447,2025-09-21,P03,6.0,13.5,81.0,Delivered,,Web
BB006408,C0362,PET0447,2025-10-03,P03,4.0,13.5,54.0,Delivered,5,Web
BB006409,C0362,PET0447,2025-10-12,P03,2.0,13.5,27.0,Delivered,,Re-order Email
BB006410,C0362,PET0447,2025-10-22,P06,6.0,14.5,87.0,Delivered,,Web
BB006411,C0362,PET0447,2025-11-02,P03,4.0,13.5,54.0,Delivered,5,Web
BB006412,C0362,PET0447,2025-11-09,P03,3.0,13.5,40.5,Delivered,5,Web
BB006413,C0362,PET0447,2025-11-22,P03,3.0,13.5,40.5,Delivered,5,Web
BB006414,C0362,PET0447,2025-12-01,P03,6.0,13.5,81.0,Delivered,,Web
BB006415,C0362,PET0447,2025-12-08,P03,6.0,13.5,81.0,Delivered,,Web
BB006416,C0362,PET0447,2025-12-16,P03,4.0,13.5,54.0,Delivered,4,Re-order Email
BB006417,C0362,PET0447,2025-12-29,P09,6.0,12.5,75.0,Delivered,3,Web
BB006418,C0362,PET0447,2026-01-05,P03,4.0,13.5,54.0,Delivered,3,Re-order Email
BB006419,C0362,PET0447,2026-01-14,P03,3.0,13.5,40.5,Delivered,,Pickup
BB006420,C0362,PET0447,2026-01-21,P03,3.0,13.5,40.5,Delivered,,Web
BB006421,C0362,PET0447,2026-01-29,P02,2.0,13.0,26.0,Delivered,,Web
BB006422,C0362,PET0447,2026-02-06,P03,7.0,13.5,94.5,Delivered,,Web
BB006423,C0362,PET0447,2026-02-17,P03,6.0,13.5,81.0,Delivered,,Web
BB006424,C0362,PET0447,2026-03-01,P09,5.0,12.5,62.5,Delivered,5,Web
BB006425,C0362,PET0447,2026-03-13,P04,4.0,14.0,56.0,Delivered,,Pickup
BB006426,C0362,PET0447,2026-03-22,P03,4.0,13.5,54.0,Delivered,,Web
BB006427,C0362,PET0447,2026-04-02,P11,4.0,12.0,48.0,Delivered,,Pickup
BB006428,C0362,PET0447,2026-04-11,P08,4.0,15.5,62.0,Delivered,,Web
BB006429,C0362,PET0447,2026-04-22,P03,4.0,13.5,54.0,Delivered,,Web
BB006430,C0362,PET0448,2025-04-23,P12,4.0,12.5,50.0,Delivered,,Web
BB006431,C0362,PET0448,2025-04-30,P03,6.0,13.5,81.0,Delivered,,Web
BB006432,C0362,PET0448,2025-05-13,P09,6.0,12.5,75.0,Delivered,,Re-order Email
BB006433,C0362,PET0448,2025-05-25,P03,5.0,13.5,67.5,Delivered,,Web
BB006434,C0362,PET0448,2025-06-01,P02,5.0,13.0,65.0,Delivered,,Web
BB006435,C0362,PET0448,2025-06-10,P03,6.0,13.5,81.0,Delivered,,Web
BB006436,C0362,PET0448,2025-06-20,P03,5.0,13.5,67.5,Delivered,5,Web
BB006437,C0362,PET0448,2025-07-01,P03,4.0,13.5,54.0,Delivered,,Web
BB006438,C0362,PET0448,2025-07-13,P03,5.0,13.5,67.5,Delivered,,Re-order Email
BB006439,C0362,PET0448,2025-07-20,P03,6.0,13.5,81.0,Delivered,5,Web
BB006440,C0362,PET0448,2025-07-29,P03,4.0,13.5,54.0,Delivered,5,Web
BB006441,C0362,PET0448,2025-08-05,P03,6.0,13.5,81.0,Delivered,,Web
BB006442,C0362,PET0448,2025-08-13,P03,4.0,13.5,54.0,Delivered,,Web
BB006443,C0362,PET0448,2025-08-20,P03,4.0,13.5,54.0,Delivered,,Web
BB006444,C0362,PET0448,2025-08-28,P03,6.0,13.5,81.0,Delivered,,Web
BB006445,C0362,PET0448,2025-09-10,P03,5.0,13.5,67.5,Delivered,5,Re-order Email
BB006446,C0362,PET0448,2025-09-17,P03,3.0,13.5,40.5,Delivered,,Web
BB006447,C0362,PET0448,2025-09-28,P03,5.0,13.5,67.5,Delivered,,Web
BB006448,C0362,PET0448,2025-10-10,P10,3.0,13.0,39.0,Delivered,5,Web
BB006449,C0362,PET0448,2025-10-23,P03,3.0,13.5,40.5,Delivered,,Pickup
BB006450,C0362,PET0448,2025-11-02,P03,3.0,13.5,40.5,Delivered,,Web
BB006451,C0362,PET0448,2025-11-09,P03,5.0,13.5,67.5,Delivered,,Pickup
BB006452,C0362,PET0448,2025-11-22,P03,4.0,13.5,54.0,Delivered,5,Web
BB006453,C0362,PET0448,2025-12-03,P03,5.0,13.5,67.5,Delivered,,Pickup
BB006454,C0362,PET0448,2025-12-13,P08,5.0,15.5,77.5,Delivered,,Web
BB006455,C0362,PET0448,2025-12-24,P03,3.0,13.5,40.5,Delivered,,Pickup
BB006456,C0362,PET0448,2026-01-05,P03,5.0,13.5,67.5,Delivered,,Web
BB006457,C0362,PET0448,2026-01-15,P03,4.0,13.5,54.0,Delivered,5,Web
BB006458,C0362,PET0448,2026-01-27,P04,5.0,14.0,70.0,Delivered,,Web
BB006459,C0362,PET0448,2026-02-08,P11,6.0,12.0,72.0,Delivered,4,Re-order Email
BB006460,C0362,PET0448,2026-02-20,P03,5.0,13.5,67.5,Delivered,,Web
BB006461,C0362,PET0448,2026-02-27,P12,4.0,12.5,50.0,Delivered,5,Pickup
BB006462,C0362,PET0448,2026-03-06,P03,6.0,13.5,81.0,Delivered,5,Web
BB006463,C0362,PET0448,2026-03-13,P03,5.0,13.5,67.5,Delivered,4,Re-order Email
BB006464,C0362,PET0448,2026-03-23,P02,2.0,13.0,26.0,Delivered,,Web
BB006465,C0362,PET0448,2026-04-01,P09,5.0,12.5,62.5,Delivered,,Web
BB006466,C0362,PET0448,2026-04-10,P03,3.0,13.5,40.5,Delivered,,Re-order Email
BB006467,C0362,PET0448,2026-04-17,P06,6.0,14.5,87.0,Delivered,5,Pickup
BB006468,C0362,PET0448,2026-04-25,P03,6.0,13.5,81.0,Delivered,,Pickup
BB006469,C0363,PET0449,2025-11-20,P01,5.0,14.5,72.5,Delivered,5,Re-order Email
BB006470,C0363,PET0449,2025-11-30,P02,3.0,13.0,39.0,Delivered,,Re-order Email
BB006471,C0363,PET0449,2025-12-08,P02,2.0,13.0,26.0,Delivered,,Web
BB006472,C0363,PET0449,2025-12-19,P02,7.0,13.0,91.0,Delivered,,Web
BB006473,C0363,PET0449,2026-01-01,P02,6.0,13.0,78.0,Delivered,,Web
BB006474,C0363,PET0449,2026-01-13,P02,5.0,13.0,65.0,Delivered,,Pickup
BB006475,C0363,PET0449,2026-01-22,P02,4.0,13.0,52.0,Delivered,5,Web
BB006476,C0363,PET0449,2026-01-31,P02,5.0,13.0,65.0,Delivered,,Re-order Email
BB006477,C0363,PET0449,2026-02-11,P02,7.0,13.0,91.0,Delivered,,Web
BB006478,C0363,PET0449,2026-02-19,P02,4.0,13.0,52.0,Delivered,,Web
BB006479,C0363,PET0449,2026-03-01,P02,7.0,13.0,91.0,Delivered,4,Pickup
BB006480,C0363,PET0449,2026-03-14,P02,5.0,13.0,65.0,Delivered,5,Web
BB006481,C0363,PET0449,2026-03-23,P02,2.0,13.0,26.0,Delivered,5,Web
BB006482,C0364,PET0450,2026-04-28,P08,4.0,15.5,62.0,Delivered,,Pickup
BB006483,C0364,PET0451,2026-03-20,P07,7.0,13.5,94.5,Delivered,5,Re-order Email
BB006484,C0364,PET0451,2026-04-01,P07,4.0,13.5,54.0,Delivered,,Web
BB006485,C0365,PET0452,2025-11-22,P09,6.0,12.5,75.0,Delivered,,Re-order Email
BB006486,C0365,PET0452,2025-11-30,P09,3.0,12.5,37.5,Delivered,5,Re-order Email
BB006487,C0365,PET0452,2025-12-07,P01,6.0,14.5,87.0,Delivered,5,Web
BB006488,C0365,PET0452,2025-12-19,P09,4.0,12.5,50.0,Delivered,5,Pickup
BB006489,C0365,PET0452,2025-12-31,P03,3.0,13.5,40.5,Delivered,,Web
BB006490,C0365,PET0452,2026-01-11,P09,5.0,12.5,62.5,Delivered,,Web
BB006491,C0365,PET0452,2026-01-22,P09,5.0,12.5,62.5,Delivered,,Web
BB006492,C0365,PET0452,2026-02-04,P09,5.0,12.5,62.5,Delivered,4,Re-order Email
BB006493,C0365,PET0452,2026-02-17,P09,4.0,12.5,50.0,Delivered,,Web
BB006494,C0365,PET0452,2026-02-26,P09,7.0,12.5,87.5,Delivered,,Web
BB006495,C0365,PET0452,2026-03-11,P09,5.0,12.5,62.5,Delivered,5,Web
BB006496,C0365,PET0452,2026-03-21,P09,6.0,12.5,75.0,Delivered,,Web
BB006497,C0365,PET0452,2026-04-02,P09,3.0,12.5,37.5,Delivered,,Web
BB006498,C0366,PET0453,2026-04-04,P01,7.0,14.5,101.5,Delivered,,Web
BB006499,C0366,PET0453,2026-04-14,P01,5.0,14.5,72.5,Delivered,5,Web
BB006500,C0366,PET0453,2026-04-24,P01,6.0,14.5,87.0,Delivered,,Re-order Email
BB006501,C0367,PET0454,2025-08-09,P01,7.0,14.5,101.5,Delivered,,Web
BB006502,C0367,PET0454,2025-08-20,P01,4.0,14.5,58.0,Delivered,4,Re-order Email
BB006503,C0367,PET0454,2025-09-01,P09,5.0,12.5,62.5,Delivered,,Pickup
BB006504,C0367,PET0454,2025-09-15,P01,6.0,14.5,87.0,Delivered,,Web
BB006505,C0367,PET0454,2025-09-24,P07,5.0,13.5,67.5,Delivered,,Web
BB006506,C0367,PET0454,2025-10-08,P03,3.0,13.5,40.5,Delivered,,Re-order Email
BB006507,C0367,PET0454,2025-10-18,P08,5.0,15.5,77.5,Delivered,,Re-order Email
BB006508,C0367,PET0454,2025-10-28,P09,6.0,12.5,75.0,Delivered,5,Re-order Email
BB006509,C0367,PET0454,2025-11-07,P12,3.0,12.5,37.5,Delivered,3,Re-order Email
BB006510,C0367,PET0454,2025-11-18,P01,4.0,14.5,58.0,Delivered,,Re-order Email
BB006511,C0367,PET0454,2025-11-25,P01,4.0,14.5,58.0,Delivered,,Pickup
BB006512,C0367,PET0454,2025-12-03,P11,3.0,12.0,36.0,Delivered,5,Pickup
BB006513,C0367,PET0454,2025-12-14,P10,3.0,13.0,39.0,Delivered,,Re-order Email
BB006514,C0367,PET0454,2025-12-22,P01,5.0,14.5,72.5,Delivered,5,Web
BB006515,C0367,PET0454,2026-01-01,P01,4.0,14.5,58.0,Delivered,,Web
BB006516,C0367,PET0454,2026-01-12,P01,6.0,14.5,87.0,Delivered,5,Web
BB006517,C0367,PET0454,2026-01-23,P01,5.0,14.5,72.5,Delivered,5,Web
BB006518,C0367,PET0454,2026-02-02,P10,4.0,13.0,52.0,Delivered,5,Pickup
BB006519,C0367,PET0454,2026-02-16,P01,6.0,14.5,87.0,Delivered,5,Web
BB006520,C0367,PET0454,2026-02-27,P01,6.0,14.5,87.0,Delivered,,Web
BB006521,C0367,PET0454,2026-03-12,P01,7.0,14.5,101.5,Delivered,4,Web
BB006522,C0367,PET0454,2026-03-22,P09,6.0,12.5,75.0,Delivered,,Web
BB006523,C0367,PET0454,2026-04-04,P01,6.0,14.5,87.0,Delivered,5,Web
BB006524,C0367,PET0454,2026-04-11,P01,4.0,14.5,58.0,Delivered,,Web
BB006525,C0367,PET0454,2026-04-21,P09,5.0,12.5,62.5,Delivered,5,Web
BB006526,C0368,PET0455,2024-11-14,P02,5.0,13.0,65.0,Delivered,5,Web
BB006527,C0368,PET0455,2024-11-24,P02,4.0,13.0,52.0,Delivered,,Web
BB006528,C0368,PET0455,2024-12-08,P02,3.0,13.0,39.0,Delivered,,Re-order Email
BB006529,C0368,PET0455,2024-12-22,P02,3.0,13.0,39.0,Delivered,5,Web
BB006530,C0368,PET0455,2024-12-30,P10,5.0,13.0,65.0,Delivered,5,Web
BB006531,C0368,PET0455,2025-01-12,P02,4.0,13.0,52.0,Delivered,5,Web
BB006532,C0368,PET0455,2025-01-23,P04,6.0,14.0,84.0,Delivered,5,Web
BB006533,C0368,PET0455,2025-02-01,P01,2.0,14.5,29.0,Delivered,5,Web
BB006534,C0368,PET0455,2025-02-14,P02,5.0,13.0,65.0,Delivered,5,Pickup
BB006535,C0368,PET0455,2025-02-28,P02,5.0,13.0,65.0,Delivered,5,Pickup
BB006536,C0368,PET0455,2025-03-08,P02,4.0,13.0,52.0,Delivered,,Web
BB006537,C0368,PET0455,2025-03-20,P02,4.0,13.0,52.0,Delivered,5,Pickup
BB006538,C0368,PET0455,2025-04-03,P02,5.0,13.0,65.0,Delivered,4,Web
BB006539,C0368,PET0455,2025-04-10,P02,5.0,13.0,65.0,Delivered,,Web
BB006540,C0368,PET0455,2025-04-22,P08,4.0,15.5,62.0,Delivered,,Web
BB006541,C0368,PET0455,2025-04-29,P02,5.0,13.0,65.0,Delivered,3,Web
BB006542,C0368,PET0455,2025-05-06,P02,5.0,13.0,65.0,Delivered,,Web
BB006543,C0368,PET0455,2025-05-20,P02,6.0,13.0,78.0,Delivered,5,Re-order Email
BB006544,C0368,PET0455,2025-05-30,P02,3.0,13.0,39.0,Delivered,,Web
BB006545,C0368,PET0455,2025-06-07,P02,5.0,13.0,65.0,Delivered,5,Web
BB006546,C0368,PET0455,2025-06-17,P02,5.0,13.0,65.0,Delivered,,Web
BB006547,C0368,PET0455,2025-06-28,P09,6.0,12.5,75.0,Delivered,5,Web
BB006548,C0368,PET0455,2025-07-11,P02,3.0,13.0,39.0,Delivered,,Web
BB006549,C0368,PET0455,2025-07-18,P02,4.0,13.0,52.0,Delivered,,Web
BB006550,C0368,PET0455,2025-07-25,P11,5.0,12.0,60.0,Delivered,,Pickup
BB006551,C0368,PET0455,2025-08-07,P10,4.0,13.0,52.0,Delivered,,Web
BB006552,C0368,PET0455,2025-08-20,P02,6.0,13.0,78.0,Delivered,5,Web
BB006553,C0368,PET0455,2025-09-01,P02,3.0,13.0,39.0,Delivered,4,Web
BB006554,C0368,PET0455,2025-09-11,P02,7.0,13.0,91.0,Delivered,,Web
BB006555,C0368,PET0455,2025-09-24,P02,3.0,13.0,39.0,Delivered,,Web
BB006556,C0368,PET0455,2025-10-01,P02,6.0,13.0,78.0,Delivered,,Pickup
BB006557,C0368,PET0455,2025-10-09,P07,6.0,13.5,81.0,Delivered,,Web
BB006558,C0368,PET0455,2025-10-22,P07,6.0,13.5,81.0,Delivered,,Web
BB006559,C0368,PET0455,2025-10-30,P02,4.0,13.0,52.0,Delivered,,Web
BB006560,C0368,PET0455,2025-11-11,P12,4.0,12.5,50.0,Delivered,5,Web
BB006561,C0368,PET0455,2025-11-23,P06,4.0,14.5,58.0,Delivered,,Web
BB006562,C0368,PET0455,2025-12-06,P02,7.0,13.0,91.0,Delivered,5,Pickup
BB006563,C0368,PET0455,2025-12-19,P02,4.0,13.0,52.0,Delivered,5,Web
BB006564,C0368,PET0455,2025-12-31,P02,7.0,13.0,91.0,Delivered,5,Web
BB006565,C0368,PET0455,2026-01-11,P02,6.0,13.0,78.0,Delivered,,Re-order Email
BB006566,C0368,PET0455,2026-01-18,P02,4.0,13.0,52.0,Delivered,,Pickup
BB006567,C0368,PET0455,2026-01-26,P08,4.0,15.5,62.0,Delivered,,Web
BB006568,C0368,PET0455,2026-02-04,P02,4.0,13.0,52.0,Delivered,,Web
BB006569,C0368,PET0455,2026-02-17,P02,3.0,13.0,39.0,Delivered,4,Pickup
BB006570,C0368,PET0455,2026-03-03,P01,5.0,14.5,72.5,Delivered,5,Web
BB006571,C0368,PET0455,2026-03-12,P02,4.0,13.0,52.0,Delivered,,Pickup
BB006572,C0368,PET0455,2026-03-21,P12,5.0,12.5,62.5,Delivered,,Web
BB006573,C0368,PET0455,2026-04-01,P02,7.0,13.0,91.0,Delivered,,Web
BB006574,C0368,PET0455,2026-04-14,P02,5.0,13.0,65.0,Delivered,,Web
BB006575,C0368,PET0455,2026-04-25,P12,5.0,12.5,62.5,Delivered,,Re-order Email
BB006576,C0369,PET0456,2024-11-13,P01,6.0,14.5,87.0,Delivered,4,Re-order Email
BB006577,C0369,PET0456,2024-11-20,P01,5.0,14.5,72.5,Delivered,5,Web
BB006578,C0369,PET0456,2024-12-01,P01,5.0,14.5,72.5,Delivered,,Re-order Email
BB006579,C0369,PET0456,2024-12-10,P01,6.0,14.5,87.0,Delivered,,Web
BB006580,C0369,PET0456,2024-12-19,P03,5.0,13.5,67.5,Delivered,,Web
BB006581,C0369,PET0456,2024-12-28,P08,6.0,15.5,93.0,Delivered,,Re-order Email
BB006582,C0369,PET0456,2025-01-10,P01,5.0,14.5,72.5,Delivered,,Web
BB006583,C0369,PET0456,2025-01-19,P01,3.0,14.5,43.5,Delivered,,Web
BB006584,C0369,PET0456,2025-01-28,P03,4.0,13.5,54.0,Delivered,5,Re-order Email
BB006585,C0369,PET0456,2025-02-05,P01,7.0,14.5,101.5,Delivered,,Re-order Email
BB006586,C0369,PET0456,2025-02-12,P01,7.0,14.5,101.5,Delivered,,Web
BB006587,C0369,PET0456,2025-02-19,P05,5.0,15.0,75.0,Delivered,3,Web
BB006588,C0369,PET0456,2025-02-26,P03,5.0,13.5,67.5,Delivered,,Web
BB006589,C0369,PET0456,2025-03-08,P01,3.0,14.5,43.5,Delivered,,Re-order Email
BB006590,C0369,PET0456,2025-03-17,P12,4.0,12.5,50.0,Delivered,,Web
BB006591,C0369,PET0456,2025-03-26,P01,7.0,14.5,101.5,Delivered,,Web
BB006592,C0369,PET0456,2025-04-08,P01,3.0,14.5,43.5,Delivered,4,Web
BB006593,C0369,PET0456,2025-04-19,P01,7.0,14.5,101.5,Delivered,,Re-order Email
BB006594,C0369,PET0456,2025-05-27,P02,6.0,13.0,78.0,Delivered,5,Web
BB006595,C0369,PET0456,2025-06-05,P01,5.0,14.5,72.5,Delivered,,Web
BB006596,C0369,PET0456,2025-06-15,P01,3.0,14.5,43.5,Delivered,,Re-order Email
BB006597,C0369,PET0456,2025-06-22,P02,6.0,13.0,78.0,Delivered,,Web
BB006598,C0369,PET0456,2025-07-01,P08,4.0,15.5,62.0,Delivered,,Pickup
BB006599,C0369,PET0456,2025-07-09,P01,5.0,14.5,72.5,Delivered,,Web
BB006600,C0369,PET0456,2025-07-22,P01,5.0,14.5,72.5,Delivered,,Web
BB006601,C0369,PET0456,2025-08-01,P05,5.0,15.0,75.0,Delivered,,Web
BB006602,C0369,PET0456,2025-08-11,P01,4.0,14.5,58.0,Delivered,,Pickup
BB006603,C0369,PET0456,2025-08-18,P12,3.0,12.5,37.5,Delivered,,Web
BB006604,C0369,PET0456,2025-08-25,P01,5.0,14.5,72.5,Delivered,5,Re-order Email
BB006605,C0369,PET0456,2025-09-07,P01,6.0,14.5,87.0,Delivered,3,Re-order Email
BB006606,C0369,PET0456,2025-09-16,P01,4.0,14.5,58.0,Delivered,,Pickup
BB006607,C0369,PET0456,2025-09-27,P02,2.0,13.0,26.0,Delivered,,Re-order Email
BB006608,C0369,PET0456,2025-10-10,P01,5.0,14.5,72.5,Delivered,4,Web
BB006609,C0369,PET0456,2025-10-18,P03,6.0,13.5,81.0,Delivered,,Pickup
BB006610,C0369,PET0456,2025-10-30,P12,5.0,12.5,62.5,Delivered,5,Web
BB006611,C0369,PET0456,2025-11-08,P01,3.0,14.5,43.5,Delivered,,Web
BB006612,C0369,PET0456,2025-11-17,P01,7.0,14.5,101.5,Delivered,,Pickup
BB006613,C0369,PET0456,2025-11-30,P01,5.0,14.5,72.5,Delivered,,Web
BB006614,C0369,PET0456,2025-12-08,P01,5.0,14.5,72.5,Delivered,,Web
BB006615,C0369,PET0456,2025-12-15,P01,4.0,14.5,58.0,Delivered,,Web
BB006616,C0369,PET0456,2025-12-27,P05,4.0,15.0,60.0,Delivered,,Web
BB006617,C0369,PET0456,2026-01-08,P01,7.0,14.5,101.5,Delivered,5,Web
BB006618,C0369,PET0456,2026-01-21,P12,5.0,12.5,62.5,Delivered,,Re-order Email
BB006619,C0369,PET0456,2026-01-30,P01,3.0,14.5,43.5,Delivered,,Web
BB006620,C0369,PET0456,2026-02-08,P12,2.0,12.5,25.0,Delivered,,Web
BB006621,C0369,PET0456,2026-02-19,P01,4.0,14.5,58.0,Delivered,,Web
BB006622,C0369,PET0456,2026-02-26,P01,5.0,14.5,72.5,Delivered,,Re-order Email
BB006623,C0369,PET0456,2026-03-09,P01,6.0,14.5,87.0,Delivered,,Web
BB006624,C0369,PET0456,2026-03-16,P01,4.0,14.5,58.0,Delivered,,Web
BB006625,C0369,PET0456,2026-03-28,P01,4.0,14.5,58.0,Delivered,,Web
BB006626,C0369,PET0456,2026-04-10,P01,6.0,14.5,87.0,Delivered,5,Re-order Email
BB006627,C0369,PET0456,2026-04-18,P01,5.0,14.5,72.5,Delivered,,Web
BB006628,C0369,PET0457,2024-11-10,P07,4.0,13.5,54.0,Delivered,,Web
BB006629,C0369,PET0457,2024-11-22,P09,5.0,12.5,62.5,Delivered,,Web
BB006630,C0369,PET0457,2024-11-30,P02,3.0,13.0,39.0,Delivered,,Web
BB006631,C0369,PET0457,2024-12-10,P07,7.0,13.5,94.5,Delivered,,Web
BB006632,C0369,PET0457,2024-12-23,P07,6.0,13.5,81.0,Delivered,,Web
BB006633,C0369,PET0457,2025-01-03,P12,7.0,12.5,87.5,Delivered,,Web
BB006634,C0369,PET0457,2025-01-10,P07,6.0,13.5,81.0,Delivered,,Re-order Email
BB006635,C0369,PET0457,2025-01-22,P07,5.0,13.5,67.5,Delivered,,Re-order Email
BB006636,C0369,PET0457,2025-01-31,P07,5.0,13.5,67.5,Delivered,,Pickup
BB006637,C0369,PET0457,2025-02-07,P07,7.0,13.5,94.5,Delivered,4,Web
BB006638,C0369,PET0457,2025-02-17,P09,5.0,12.5,62.5,Delivered,4,Web
BB006639,C0369,PET0457,2025-03-01,P07,5.0,13.5,67.5,Delivered,,Web
BB006640,C0369,PET0457,2025-03-14,P07,6.0,13.5,81.0,Delivered,,Web
BB006641,C0369,PET0457,2025-03-28,P04,3.0,14.0,42.0,Delivered,4,Pickup
BB006642,C0369,PET0457,2025-04-10,P07,5.0,13.5,67.5,Delivered,,Web
BB006643,C0369,PET0457,2025-04-17,P07,3.0,13.5,40.5,Delivered,,Web
BB006644,C0369,PET0457,2025-04-27,P07,6.0,13.5,81.0,Delivered,,Web
BB006645,C0369,PET0457,2025-05-04,P07,7.0,13.5,94.5,Delivered,,Pickup
BB006646,C0369,PET0457,2025-05-13,P07,5.0,13.5,67.5,Delivered,5,Web
BB006647,C0369,PET0457,2025-05-25,P07,3.0,13.5,40.5,Delivered,,Web
BB006648,C0369,PET0457,2025-06-06,P03,4.0,13.5,54.0,Delivered,,Web
BB006649,C0369,PET0457,2025-06-15,P01,4.0,14.5,58.0,Delivered,,Web
BB006650,C0369,PET0457,2025-06-22,P07,5.0,13.5,67.5,Delivered,5,Web
BB006651,C0369,PET0457,2025-07-01,P07,4.0,13.5,54.0,Delivered,,Web
BB006652,C0369,PET0457,2025-07-15,P04,7.0,14.0,98.0,Delivered,,Web
BB006653,C0369,PET0457,2025-07-24,P01,4.0,14.5,58.0,Delivered,,Web
BB006654,C0369,PET0457,2025-08-06,P07,4.0,13.5,54.0,Delivered,5,Web
BB006655,C0369,PET0457,2025-08-15,P07,3.0,13.5,40.5,Delivered,,Web
BB006656,C0369,PET0457,2025-08-26,P11,6.0,12.0,72.0,Delivered,,Web
BB006657,C0369,PET0457,2025-09-04,P07,7.0,13.5,94.5,Delivered,4,Web
BB006658,C0369,PET0457,2025-09-14,P04,4.0,14.0,56.0,Delivered,,Pickup
BB006659,C0369,PET0457,2025-09-24,P07,6.0,13.5,81.0,Delivered,5,Web
BB006660,C0369,PET0457,2025-10-06,P07,3.0,13.5,40.5,Delivered,5,Web
BB006661,C0369,PET0457,2025-10-19,P07,6.0,13.5,81.0,Delivered,5,Web
BB006662,C0369,PET0457,2025-11-01,P09,4.0,12.5,50.0,Delivered,,Re-order Email
BB006663,C0369,PET0457,2025-11-12,P08,5.0,15.5,77.5,Delivered,,Pickup
BB006664,C0369,PET0457,2025-11-19,P07,3.0,13.5,40.5,Delivered,,Re-order Email
BB006665,C0369,PET0457,2025-11-27,P07,5.0,13.5,67.5,Delivered,4,Web
BB006666,C0369,PET0457,2025-12-11,P07,7.0,13.5,94.5,Delivered,,Web
BB006667,C0369,PET0457,2025-12-20,P02,4.0,13.0,52.0,Delivered,,Web
BB006668,C0369,PET0457,2026-01-02,P07,4.0,13.5,54.0,Delivered,,Pickup
BB006669,C0369,PET0457,2026-01-15,P07,5.0,13.5,67.5,Delivered,5,Web
BB006670,C0369,PET0457,2026-01-23,P07,4.0,13.5,54.0,Delivered,5,Web
BB006671,C0369,PET0457,2026-01-31,P10,5.0,13.0,65.0,Delivered,5,Re-order Email
BB006672,C0369,PET0457,2026-02-14,P07,7.0,13.5,94.5,Delivered,,Web
BB006673,C0369,PET0457,2026-02-26,P07,4.0,13.5,54.0,Delivered,,Web
BB006674,C0369,PET0457,2026-03-07,P07,5.0,13.5,67.5,Delivered,5,Re-order Email
BB006675,C0369,PET0457,2026-03-21,P07,7.0,13.5,94.5,Delivered,,Web
BB006676,C0369,PET0457,2026-04-03,P12,3.0,12.5,37.5,Delivered,,Pickup
BB006677,C0369,PET0457,2026-04-17,P06,4.0,14.5,58.0,Delivered,,Web
BB006678,C0369,PET0457,2026-04-25,P07,6.0,13.5,81.0,Delivered,,Web
BB006679,C0370,PET0458,2025-08-22,P12,2.0,12.5,25.0,Delivered,,Web
BB006680,C0370,PET0458,2025-08-29,P12,3.0,12.5,37.5,Delivered,,Web
BB006681,C0370,PET0458,2025-09-12,P12,4.0,12.5,50.0,Delivered,4,Web
BB006682,C0370,PET0458,2025-09-22,P12,7.0,12.5,87.5,Delivered,5,Web
BB006683,C0370,PET0458,2025-10-02,P12,4.0,12.5,50.0,Delivered,5,Pickup
BB006684,C0370,PET0458,2025-10-14,P12,7.0,12.5,87.5,Delivered,,Web
BB006685,C0370,PET0458,2025-10-28,P12,6.0,12.5,75.0,Delivered,,Web
BB006686,C0370,PET0458,2025-11-07,P12,4.0,12.5,50.0,Delivered,,Re-order Email
BB006687,C0370,PET0458,2025-11-18,P12,7.0,12.5,87.5,Delivered,,Web
BB006688,C0370,PET0458,2025-11-27,P12,4.0,12.5,50.0,Delivered,,Web
BB006689,C0370,PET0458,2025-12-08,P12,5.0,12.5,62.5,Delivered,,Web
BB006690,C0370,PET0458,2025-12-18,P12,4.0,12.5,50.0,Delivered,,Web
BB006691,C0370,PET0458,2025-12-28,P01,4.0,14.5,58.0,Delivered,,Re-order Email
BB006692,C0370,PET0458,2026-01-06,P12,4.0,12.5,50.0,Delivered,,Web
BB006693,C0370,PET0458,2026-01-17,P12,4.0,12.5,50.0,Delivered,5,Web
BB006694,C0370,PET0458,2026-01-24,P12,4.0,12.5,50.0,Delivered,,Web
BB006695,C0370,PET0458,2026-02-03,P12,4.0,12.5,50.0,Delivered,,Web
BB006696,C0370,PET0458,2026-02-14,P12,7.0,12.5,87.5,Delivered,5,Web
BB006697,C0370,PET0458,2026-02-26,P12,5.0,12.5,62.5,Delivered,,Web
BB006698,C0370,PET0458,2026-03-09,P12,6.0,12.5,75.0,Delivered,,Web
BB006699,C0370,PET0458,2026-03-21,P12,2.0,12.5,25.0,Delivered,4,Web
BB006700,C0370,PET0458,2026-04-02,P01,5.0,14.5,72.5,Delivered,,Pickup
BB006701,C0370,PET0458,2026-04-13,P12,5.0,12.5,62.5,Delivered,,Web
BB006702,C0370,PET0458,2026-04-25,P12,6.0,12.5,75.0,Delivered,5,Web
BB006703,C0370,PET0459,2025-08-26,P01,4.0,14.5,58.0,Delivered,,Web
BB006704,C0370,PET0459,2025-09-05,P08,5.0,15.5,77.5,Delivered,,Re-order Email
BB006705,C0370,PET0459,2025-09-15,P08,6.0,15.5,93.0,Delivered,,Web
BB006706,C0370,PET0459,2025-09-28,P08,3.0,15.5,46.5,Delivered,,Web
BB006707,C0370,PET0459,2025-10-07,P08,4.0,15.5,62.0,Delivered,,Re-order Email
BB006708,C0370,PET0459,2025-10-20,P01,4.0,14.5,58.0,Delivered,,Re-order Email
BB006709,C0370,PET0459,2025-11-02,P08,3.0,15.5,46.5,Delivered,5,Pickup
BB006710,C0370,PET0459,2025-11-13,P08,5.0,15.5,77.5,Delivered,,Web
BB006711,C0370,PET0459,2025-11-26,P08,4.0,15.5,62.0,Delivered,5,Pickup
BB006712,C0370,PET0459,2025-12-07,P09,4.0,12.5,50.0,Delivered,5,Web
BB006713,C0370,PET0459,2025-12-15,P08,3.0,15.5,46.5,Delivered,5,Web
BB006714,C0370,PET0459,2025-12-28,P08,7.0,15.5,108.5,Delivered,4,Web
BB006715,C0370,PET0459,2026-01-06,P08,5.0,15.5,77.5,Delivered,,Web
BB006716,C0370,PET0459,2026-01-18,P02,6.0,13.0,78.0,Delivered,4,Web
BB006717,C0370,PET0459,2026-01-27,P08,4.0,15.5,62.0,Delivered,,Web
BB006718,C0370,PET0459,2026-02-03,P06,5.0,14.5,72.5,Delivered,5,Web
BB006719,C0370,PET0459,2026-02-11,P08,3.0,15.5,46.5,Delivered,,Web
BB006720,C0370,PET0459,2026-02-19,P08,3.0,15.5,46.5,Delivered,,Web
BB006721,C0370,PET0459,2026-03-02,P08,5.0,15.5,77.5,Delivered,,Re-order Email
BB006722,C0370,PET0459,2026-03-13,P08,6.0,15.5,93.0,Delivered,,Re-order Email
BB006723,C0370,PET0459,2026-03-21,P11,5.0,12.0,60.0,Delivered,,Re-order Email
BB006724,C0372,PET0461,2025-12-20,P11,7.0,12.0,84.0,Delivered,5,Web
BB006725,C0372,PET0461,2025-12-30,P11,2.0,12.0,24.0,Delivered,,Web
BB006726,C0372,PET0461,2026-01-06,P11,6.0,12.0,72.0,Delivered,,Web
BB006727,C0372,PET0461,2026-01-16,P11,4.0,12.0,48.0,Delivered,,Web
BB006728,C0372,PET0461,2026-01-23,P11,5.0,12.0,60.0,Delivered,4,Web
BB006729,C0372,PET0461,2026-02-06,P11,5.0,12.0,60.0,Delivered,5,Web
BB006730,C0372,PET0461,2026-02-20,P03,4.0,13.5,54.0,Delivered,,Pickup
BB006731,C0372,PET0461,2026-02-28,P11,7.0,12.0,84.0,Delivered,,Web
BB006732,C0372,PET0461,2026-03-12,P12,4.0,12.5,50.0,Delivered,5,Pickup
BB006733,C0372,PET0461,2026-03-26,P11,4.0,12.0,48.0,Delivered,5,Web
BB006734,C0372,PET0461,2026-04-05,P11,6.0,12.0,72.0,Delivered,5,Web
BB006735,C0372,PET0461,2026-04-18,P06,5.0,14.5,72.5,Delivered,4,Pickup
BB006736,C0372,PET0462,2025-12-18,P02,3.0,13.0,39.0,Delivered,,Re-order Email
BB006737,C0372,PET0462,2025-12-30,P02,7.0,13.0,91.0,Delivered,,Re-order Email
BB006738,C0372,PET0462,2026-01-09,P02,4.0,13.0,52.0,Delivered,,Pickup
BB006739,C0372,PET0462,2026-01-18,P01,6.0,14.5,87.0,Delivered,,Web
BB006740,C0372,PET0462,2026-01-31,P02,5.0,13.0,65.0,Delivered,,Web
BB006741,C0372,PET0462,2026-02-09,P02,6.0,13.0,78.0,Delivered,5,Web
BB006742,C0372,PET0462,2026-02-20,P02,6.0,13.0,78.0,Delivered,5,Web
BB006743,C0372,PET0462,2026-02-27,P02,5.0,13.0,65.0,Delivered,5,Web
BB006744,C0372,PET0462,2026-03-08,P02,6.0,13.0,78.0,Delivered,4,Web
BB006745,C0372,PET0462,2026-03-17,P03,6.0,13.5,81.0,Delivered,5,Web
BB006746,C0372,PET0462,2026-03-26,P02,4.0,13.0,52.0,Delivered,4,Web
BB006747,C0372,PET0462,2026-04-05,P09,3.0,12.5,37.5,Delivered,5,Web
BB006748,C0372,PET0462,2026-04-18,P02,5.0,13.0,65.0,Delivered,,Re-order Email
BB006749,C0374,PET0464,2026-04-14,P01,5.0,14.5,72.5,Delivered,5,Web
BB006750,C0374,PET0464,2026-04-24,P01,6.0,14.5,87.0,Delivered,4,Web
BB006751,C0375,PET0465,2025-05-18,P10,5.0,13.0,65.0,Delivered,,Re-order Email
BB006752,C0375,PET0465,2025-05-29,P10,3.0,13.0,39.0,Delivered,,Web
BB006753,C0375,PET0465,2025-06-09,P10,7.0,13.0,91.0,Delivered,,Web
BB006754,C0375,PET0465,2025-06-20,P10,4.0,13.0,52.0,Delivered,,Web
BB006755,C0375,PET0465,2025-07-02,P12,4.0,12.5,50.0,Delivered,5,Web
BB006756,C0375,PET0465,2025-07-15,P10,3.0,13.0,39.0,Delivered,,Web
BB006757,C0375,PET0465,2025-07-24,P10,7.0,13.0,91.0,Delivered,3,Web
BB006758,C0375,PET0465,2025-07-31,P10,5.0,13.0,65.0,Delivered,,Re-order Email
BB006759,C0375,PET0465,2025-08-08,P01,5.0,14.5,72.5,Delivered,,Web
BB006760,C0375,PET0465,2025-08-18,P10,4.0,13.0,52.0,Delivered,5,Re-order Email
BB006761,C0375,PET0465,2025-08-27,P06,6.0,14.5,87.0,Delivered,,Web
BB006762,C0375,PET0465,2025-09-07,P03,5.0,13.5,67.5,Delivered,5,Web
BB006763,C0375,PET0465,2025-09-19,P10,4.0,13.0,52.0,Delivered,,Web
BB006764,C0375,PET0465,2025-10-02,P10,4.0,13.0,52.0,Delivered,4,Re-order Email
BB006765,C0375,PET0465,2025-10-11,P01,2.0,14.5,29.0,Delivered,5,Re-order Email
BB006766,C0375,PET0465,2025-10-23,P10,4.0,13.0,52.0,Delivered,5,Web
BB006767,C0375,PET0465,2025-11-01,P10,5.0,13.0,65.0,Delivered,,Re-order Email
BB006768,C0375,PET0465,2025-11-08,P03,6.0,13.5,81.0,Delivered,4,Re-order Email
BB006769,C0375,PET0465,2025-11-15,P10,5.0,13.0,65.0,Delivered,,Re-order Email
BB006770,C0375,PET0465,2025-11-27,P10,6.0,13.0,78.0,Delivered,,Web
BB006771,C0375,PET0465,2025-12-05,P01,6.0,14.5,87.0,Delivered,5,Web
BB006772,C0375,PET0465,2025-12-15,P10,5.0,13.0,65.0,Delivered,,Web
BB006773,C0375,PET0465,2025-12-25,P10,3.0,13.0,39.0,Delivered,,Web
BB006774,C0375,PET0465,2026-01-05,P07,6.0,13.5,81.0,Delivered,5,Web
BB006775,C0375,PET0465,2026-01-13,P02,5.0,13.0,65.0,Delivered,4,Re-order Email
BB006776,C0375,PET0465,2026-01-23,P10,5.0,13.0,65.0,Delivered,5,Web
BB006777,C0375,PET0465,2026-02-05,P10,7.0,13.0,91.0,Delivered,5,Web
BB006778,C0375,PET0465,2026-02-14,P12,4.0,12.5,50.0,Delivered,,Web
BB006779,C0375,PET0465,2026-02-23,P10,6.0,13.0,78.0,Delivered,,Web
BB006780,C0375,PET0465,2026-03-05,P10,5.0,13.0,65.0,Delivered,,Re-order Email
BB006781,C0376,PET0466,2025-12-11,P03,6.0,13.5,81.0,Delivered,5,Web
BB006782,C0376,PET0466,2025-12-20,P03,7.0,13.5,94.5,Delivered,5,Re-order Email
BB006783,C0376,PET0466,2026-01-01,P11,5.0,12.0,60.0,Delivered,,Web
BB006784,C0376,PET0466,2026-01-11,P03,4.0,13.5,54.0,Delivered,5,Web
BB006785,C0376,PET0466,2026-01-24,P03,4.0,13.5,54.0,Delivered,,Web
BB006786,C0376,PET0466,2026-01-31,P03,6.0,13.5,81.0,Delivered,,Web
BB006787,C0376,PET0466,2026-02-07,P03,6.0,13.5,81.0,Delivered,,Web
BB006788,C0376,PET0466,2026-02-20,P03,3.0,13.5,40.5,Delivered,,Re-order Email
BB006789,C0376,PET0466,2026-02-27,P02,5.0,13.0,65.0,Delivered,,Web
BB006790,C0376,PET0466,2026-03-08,P03,4.0,13.5,54.0,Delivered,4,Web
BB006791,C0376,PET0466,2026-03-16,P02,5.0,13.0,65.0,Delivered,3,Web
BB006792,C0376,PET0466,2026-03-25,P03,4.0,13.5,54.0,Delivered,5,Pickup
BB006793,C0376,PET0466,2026-04-07,P03,5.0,13.5,67.5,Delivered,5,Re-order Email
BB006794,C0376,PET0466,2026-04-18,P03,3.0,13.5,40.5,Delivered,,Web
BB006795,C0376,PET0466,2026-04-30,P03,5.0,13.5,67.5,Delivered,5,Web
BB006796,C0377,PET0467,2026-02-14,P10,3.0,13.0,39.0,Delivered,,Web
BB006797,C0377,PET0467,2026-02-25,P02,5.0,13.0,65.0,Delivered,4,Web
BB006798,C0377,PET0467,2026-03-04,P12,3.0,12.5,37.5,Delivered,,Web
BB006799,C0377,PET0467,2026-03-11,P02,6.0,13.0,78.0,Delivered,,Web
BB006800,C0377,PET0467,2026-03-25,P02,5.0,13.0,65.0,Delivered,,Re-order Email
BB006801,C0377,PET0467,2026-04-06,P02,7.0,13.0,91.0,Delivered,,Web
BB006802,C0377,PET0467,2026-04-19,P02,5.0,13.0,65.0,Delivered,,Web
BB006803,C0378,PET0468,2026-01-03,P12,6.0,12.5,75.0,Delivered,,Pickup
BB006804,C0378,PET0468,2026-01-15,P12,4.0,12.5,50.0,Delivered,,Web
BB006805,C0378,PET0468,2026-01-27,P12,5.0,12.5,62.5,Delivered,5,Pickup
BB006806,C0378,PET0468,2026-02-08,P12,5.0,12.5,62.5,Delivered,5,Re-order Email
BB006807,C0378,PET0468,2026-02-21,P12,5.0,12.5,62.5,Delivered,4,Web
BB006808,C0378,PET0468,2026-03-04,P12,4.0,12.5,50.0,Delivered,,Web
BB006809,C0378,PET0468,2026-03-16,P06,3.0,14.5,43.5,Delivered,,Web
BB006810,C0378,PET0468,2026-03-24,P12,4.0,12.5,50.0,Delivered,4,Web
BB006811,C0378,PET0468,2026-04-04,P12,4.0,12.5,50.0,Delivered,4,Web
BB006812,C0378,PET0468,2026-04-16,P02,6.0,13.0,78.0,Delivered,5,Web
BB006813,C0379,PET0469,2025-10-11,P09,3.0,12.5,37.5,Delivered,5,Web
BB006814,C0379,PET0469,2025-10-19,P06,4.0,14.5,58.0,Delivered,,Web
BB006815,C0379,PET0469,2025-10-30,P06,7.0,14.5,101.5,Delivered,,Pickup
BB006816,C0379,PET0469,2025-11-11,P06,4.0,14.5,58.0,Delivered,,Re-order Email
BB006817,C0379,PET0469,2025-11-23,P08,5.0,15.5,77.5,Delivered,5,Web
BB006818,C0379,PET0469,2025-12-02,P09,4.0,12.5,50.0,Delivered,4,Web
BB006819,C0379,PET0469,2025-12-15,P06,6.0,14.5,87.0,Delivered,,Web
BB006820,C0379,PET0469,2025-12-29,P06,5.0,14.5,72.5,Delivered,,Web
BB006821,C0379,PET0469,2026-01-07,P06,7.0,14.5,101.5,Delivered,,Web
BB006822,C0379,PET0469,2026-01-15,P08,6.0,15.5,93.0,Delivered,,Web
BB006823,C0379,PET0469,2026-01-23,P02,5.0,13.0,65.0,Delivered,5,Web
BB006824,C0379,PET0469,2026-01-30,P12,2.0,12.5,25.0,Delivered,,Web
BB006825,C0379,PET0469,2026-02-10,P11,3.0,12.0,36.0,Delivered,,Web
BB006826,C0379,PET0469,2026-02-21,P03,6.0,13.5,81.0,Delivered,5,Web
BB006827,C0379,PET0469,2026-03-06,P08,6.0,15.5,93.0,Delivered,,Web
BB006828,C0379,PET0469,2026-03-20,P06,2.0,14.5,29.0,Delivered,5,Web
BB006829,C0379,PET0469,2026-04-02,P06,4.0,14.5,58.0,Delivered,4,Web
BB006830,C0379,PET0469,2026-04-15,P06,6.0,14.5,87.0,Delivered,,Re-order Email
BB006831,C0379,PET0469,2026-04-24,P06,4.0,14.5,58.0,Delivered,5,Web
BB006832,C0379,PET0469,2026-05-01,P01,2.0,14.5,29.0,Delivered,,Web
BB006833,C0380,PET0470,2026-01-04,P11,5.0,12.0,60.0,Delivered,,Re-order Email
BB006834,C0380,PET0470,2026-01-12,P03,3.0,13.5,40.5,Delivered,,Web
BB006835,C0380,PET0470,2026-01-21,P07,6.0,13.5,81.0,Delivered,5,Web
BB006836,C0380,PET0470,2026-01-29,P11,5.0,12.0,60.0,Delivered,5,Web
BB006837,C0380,PET0470,2026-02-09,P11,5.0,12.0,60.0,Delivered,4,Web
BB006838,C0380,PET0470,2026-02-23,P11,6.0,12.0,72.0,Delivered,5,Web
BB006839,C0380,PET0470,2026-03-02,P11,5.0,12.0,60.0,Delivered,,Web
BB006840,C0380,PET0470,2026-03-14,P11,5.0,12.0,60.0,Delivered,,Web
BB006841,C0380,PET0470,2026-03-21,P11,5.0,12.0,60.0,Delivered,,Web
BB006842,C0380,PET0470,2026-03-31,P02,5.0,13.0,65.0,Delivered,4,Web
BB006843,C0380,PET0470,2026-04-11,P02,4.0,13.0,52.0,Delivered,,Web
BB006844,C0380,PET0470,2026-04-24,P11,6.0,12.0,72.0,Delivered,,Web
BB006845,C0381,PET0471,2025-06-26,P07,4.0,13.5,54.0,Delivered,,Web
BB006846,C0381,PET0471,2025-07-03,P03,2.0,13.5,27.0,Delivered,,Web
BB006847,C0381,PET0471,2025-07-13,P07,4.0,13.5,54.0,Delivered,,Pickup
BB006848,C0381,PET0471,2025-07-21,P09,4.0,12.5,50.0,Delivered,,Web
BB006849,C0381,PET0471,2025-08-01,P03,5.0,13.5,67.5,Delivered,,Web
BB006850,C0381,PET0471,2025-08-10,P07,4.0,13.5,54.0,Delivered,,Web
BB006851,C0381,PET0471,2025-08-18,P07,6.0,13.5,81.0,Delivered,5,Web
BB006852,C0381,PET0471,2025-08-31,P08,7.0,15.5,108.5,Delivered,,Re-order Email
BB006853,C0381,PET0471,2025-09-09,P11,3.0,12.0,36.0,Delivered,,Web
BB006854,C0381,PET0471,2025-09-19,P07,5.0,13.5,67.5,Delivered,4,Re-order Email
BB006855,C0381,PET0471,2025-09-27,P03,6.0,13.5,81.0,Delivered,,Re-order Email
BB006856,C0381,PET0471,2025-10-06,P07,7.0,13.5,94.5,Delivered,,Re-order Email
BB006857,C0381,PET0471,2025-10-18,P07,7.0,13.5,94.5,Delivered,,Re-order Email
BB006858,C0381,PET0471,2025-10-30,P07,6.0,13.5,81.0,Delivered,,Web
BB006859,C0381,PET0471,2025-11-10,P07,3.0,13.5,40.5,Delivered,,Web
BB006860,C0381,PET0471,2025-11-20,P10,4.0,13.0,52.0,Delivered,5,Web
BB006861,C0381,PET0471,2025-12-03,P07,6.0,13.5,81.0,Delivered,5,Pickup
BB006862,C0381,PET0471,2025-12-12,P06,3.0,14.5,43.5,Delivered,5,Web
BB006863,C0381,PET0471,2025-12-22,P07,4.0,13.5,54.0,Delivered,,Re-order Email
BB006864,C0381,PET0471,2026-01-03,P07,4.0,13.5,54.0,Delivered,,Web
BB006865,C0381,PET0471,2026-01-17,P07,4.0,13.5,54.0,Delivered,,Web
BB006866,C0381,PET0471,2026-01-25,P07,6.0,13.5,81.0,Delivered,,Web
BB006867,C0381,PET0471,2026-02-08,P07,3.0,13.5,40.5,Delivered,,Web
BB006868,C0381,PET0471,2026-02-18,P07,3.0,13.5,40.5,Delivered,4,Web
BB006869,C0381,PET0471,2026-02-26,P12,6.0,12.5,75.0,Delivered,,Web
BB006870,C0381,PET0471,2026-03-12,P07,5.0,13.5,67.5,Delivered,,Web
BB006871,C0381,PET0471,2026-03-24,P07,4.0,13.5,54.0,Delivered,3,Web
BB006872,C0381,PET0471,2026-03-31,P07,4.0,13.5,54.0,Delivered,4,Web
BB006873,C0381,PET0471,2026-04-13,P01,4.0,14.5,58.0,Delivered,5,Web
BB006874,C0381,PET0471,2026-04-24,P07,3.0,13.5,40.5,Delivered,,Re-order Email
BB006875,C0382,PET0472,2025-12-07,P03,7.0,13.5,94.5,Delivered,,Web
BB006876,C0382,PET0472,2025-12-14,P03,4.0,13.5,54.0,Delivered,,Web
BB006877,C0382,PET0472,2025-12-27,P02,4.0,13.0,52.0,Delivered,,Web
BB006878,C0382,PET0472,2026-01-03,P03,4.0,13.5,54.0,Delivered,,Web
BB006879,C0382,PET0472,2026-01-13,P12,3.0,12.5,37.5,Delivered,,Web
BB006880,C0382,PET0472,2026-01-20,P09,5.0,12.5,62.5,Delivered,4,Web
BB006881,C0382,PET0472,2026-01-27,P03,6.0,13.5,81.0,Delivered,4,Web
BB006882,C0382,PET0472,2026-02-04,P03,4.0,13.5,54.0,Delivered,5,Web
BB006883,C0382,PET0472,2026-02-12,P03,4.0,13.5,54.0,Delivered,5,Web
BB006884,C0382,PET0472,2026-02-19,P01,5.0,14.5,72.5,Delivered,,Re-order Email
BB006885,C0382,PET0472,2026-02-28,P03,7.0,13.5,94.5,Delivered,,Pickup
BB006886,C0382,PET0472,2026-03-10,P03,5.0,13.5,67.5,Delivered,4,Web
BB006887,C0382,PET0472,2026-03-21,P03,6.0,13.5,81.0,Delivered,,Web
BB006888,C0382,PET0472,2026-04-03,P03,5.0,13.5,67.5,Delivered,,Pickup
BB006889,C0382,PET0472,2026-04-15,P10,3.0,13.0,39.0,Delivered,,Web
BB006890,C0382,PET0472,2026-04-23,P02,5.0,13.0,65.0,Delivered,,Web
BB006891,C0382,PET0473,2025-12-07,P01,6.0,14.5,87.0,Delivered,5,Web
BB006892,C0382,PET0473,2025-12-15,P01,2.0,14.5,29.0,Delivered,4,Web
BB006893,C0382,PET0473,2025-12-26,P01,4.0,14.5,58.0,Delivered,5,Web
BB006894,C0382,PET0473,2026-01-07,P01,6.0,14.5,87.0,Delivered,,Web
BB006895,C0382,PET0473,2026-01-14,P01,4.0,14.5,58.0,Delivered,5,Pickup
BB006896,C0382,PET0473,2026-01-26,P03,5.0,13.5,67.5,Delivered,5,Web
BB006897,C0382,PET0473,2026-02-03,P02,4.0,13.0,52.0,Delivered,4,Web
BB006898,C0382,PET0473,2026-02-16,P01,4.0,14.5,58.0,Delivered,3,Web
BB006899,C0382,PET0473,2026-02-26,P01,4.0,14.5,58.0,Delivered,,Web
BB006900,C0382,PET0473,2026-03-05,P12,4.0,12.5,50.0,Delivered,5,Web
BB006901,C0382,PET0473,2026-03-14,P01,5.0,14.5,72.5,Delivered,,Re-order Email
BB006902,C0382,PET0473,2026-03-24,P11,7.0,12.0,84.0,Delivered,,Re-order Email
BB006903,C0382,PET0473,2026-04-03,P01,2.0,14.5,29.0,Delivered,5,Pickup
BB006904,C0382,PET0473,2026-04-11,P01,4.0,14.5,58.0,Delivered,,Pickup
BB006905,C0382,PET0473,2026-04-20,P01,3.0,14.5,43.5,Delivered,4,Web
BB006906,C0383,PET0474,2025-07-24,P06,5.0,14.5,72.5,Delivered,,Re-order Email
BB006907,C0383,PET0474,2025-07-31,P06,4.0,14.5,58.0,Delivered,,Web
BB006908,C0383,PET0474,2025-08-09,P08,6.0,15.5,93.0,Delivered,5,Pickup
BB006909,C0383,PET0474,2025-08-18,P06,5.0,14.5,72.5,Delivered,,Web
BB006910,C0383,PET0474,2025-08-30,P06,5.0,14.5,72.5,Delivered,4,Web
BB006911,C0383,PET0474,2025-09-13,P06,4.0,14.5,58.0,Delivered,5,Re-order Email
BB006912,C0383,PET0474,2025-09-20,P06,3.0,14.5,43.5,Delivered,4,Web
BB006913,C0383,PET0474,2025-10-02,P09,3.0,12.5,37.5,Delivered,5,Web
BB006914,C0383,PET0474,2025-10-16,P06,6.0,14.5,87.0,Delivered,,Web
BB006915,C0383,PET0474,2025-10-25,P06,4.0,14.5,58.0,Delivered,5,Web
BB006916,C0383,PET0474,2025-11-06,P06,3.0,14.5,43.5,Delivered,5,Web
BB006917,C0383,PET0474,2025-11-14,P06,5.0,14.5,72.5,Delivered,5,Web
BB006918,C0383,PET0474,2025-11-22,P06,3.0,14.5,43.5,Delivered,5,Web
BB006919,C0383,PET0474,2025-12-02,P03,3.0,13.5,40.5,Delivered,,Web
BB006920,C0383,PET0474,2025-12-16,P04,7.0,14.0,98.0,Delivered,5,Re-order Email
BB006921,C0383,PET0474,2025-12-28,P06,3.0,14.5,43.5,Delivered,4,Re-order Email
BB006922,C0383,PET0474,2026-01-08,P03,7.0,13.5,94.5,Delivered,3,Web
BB006923,C0383,PET0474,2026-01-22,P12,5.0,12.5,62.5,Delivered,,Re-order Email
BB006924,C0383,PET0474,2026-01-29,P06,2.0,14.5,29.0,Delivered,5,Re-order Email
BB006925,C0383,PET0474,2026-02-06,P06,6.0,14.5,87.0,Delivered,,Web
BB006926,C0383,PET0474,2026-02-18,P06,5.0,14.5,72.5,Delivered,5,Pickup
BB006927,C0383,PET0474,2026-03-01,P06,2.0,14.5,29.0,Delivered,5,Web
BB006928,C0383,PET0474,2026-03-08,P06,3.0,14.5,43.5,Delivered,,Pickup
BB006929,C0383,PET0474,2026-03-21,P10,2.0,13.0,26.0,Delivered,4,Web
BB006930,C0383,PET0474,2026-04-02,P09,3.0,12.5,37.5,Delivered,,Web
BB006931,C0383,PET0474,2026-04-13,P06,2.0,14.5,29.0,Delivered,,Web
BB006932,C0383,PET0474,2026-04-22,P06,5.0,14.5,72.5,Delivered,,Web
BB006933,C0383,PET0475,2025-07-23,P06,3.0,14.5,43.5,Delivered,,Web
BB006934,C0383,PET0475,2025-07-31,P09,6.0,12.5,75.0,Delivered,,Re-order Email
BB006935,C0383,PET0475,2025-08-08,P09,7.0,12.5,87.5,Delivered,,Web
BB006936,C0383,PET0475,2025-08-15,P09,6.0,12.5,75.0,Delivered,,Pickup
BB006937,C0383,PET0475,2025-08-23,P03,7.0,13.5,94.5,Delivered,,Re-order Email
BB006938,C0383,PET0475,2025-09-03,P12,6.0,12.5,75.0,Delivered,5,Web
BB006939,C0383,PET0475,2025-09-13,P09,5.0,12.5,62.5,Delivered,,Web
BB006940,C0383,PET0475,2025-09-23,P09,3.0,12.5,37.5,Delivered,,Web
BB006941,C0383,PET0475,2025-10-02,P09,4.0,12.5,50.0,Delivered,5,Web
BB006942,C0383,PET0475,2025-10-13,P09,4.0,12.5,50.0,Delivered,5,Web
BB006943,C0383,PET0475,2025-10-20,P01,7.0,14.5,101.5,Delivered,,Pickup
BB006944,C0383,PET0475,2025-10-30,P09,5.0,12.5,62.5,Delivered,5,Web
BB006945,C0383,PET0475,2025-11-09,P09,5.0,12.5,62.5,Delivered,,Web
BB006946,C0383,PET0475,2025-11-21,P12,6.0,12.5,75.0,Delivered,5,Web
BB006947,C0383,PET0475,2025-12-01,P09,6.0,12.5,75.0,Delivered,,Web
BB006948,C0383,PET0475,2025-12-13,P09,4.0,12.5,50.0,Delivered,,Pickup
BB006949,C0383,PET0475,2025-12-26,P09,6.0,12.5,75.0,Delivered,5,Re-order Email
BB006950,C0383,PET0475,2026-01-06,P03,6.0,13.5,81.0,Delivered,,Web
BB006951,C0383,PET0475,2026-02-07,P09,5.0,12.5,62.5,Delivered,5,Re-order Email
BB006952,C0383,PET0475,2026-02-15,P09,4.0,12.5,50.0,Delivered,5,Web
BB006953,C0383,PET0475,2026-02-25,P09,5.0,12.5,62.5,Delivered,,Pickup
BB006954,C0383,PET0475,2026-03-06,P10,4.0,13.0,52.0,Delivered,5,Web
BB006955,C0383,PET0475,2026-03-19,P12,7.0,12.5,87.5,Delivered,,Re-order Email
BB006956,C0383,PET0475,2026-03-28,P09,2.0,12.5,25.0,Delivered,5,Web
BB006957,C0383,PET0475,2026-04-07,P02,2.0,13.0,26.0,Delivered,,Web
BB006958,C0383,PET0475,2026-04-17,P09,7.0,12.5,87.5,Delivered,,Web
BB006959,C0384,PET0476,2025-05-07,P12,5.0,12.5,62.5,Delivered,5,Web
BB006960,C0384,PET0476,2025-05-18,P12,6.0,12.5,75.0,Delivered,,Re-order Email
BB006961,C0384,PET0476,2025-05-28,P12,5.0,12.5,62.5,Delivered,,Pickup
BB006962,C0384,PET0476,2025-06-10,P12,3.0,12.5,37.5,Delivered,3,Web
BB006963,C0384,PET0476,2025-06-24,P12,6.0,12.5,75.0,Delivered,,Web
BB006964,C0384,PET0476,2025-07-06,P12,5.0,12.5,62.5,Delivered,,Re-order Email
BB006965,C0384,PET0476,2025-07-14,P06,6.0,14.5,87.0,Delivered,,Pickup
BB006966,C0384,PET0476,2025-07-26,P12,3.0,12.5,37.5,Delivered,4,Web
BB006967,C0384,PET0476,2025-08-05,P07,5.0,13.5,67.5,Delivered,,Re-order Email
BB006968,C0384,PET0476,2025-08-18,P08,7.0,15.5,108.5,Delivered,,Web
BB006969,C0384,PET0476,2025-08-27,P12,6.0,12.5,75.0,Delivered,,Re-order Email
BB006970,C0384,PET0476,2025-09-08,P01,5.0,14.5,72.5,Delivered,,Re-order Email
BB006971,C0384,PET0476,2025-09-16,P12,5.0,12.5,62.5,Delivered,,Web
BB006972,C0384,PET0476,2025-09-29,P10,3.0,13.0,39.0,Delivered,,Web
BB006973,C0384,PET0476,2025-10-10,P12,3.0,12.5,37.5,Delivered,5,Web
BB006974,C0384,PET0476,2025-10-22,P12,6.0,12.5,75.0,Delivered,,Pickup
BB006975,C0384,PET0476,2025-11-05,P12,6.0,12.5,75.0,Delivered,,Re-order Email
BB006976,C0384,PET0476,2025-11-17,P12,4.0,12.5,50.0,Delivered,,Pickup
BB006977,C0384,PET0476,2025-11-26,P04,4.0,14.0,56.0,Delivered,,Web
BB006978,C0384,PET0476,2025-12-05,P12,5.0,12.5,62.5,Delivered,,Web
BB006979,C0384,PET0476,2025-12-16,P12,4.0,12.5,50.0,Delivered,,Web
BB006980,C0384,PET0476,2025-12-26,P12,6.0,12.5,75.0,Delivered,5,Web
BB006981,C0384,PET0476,2026-01-05,P12,3.0,12.5,37.5,Delivered,5,Web
BB006982,C0384,PET0476,2026-01-18,P12,3.0,12.5,37.5,Delivered,4,Web
BB006983,C0384,PET0476,2026-01-28,P04,5.0,14.0,70.0,Delivered,,Pickup
BB006984,C0384,PET0476,2026-02-05,P12,6.0,12.5,75.0,Delivered,,Web
BB006985,C0384,PET0476,2026-02-12,P02,3.0,13.0,39.0,Delivered,4,Pickup
BB006986,C0384,PET0476,2026-02-23,P12,7.0,12.5,87.5,Delivered,,Web
BB006987,C0384,PET0476,2026-03-02,P12,5.0,12.5,62.5,Delivered,,Web
BB006988,C0384,PET0476,2026-03-11,P12,4.0,12.5,50.0,Delivered,,Web
BB006989,C0384,PET0476,2026-03-25,P10,6.0,13.0,78.0,Delivered,,Web
BB006990,C0384,PET0476,2026-04-01,P02,2.0,13.0,26.0,Delivered,,Web
BB006991,C0384,PET0476,2026-04-10,P12,5.0,12.5,62.5,Delivered,,Re-order Email
BB006992,C0384,PET0476,2026-04-20,P12,5.0,12.5,62.5,Delivered,,Web
BB006993,C0385,PET0477,2025-10-04,P07,5.0,13.5,67.5,Delivered,,Re-order Email
BB006994,C0385,PET0477,2025-10-16,P10,3.0,13.0,39.0,Delivered,,Web
BB006995,C0385,PET0477,2025-10-27,P07,3.0,13.5,40.5,Delivered,4,Pickup
BB006996,C0385,PET0477,2025-11-06,P07,4.0,13.5,54.0,Delivered,5,Web
BB006997,C0385,PET0477,2025-11-14,P07,4.0,13.5,54.0,Delivered,5,Pickup
BB006998,C0385,PET0477,2025-11-24,P07,2.0,13.5,27.0,Delivered,5,Web
BB006999,C0385,PET0477,2025-12-01,P10,6.0,13.0,78.0,Delivered,,Pickup
BB007000,C0385,PET0477,2025-12-11,P07,5.0,13.5,67.5,Delivered,,Web
BB007001,C0385,PET0477,2025-12-24,P07,5.0,13.5,67.5,Delivered,,Web
BB007002,C0385,PET0477,2026-01-06,P04,3.0,14.0,42.0,Delivered,,Web
BB007003,C0385,PET0477,2026-01-18,P07,6.0,13.5,81.0,Delivered,,Web
BB007004,C0385,PET0477,2026-01-26,P09,3.0,12.5,37.5,Delivered,,Re-order Email
BB007005,C0385,PET0477,2026-02-03,P07,2.0,13.5,27.0,Delivered,,Web
BB007006,C0385,PET0477,2026-02-15,P07,5.0,13.5,67.5,Delivered,,Web
BB007007,C0385,PET0477,2026-02-28,P07,7.0,13.5,94.5,Delivered,,Pickup
BB007008,C0385,PET0477,2026-03-13,P07,4.0,13.5,54.0,Delivered,,Web
BB007009,C0385,PET0477,2026-03-22,P04,5.0,14.0,70.0,Delivered,,Web
BB007010,C0385,PET0477,2026-04-03,P07,6.0,13.5,81.0,Delivered,,Web
BB007011,C0385,PET0477,2026-04-12,P07,6.0,13.5,81.0,Delivered,,Web
BB007012,C0386,PET0478,2025-08-30,P01,6.0,14.5,87.0,Delivered,,Web
BB007013,C0386,PET0478,2025-09-11,P06,5.0,14.5,72.5,Delivered,4,Re-order Email
BB007014,C0386,PET0478,2025-09-25,P02,5.0,13.0,65.0,Delivered,5,Pickup
BB007015,C0386,PET0478,2025-10-05,P07,6.0,13.5,81.0,Delivered,,Web
BB007016,C0386,PET0478,2025-10-12,P07,5.0,13.5,67.5,Delivered,5,Web
BB007017,C0386,PET0478,2025-10-26,P03,6.0,13.5,81.0,Delivered,4,Pickup
BB007018,C0386,PET0478,2025-11-08,P07,7.0,13.5,94.5,Delivered,,Pickup
BB007019,C0386,PET0478,2025-11-22,P07,6.0,13.5,81.0,Delivered,,Web
BB007020,C0386,PET0478,2025-12-02,P10,7.0,13.0,91.0,Delivered,,Web
BB007021,C0386,PET0478,2025-12-14,P07,4.0,13.5,54.0,Delivered,5,Web
BB007022,C0386,PET0478,2025-12-28,P07,4.0,13.5,54.0,Delivered,5,Web
BB007023,C0386,PET0478,2026-01-07,P07,5.0,13.5,67.5,Delivered,,Web
BB007024,C0386,PET0478,2026-01-17,P07,5.0,13.5,67.5,Delivered,,Web
BB007025,C0386,PET0478,2026-01-29,P10,6.0,13.0,78.0,Delivered,,Web
BB007026,C0386,PET0478,2026-02-11,P07,3.0,13.5,40.5,Delivered,4,Web
BB007027,C0386,PET0478,2026-02-20,P07,6.0,13.5,81.0,Delivered,,Web
BB007028,C0386,PET0478,2026-03-03,P07,5.0,13.5,67.5,Delivered,,Web
BB007029,C0386,PET0478,2026-03-13,P07,4.0,13.5,54.0,Delivered,,Pickup
BB007030,C0386,PET0478,2026-03-23,P07,6.0,13.5,81.0,Delivered,,Web
BB007031,C0386,PET0478,2026-04-02,P07,3.0,13.5,40.5,Delivered,,Web
BB007032,C0386,PET0478,2026-04-11,P07,3.0,13.5,40.5,Delivered,,Pickup
BB007033,C0386,PET0478,2026-04-19,P07,5.0,13.5,67.5,Delivered,,Web
BB007034,C0386,PET0478,2026-04-29,P07,6.0,13.5,81.0,Delivered,5,Web
BB007035,C0387,PET0479,2025-05-03,P03,3.0,13.5,40.5,Delivered,,Re-order Email
BB007036,C0387,PET0479,2025-05-16,P03,5.0,13.5,67.5,Delivered,,Web
BB007037,C0387,PET0479,2025-05-24,P03,5.0,13.5,67.5,Delivered,4,Web
BB007038,C0387,PET0479,2025-06-06,P03,4.0,13.5,54.0,Delivered,5,Re-order Email
BB007039,C0387,PET0479,2025-06-18,P03,6.0,13.5,81.0,Delivered,5,Web
BB007040,C0387,PET0479,2025-06-27,P03,5.0,13.5,67.5,Delivered,,Web
BB007041,C0387,PET0479,2025-07-07,P03,7.0,13.5,94.5,Delivered,4,Web
BB007042,C0387,PET0479,2025-07-20,P03,5.0,13.5,67.5,Delivered,,Web
BB007043,C0387,PET0479,2025-07-27,P03,3.0,13.5,40.5,Delivered,,Pickup
BB007044,C0387,PET0479,2025-08-04,P03,5.0,13.5,67.5,Delivered,,Web
BB007045,C0387,PET0479,2025-08-16,P03,5.0,13.5,67.5,Delivered,,Re-order Email
BB007046,C0387,PET0479,2025-08-23,P03,4.0,13.5,54.0,Delivered,,Web
BB007047,C0387,PET0479,2025-09-02,P03,6.0,13.5,81.0,Delivered,,Web
BB007048,C0387,PET0479,2025-09-11,P03,4.0,13.5,54.0,Delivered,5,Re-order Email
BB007049,C0387,PET0479,2025-09-21,P03,3.0,13.5,40.5,Delivered,,Re-order Email
BB007050,C0387,PET0479,2025-09-29,P01,5.0,14.5,72.5,Delivered,,Web
BB007051,C0387,PET0479,2025-10-11,P03,5.0,13.5,67.5,Delivered,,Pickup
BB007052,C0387,PET0479,2025-10-19,P03,6.0,13.5,81.0,Delivered,,Web
BB007053,C0387,PET0479,2025-10-26,P01,5.0,14.5,72.5,Delivered,,Web
BB007054,C0387,PET0479,2025-11-02,P08,5.0,15.5,77.5,Delivered,,Re-order Email
BB007055,C0387,PET0479,2025-11-10,P07,5.0,13.5,67.5,Delivered,5,Re-order Email
BB007056,C0387,PET0479,2025-11-23,P03,5.0,13.5,67.5,Delivered,,Web
BB007057,C0387,PET0479,2025-12-06,P03,5.0,13.5,67.5,Delivered,,Web
BB007058,C0387,PET0479,2025-12-13,P06,6.0,14.5,87.0,Delivered,,Web
BB007059,C0387,PET0479,2025-12-26,P03,4.0,13.5,54.0,Delivered,,Web
BB007060,C0387,PET0479,2026-01-06,P03,4.0,13.5,54.0,Delivered,,Re-order Email
BB007061,C0387,PET0479,2026-01-18,P03,5.0,13.5,67.5,Delivered,5,Web
BB007062,C0387,PET0479,2026-01-26,P09,4.0,12.5,50.0,Delivered,,Web
BB007063,C0387,PET0479,2026-02-07,P03,4.0,13.5,54.0,Delivered,5,Web
BB007064,C0388,PET0481,2026-04-12,P08,5.0,15.5,77.5,Delivered,,Web
BB007065,C0388,PET0481,2026-04-20,P08,3.0,15.5,46.5,Delivered,,Re-order Email
BB007066,C0388,PET0481,2026-04-27,P08,4.0,15.5,62.0,Delivered,,Web
BB007067,C0389,PET0482,2026-04-04,P09,4.0,12.5,50.0,Delivered,3,Web
BB007068,C0389,PET0482,2026-04-15,P11,4.0,12.0,48.0,Delivered,5,Web
BB007069,C0390,PET0483,2026-01-01,P02,6.0,13.0,78.0,Delivered,,Web
BB007070,C0390,PET0483,2026-01-11,P01,4.0,14.5,58.0,Delivered,,Web
BB007071,C0390,PET0483,2026-01-20,P01,6.0,14.5,87.0,Delivered,,Pickup
BB007072,C0390,PET0483,2026-01-31,P01,5.0,14.5,72.5,Delivered,,Pickup
BB007073,C0390,PET0483,2026-02-14,P01,4.0,14.5,58.0,Delivered,,Web
BB007074,C0390,PET0483,2026-02-25,P01,5.0,14.5,72.5,Delivered,,Web
BB007075,C0390,PET0483,2026-03-10,P01,5.0,14.5,72.5,Delivered,,Web
BB007076,C0390,PET0483,2026-03-23,P01,5.0,14.5,72.5,Delivered,,Web
BB007077,C0390,PET0483,2026-04-05,P11,4.0,12.0,48.0,Delivered,,Web
BB007078,C0390,PET0483,2026-04-18,P01,5.0,14.5,72.5,Delivered,5,Web
BB007079,C0390,PET0483,2026-04-25,P03,5.0,13.5,67.5,Delivered,,Web
BB007080,C0390,PET0484,2025-12-30,P03,5.0,13.5,67.5,Delivered,,Web
BB007081,C0390,PET0484,2026-01-08,P01,4.0,14.5,58.0,Delivered,5,Web
BB007082,C0390,PET0484,2026-01-17,P03,2.0,13.5,27.0,Delivered,5,Re-order Email
BB007083,C0390,PET0484,2026-01-28,P03,5.0,13.5,67.5,Delivered,5,Web
BB007084,C0390,PET0484,2026-02-08,P09,4.0,12.5,50.0,Delivered,5,Web
BB007085,C0390,PET0484,2026-02-15,P03,3.0,13.5,40.5,Delivered,,Web
BB007086,C0390,PET0484,2026-02-25,P10,3.0,13.0,39.0,Delivered,5,Web
BB007087,C0390,PET0484,2026-03-05,P03,5.0,13.5,67.5,Delivered,5,Web
BB007088,C0390,PET0484,2026-03-13,P03,7.0,13.5,94.5,Delivered,,Web
BB007089,C0390,PET0484,2026-03-20,P03,6.0,13.5,81.0,Delivered,,Web
BB007090,C0390,PET0484,2026-03-30,P02,5.0,13.0,65.0,Delivered,,Web
BB007091,C0390,PET0484,2026-04-10,P03,4.0,13.5,54.0,Delivered,,Web
BB007092,C0390,PET0484,2026-04-18,P03,3.0,13.5,40.5,Delivered,,Web
BB007093,C0390,PET0484,2026-04-26,P02,7.0,13.0,91.0,Delivered,,Web
BB007094,C0391,PET0485,2025-11-16,P06,6.0,14.5,87.0,Delivered,,Re-order Email
BB007095,C0391,PET0485,2025-11-27,P06,4.0,14.5,58.0,Delivered,,Web
BB007096,C0391,PET0485,2025-12-08,P06,5.0,14.5,72.5,Delivered,,Web
BB007097,C0391,PET0485,2025-12-22,P10,4.0,13.0,52.0,Delivered,4,Re-order Email
BB007098,C0391,PET0485,2025-12-30,P06,5.0,14.5,72.5,Delivered,,Pickup
BB007099,C0391,PET0485,2026-01-11,P06,2.0,14.5,29.0,Delivered,,Web
BB007100,C0391,PET0485,2026-01-18,P06,7.0,14.5,101.5,Delivered,,Pickup
BB007101,C0391,PET0485,2026-01-27,P06,5.0,14.5,72.5,Delivered,,Web
BB007102,C0391,PET0485,2026-02-07,P12,7.0,12.5,87.5,Delivered,,Web
BB007103,C0391,PET0485,2026-02-18,P06,6.0,14.5,87.0,Delivered,,Pickup
BB007104,C0391,PET0485,2026-03-04,P12,4.0,12.5,50.0,Delivered,5,Web
BB007105,C0391,PET0485,2026-03-15,P06,4.0,14.5,58.0,Delivered,4,Web
BB007106,C0391,PET0485,2026-03-29,P08,6.0,15.5,93.0,Delivered,5,Web
BB007107,C0391,PET0485,2026-04-08,P09,4.0,12.5,50.0,Delivered,5,Re-order Email
BB007108,C0391,PET0485,2026-04-22,P06,3.0,14.5,43.5,Delivered,5,Web
BB007109,C0392,PET0486,2026-03-12,P04,3.0,14.0,42.0,Delivered,5,Pickup
BB007110,C0392,PET0486,2026-03-26,P12,3.0,12.5,37.5,Delivered,,Re-order Email
BB007111,C0392,PET0486,2026-04-03,P04,3.0,14.0,42.0,Delivered,,Re-order Email
BB007112,C0392,PET0486,2026-04-13,P04,4.0,14.0,56.0,Delivered,,Re-order Email
BB007113,C0392,PET0486,2026-04-27,P07,6.0,13.5,81.0,Delivered,5,Web
BB007114,C0393,PET0487,2025-08-09,P02,5.0,13.0,65.0,Delivered,5,Web
BB007115,C0393,PET0487,2025-08-18,P06,5.0,14.5,72.5,Delivered,,Web
BB007116,C0393,PET0487,2025-08-26,P06,6.0,14.5,87.0,Delivered,,Pickup
BB007117,C0393,PET0487,2025-09-05,P06,5.0,14.5,72.5,Delivered,,Web
BB007118,C0393,PET0487,2025-09-15,P06,6.0,14.5,87.0,Delivered,,Web
BB007119,C0393,PET0487,2025-09-25,P06,5.0,14.5,72.5,Delivered,,Pickup
BB007120,C0393,PET0487,2025-10-07,P06,2.0,14.5,29.0,Delivered,,Re-order Email
BB007121,C0393,PET0487,2025-10-14,P08,5.0,15.5,77.5,Delivered,,Web
BB007122,C0393,PET0487,2025-10-25,P06,2.0,14.5,29.0,Delivered,,Web
BB007123,C0393,PET0487,2025-11-01,P06,2.0,14.5,29.0,Delivered,,Web
BB007124,C0393,PET0487,2025-11-10,P06,7.0,14.5,101.5,Delivered,5,Web
BB007125,C0393,PET0487,2025-11-21,P06,5.0,14.5,72.5,Delivered,5,Pickup
BB007126,C0393,PET0487,2025-12-03,P02,2.0,13.0,26.0,Delivered,,Re-order Email
BB007127,C0393,PET0487,2025-12-13,P06,6.0,14.5,87.0,Delivered,,Pickup
BB007128,C0393,PET0487,2025-12-23,P09,3.0,12.5,37.5,Delivered,,Pickup
BB007129,C0393,PET0487,2026-01-04,P06,4.0,14.5,58.0,Delivered,5,Pickup
BB007130,C0393,PET0487,2026-01-17,P06,6.0,14.5,87.0,Delivered,,Re-order Email
BB007131,C0393,PET0487,2026-01-27,P06,6.0,14.5,87.0,Delivered,3,Web
BB007132,C0393,PET0487,2026-02-06,P06,6.0,14.5,87.0,Delivered,,Web
BB007133,C0393,PET0487,2026-02-15,P06,4.0,14.5,58.0,Delivered,,Re-order Email
BB007134,C0393,PET0487,2026-02-28,P06,3.0,14.5,43.5,Delivered,,Pickup
BB007135,C0393,PET0487,2026-03-13,P06,4.0,14.5,58.0,Delivered,,Web
BB007136,C0394,PET0488,2025-12-16,P09,5.0,12.5,62.5,Delivered,,Web
BB007137,C0394,PET0488,2025-12-23,P09,4.0,12.5,50.0,Delivered,,Web
BB007138,C0394,PET0488,2026-01-01,P09,3.0,12.5,37.5,Delivered,5,Web
BB007139,C0394,PET0488,2026-01-12,P06,7.0,14.5,101.5,Delivered,5,Web
BB007140,C0394,PET0488,2026-01-24,P02,3.0,13.0,39.0,Delivered,,Web
BB007141,C0394,PET0488,2026-02-06,P09,4.0,12.5,50.0,Delivered,4,Web
BB007142,C0394,PET0488,2026-02-17,P09,5.0,12.5,62.5,Delivered,,Web
BB007143,C0394,PET0488,2026-03-03,P09,3.0,12.5,37.5,Delivered,,Web
BB007144,C0394,PET0488,2026-03-10,P10,6.0,13.0,78.0,Delivered,5,Web
BB007145,C0394,PET0488,2026-03-19,P09,6.0,12.5,75.0,Delivered,,Pickup
BB007146,C0394,PET0488,2026-03-29,P09,6.0,12.5,75.0,Delivered,,Web
BB007147,C0394,PET0488,2026-04-10,P09,7.0,12.5,87.5,Delivered,5,Web
BB007148,C0394,PET0488,2026-04-24,P09,3.0,12.5,37.5,Delivered,5,Re-order Email
BB007149,C0395,PET0489,2026-05-03,P05,6.0,15.0,90.0,Scheduled,,Web
BB007150,C0396,PET0490,2024-12-26,P01,5.0,14.5,72.5,Delivered,,Web
BB007151,C0396,PET0490,2025-01-04,P01,2.0,14.5,29.0,Delivered,5,Web
BB007152,C0396,PET0490,2025-01-16,P01,3.0,14.5,43.5,Delivered,,Web
BB007153,C0396,PET0490,2025-01-26,P01,3.0,14.5,43.5,Delivered,,Re-order Email
BB007154,C0396,PET0490,2025-02-07,P09,4.0,12.5,50.0,Delivered,5,Web
BB007155,C0396,PET0490,2025-02-16,P01,5.0,14.5,72.5,Delivered,,Web
BB007156,C0396,PET0490,2025-03-01,P01,6.0,14.5,87.0,Delivered,,Web
BB007157,C0396,PET0490,2025-03-15,P01,6.0,14.5,87.0,Delivered,,Web
BB007158,C0396,PET0490,2025-03-26,P01,6.0,14.5,87.0,Delivered,,Re-order Email
BB007159,C0396,PET0490,2025-04-08,P03,6.0,13.5,81.0,Delivered,,Web
BB007160,C0396,PET0490,2025-04-16,P01,3.0,14.5,43.5,Delivered,,Pickup
BB007161,C0396,PET0490,2025-04-24,P01,2.0,14.5,29.0,Delivered,,Web
BB007162,C0396,PET0490,2025-05-07,P06,6.0,14.5,87.0,Delivered,,Web
BB007163,C0396,PET0490,2025-05-20,P01,7.0,14.5,101.5,Delivered,5,Pickup
BB007164,C0396,PET0490,2025-05-30,P01,5.0,14.5,72.5,Delivered,5,Web
BB007165,C0396,PET0490,2025-06-06,P01,5.0,14.5,72.5,Delivered,5,Web
BB007166,C0396,PET0490,2025-06-13,P01,3.0,14.5,43.5,Delivered,4,Web
BB007167,C0396,PET0490,2025-06-22,P12,3.0,12.5,37.5,Delivered,5,Web
BB007168,C0396,PET0490,2025-07-04,P10,7.0,13.0,91.0,Delivered,,Web
BB007169,C0396,PET0490,2025-07-17,P01,4.0,14.5,58.0,Delivered,,Web
BB007170,C0396,PET0490,2025-07-25,P01,6.0,14.5,87.0,Delivered,,Re-order Email
BB007171,C0396,PET0490,2025-08-02,P01,3.0,14.5,43.5,Delivered,5,Web
BB007172,C0396,PET0490,2025-08-09,P03,4.0,13.5,54.0,Delivered,,Pickup
BB007173,C0396,PET0490,2025-08-21,P01,4.0,14.5,58.0,Delivered,,Pickup
BB007174,C0396,PET0490,2025-09-01,P09,6.0,12.5,75.0,Delivered,,Web
BB007175,C0396,PET0490,2025-09-10,P01,6.0,14.5,87.0,Delivered,,Web
BB007176,C0396,PET0490,2025-09-18,P01,5.0,14.5,72.5,Delivered,,Web
BB007177,C0396,PET0490,2025-10-01,P08,6.0,15.5,93.0,Delivered,,Web
BB007178,C0396,PET0490,2025-10-15,P03,3.0,13.5,40.5,Delivered,5,Web
BB007179,C0396,PET0490,2025-10-26,P01,3.0,14.5,43.5,Delivered,,Web
BB007180,C0396,PET0490,2025-11-03,P10,4.0,13.0,52.0,Delivered,4,Web
BB007181,C0396,PET0490,2025-11-15,P01,4.0,14.5,58.0,Delivered,,Web
BB007182,C0396,PET0490,2025-11-26,P01,3.0,14.5,43.5,Delivered,,Web
BB007183,C0396,PET0490,2025-12-08,P01,4.0,14.5,58.0,Delivered,,Web
BB007184,C0396,PET0490,2025-12-21,P01,5.0,14.5,72.5,Delivered,,Web
BB007185,C0396,PET0490,2025-12-30,P01,7.0,14.5,101.5,Delivered,,Web
BB007186,C0396,PET0490,2026-01-10,P01,6.0,14.5,87.0,Delivered,4,Web
BB007187,C0396,PET0490,2026-01-24,P01,7.0,14.5,101.5,Delivered,5,Web
BB007188,C0396,PET0490,2026-02-06,P06,4.0,14.5,58.0,Delivered,,Web
BB007189,C0396,PET0490,2026-02-19,P01,5.0,14.5,72.5,Delivered,,Web
BB007190,C0396,PET0490,2026-03-05,P01,6.0,14.5,87.0,Delivered,,Re-order Email
BB007191,C0396,PET0490,2026-03-14,P01,3.0,14.5,43.5,Delivered,,Web
BB007192,C0396,PET0490,2026-03-24,P01,4.0,14.5,58.0,Delivered,,Web
BB007193,C0396,PET0490,2026-04-07,P01,6.0,14.5,87.0,Delivered,5,Web
BB007194,C0396,PET0490,2026-04-21,P01,6.0,14.5,87.0,Delivered,,Web
BB007195,C0396,PET0490,2026-04-30,P08,6.0,15.5,93.0,Delivered,,Web
BB007196,C0397,PET0491,2026-05-02,P03,6.0,13.5,81.0,Scheduled,,Web
BB007197,C0398,PET0492,2025-12-02,P08,6.0,15.5,93.0,Delivered,,Web
BB007198,C0398,PET0492,2025-12-09,P08,4.0,15.5,62.0,Delivered,,Web
BB007199,C0398,PET0492,2025-12-16,P10,3.0,13.0,39.0,Delivered,,Web
BB007200,C0398,PET0492,2025-12-28,P07,6.0,13.5,81.0,Delivered,,Web
BB007201,C0398,PET0492,2026-01-09,P01,3.0,14.5,43.5,Delivered,3,Web
BB007202,C0398,PET0492,2026-01-22,P08,4.0,15.5,62.0,Delivered,5,Web
BB007203,C0398,PET0492,2026-02-02,P08,6.0,15.5,93.0,Delivered,5,Web
BB007204,C0398,PET0492,2026-02-13,P08,3.0,15.5,46.5,Delivered,,Web
BB007205,C0398,PET0492,2026-02-24,P01,3.0,14.5,43.5,Delivered,,Web
BB007206,C0398,PET0492,2026-03-05,P08,4.0,15.5,62.0,Delivered,5,Web
BB007207,C0398,PET0492,2026-03-15,P08,4.0,15.5,62.0,Delivered,5,Pickup
BB007208,C0398,PET0492,2026-04-17,P08,6.0,15.5,93.0,Delivered,,Re-order Email
BB007209,C0399,PET0493,2026-04-29,P03,6.0,13.5,81.0,Delivered,,Web
BB007210,C0400,PET0494,2024-11-14,P02,4.0,13.0,52.0,Delivered,,Web
BB007211,C0400,PET0494,2024-11-24,P02,6.0,13.0,78.0,Delivered,,Re-order Email
BB007212,C0400,PET0494,2024-12-03,P10,7.0,13.0,91.0,Delivered,,Web
BB007213,C0400,PET0494,2024-12-13,P02,6.0,13.0,78.0,Delivered,,Web
BB007214,C0400,PET0494,2024-12-21,P10,6.0,13.0,78.0,Delivered,5,Web
BB007215,C0400,PET0494,2024-12-30,P02,7.0,13.0,91.0,Delivered,,Web
BB007216,C0400,PET0494,2025-01-09,P02,6.0,13.0,78.0,Delivered,5,Web
BB007217,C0400,PET0494,2025-01-20,P09,6.0,12.5,75.0,Delivered,5,Re-order Email
BB007218,C0400,PET0494,2025-02-02,P02,3.0,13.0,39.0,Delivered,,Web
BB007219,C0400,PET0494,2025-02-12,P02,2.0,13.0,26.0,Delivered,,Web
BB007220,C0400,PET0494,2025-02-22,P02,2.0,13.0,26.0,Delivered,,Pickup
BB007221,C0400,PET0494,2025-03-06,P02,6.0,13.0,78.0,Delivered,5,Web
BB007222,C0400,PET0494,2025-03-16,P02,4.0,13.0,52.0,Delivered,4,Re-order Email
BB007223,C0400,PET0494,2025-03-29,P02,7.0,13.0,91.0,Delivered,,Re-order Email
BB007224,C0400,PET0494,2025-04-06,P02,3.0,13.0,39.0,Delivered,,Web
BB007225,C0400,PET0494,2025-04-14,P02,6.0,13.0,78.0,Delivered,,Web
BB007226,C0400,PET0494,2025-04-24,P02,7.0,13.0,91.0,Delivered,,Pickup
BB007227,C0400,PET0494,2025-05-07,P03,2.0,13.5,27.0,Delivered,5,Web
BB007228,C0400,PET0494,2025-05-14,P02,3.0,13.0,39.0,Delivered,,Web
BB007229,C0400,PET0494,2025-05-23,P02,6.0,13.0,78.0,Delivered,4,Web
BB007230,C0400,PET0494,2025-06-06,P08,5.0,15.5,77.5,Delivered,,Web
BB007231,C0400,PET0494,2025-06-20,P02,4.0,13.0,52.0,Delivered,5,Re-order Email
BB007232,C0400,PET0494,2025-07-03,P02,6.0,13.0,78.0,Delivered,5,Web
BB007233,C0400,PET0494,2025-07-12,P06,3.0,14.5,43.5,Delivered,,Web
BB007234,C0400,PET0494,2025-07-22,P02,4.0,13.0,52.0,Delivered,5,Pickup
BB007235,C0400,PET0494,2025-08-03,P02,5.0,13.0,65.0,Delivered,,Pickup
BB007236,C0400,PET0494,2025-08-15,P02,3.0,13.0,39.0,Delivered,,Web
BB007237,C0400,PET0494,2025-08-28,P02,6.0,13.0,78.0,Delivered,4,Web
BB007238,C0400,PET0494,2025-09-04,P07,3.0,13.5,40.5,Delivered,4,Web
BB007239,C0400,PET0494,2025-09-15,P03,4.0,13.5,54.0,Delivered,,Web
BB007240,C0400,PET0494,2025-09-29,P02,4.0,13.0,52.0,Delivered,,Web
BB007241,C0400,PET0494,2025-10-12,P03,7.0,13.5,94.5,Delivered,,Re-order Email
BB007242,C0400,PET0494,2025-10-21,P02,2.0,13.0,26.0,Delivered,,Web
BB007243,C0400,PET0494,2025-10-31,P02,5.0,13.0,65.0,Delivered,5,Web
BB007244,C0400,PET0494,2025-11-09,P02,3.0,13.0,39.0,Delivered,,Web
BB007245,C0400,PET0494,2025-11-17,P06,6.0,14.5,87.0,Delivered,,Web
BB007246,C0400,PET0494,2025-11-28,P02,3.0,13.0,39.0,Delivered,,Web
BB007247,C0400,PET0494,2025-12-11,P02,6.0,13.0,78.0,Delivered,,Web
BB007248,C0400,PET0494,2025-12-18,P02,5.0,13.0,65.0,Delivered,,Web
BB007249,C0400,PET0494,2026-01-01,P02,4.0,13.0,52.0,Delivered,5,Web
BB007250,C0400,PET0494,2026-01-15,P02,2.0,13.0,26.0,Delivered,,Pickup
BB007251,C0400,PET0494,2026-01-24,P02,5.0,13.0,65.0,Delivered,,Web
BB007252,C0400,PET0494,2026-01-31,P02,7.0,13.0,91.0,Delivered,5,Web
BB007253,C0400,PET0494,2026-02-12,P02,2.0,13.0,26.0,Delivered,,Pickup
BB007254,C0400,PET0494,2026-02-24,P02,5.0,13.0,65.0,Delivered,,Web
BB007255,C0400,PET0494,2026-03-06,P02,3.0,13.0,39.0,Delivered,,Web
BB007256,C0400,PET0494,2026-03-17,P02,4.0,13.0,52.0,Delivered,,Web
BB007257,C0400,PET0494,2026-03-24,P02,6.0,13.0,78.0,Delivered,,Web
BB007258,C0400,PET0494,2026-04-01,P02,6.0,13.0,78.0,Delivered,5,Web
BB007259,C0400,PET0494,2026-04-15,P09,7.0,12.5,87.5,Delivered,,Web
BB007260,C0402,PET0496,2026-02-23,P12,3.0,12.5,37.5,Delivered,,Web
BB007261,C0402,PET0496,2026-03-03,P12,5.0,12.5,62.5,Delivered,5,Web
BB007262,C0402,PET0496,2026-03-14,P12,7.0,12.5,87.5,Delivered,,Re-order Email
BB007263,C0402,PET0496,2026-03-28,P12,7.0,12.5,87.5,Delivered,,Re-order Email
BB007264,C0402,PET0496,2026-04-06,P12,5.0,12.5,62.5,Delivered,5,Web
BB007265,C0402,PET0496,2026-04-18,P08,3.0,15.5,46.5,Delivered,,Web
BB007266,C0402,PET0496,2026-04-26,P12,3.0,12.5,37.5,Delivered,,Web
BB007267,C0402,PET0497,2026-05-02,P08,6.0,15.5,93.0,Scheduled,5,Web
BB007268,C0403,PET0498,2025-10-10,P12,4.0,12.5,50.0,Delivered,,Pickup
BB007269,C0403,PET0498,2025-10-20,P12,5.0,12.5,62.5,Delivered,,Pickup
BB007270,C0403,PET0498,2025-10-31,P12,6.0,12.5,75.0,Delivered,5,Pickup
BB007271,C0403,PET0498,2025-11-11,P12,6.0,12.5,75.0,Delivered,5,Pickup
BB007272,C0403,PET0498,2025-11-19,P09,7.0,12.5,87.5,Delivered,5,Re-order Email
BB007273,C0403,PET0498,2025-11-26,P12,6.0,12.5,75.0,Delivered,,Pickup
BB007274,C0403,PET0498,2025-12-09,P01,6.0,14.5,87.0,Delivered,,Web
BB007275,C0403,PET0498,2025-12-19,P12,3.0,12.5,37.5,Delivered,5,Re-order Email
BB007276,C0403,PET0498,2026-01-01,P12,6.0,12.5,75.0,Delivered,,Web
BB007277,C0403,PET0498,2026-01-08,P12,4.0,12.5,50.0,Delivered,,Web
BB007278,C0403,PET0498,2026-01-18,P11,3.0,12.0,36.0,Delivered,5,Web
BB007279,C0403,PET0498,2026-01-30,P08,7.0,15.5,108.5,Delivered,,Web
BB007280,C0403,PET0498,2026-02-11,P12,4.0,12.5,50.0,Delivered,5,Web
BB007281,C0403,PET0498,2026-02-23,P12,3.0,12.5,37.5,Delivered,,Pickup
BB007282,C0403,PET0498,2026-03-05,P12,7.0,12.5,87.5,Delivered,,Pickup
BB007283,C0403,PET0498,2026-03-18,P12,4.0,12.5,50.0,Delivered,,Web
BB007284,C0403,PET0498,2026-03-29,P08,6.0,15.5,93.0,Delivered,5,Web
BB007285,C0403,PET0498,2026-04-10,P10,3.0,13.0,39.0,Delivered,,Web
BB007286,C0404,PET0499,2024-11-12,P09,5.0,12.5,62.5,Delivered,,Web
BB007287,C0404,PET0499,2024-11-25,P12,4.0,12.5,50.0,Delivered,,Web
BB007288,C0404,PET0499,2024-12-08,P09,6.0,12.5,75.0,Delivered,,Web
BB007289,C0404,PET0499,2024-12-18,P09,4.0,12.5,50.0,Delivered,,Pickup
BB007290,C0404,PET0499,2024-12-30,P09,5.0,12.5,62.5,Delivered,,Web
BB007291,C0404,PET0499,2025-01-07,P09,2.0,12.5,25.0,Delivered,4,Web
BB007292,C0404,PET0499,2025-01-18,P06,4.0,14.5,58.0,Delivered,,Pickup
BB007293,C0404,PET0499,2025-01-28,P12,4.0,12.5,50.0,Delivered,,Web
BB007294,C0404,PET0499,2025-02-10,P09,4.0,12.5,50.0,Delivered,5,Web
BB007295,C0404,PET0499,2025-02-22,P09,6.0,12.5,75.0,Delivered,,Web
BB007296,C0404,PET0499,2025-03-04,P09,6.0,12.5,75.0,Delivered,5,Pickup
BB007297,C0404,PET0499,2025-03-11,P03,5.0,13.5,67.5,Delivered,,Web
BB007298,C0404,PET0499,2025-03-22,P09,2.0,12.5,25.0,Delivered,4,Web
BB007299,C0404,PET0499,2025-03-29,P09,4.0,12.5,50.0,Delivered,,Re-order Email
BB007300,C0404,PET0499,2025-04-11,P09,6.0,12.5,75.0,Delivered,5,Web
BB007301,C0404,PET0499,2025-04-22,P09,7.0,12.5,87.5,Delivered,,Re-order Email
BB007302,C0404,PET0499,2025-05-04,P09,3.0,12.5,37.5,Delivered,5,Web
BB007303,C0404,PET0499,2025-05-16,P09,5.0,12.5,62.5,Delivered,,Web
BB007304,C0404,PET0499,2025-05-28,P09,5.0,12.5,62.5,Delivered,4,Re-order Email
BB007305,C0404,PET0499,2025-06-06,P09,3.0,12.5,37.5,Delivered,,Pickup
BB007306,C0404,PET0499,2025-06-14,P09,3.0,12.5,37.5,Delivered,3,Web
BB007307,C0404,PET0499,2025-06-22,P09,6.0,12.5,75.0,Delivered,5,Pickup
BB007308,C0404,PET0499,2025-07-02,P12,4.0,12.5,50.0,Delivered,,Re-order Email
BB007309,C0404,PET0499,2025-07-14,P09,7.0,12.5,87.5,Delivered,,Web
BB007310,C0404,PET0499,2025-07-24,P09,7.0,12.5,87.5,Delivered,,Web
BB007311,C0404,PET0499,2025-08-05,P09,3.0,12.5,37.5,Delivered,,Web
BB007312,C0404,PET0499,2025-08-14,P09,7.0,12.5,87.5,Delivered,5,Web
BB007313,C0404,PET0499,2025-08-23,P09,5.0,12.5,62.5,Delivered,,Web
BB007314,C0404,PET0499,2025-09-02,P09,6.0,12.5,75.0,Delivered,,Web
BB007315,C0404,PET0499,2025-09-12,P09,6.0,12.5,75.0,Delivered,5,Web
BB007316,C0404,PET0499,2025-09-22,P09,5.0,12.5,62.5,Delivered,4,Web
BB007317,C0404,PET0499,2025-10-05,P01,6.0,14.5,87.0,Delivered,,Web
BB007318,C0404,PET0499,2025-10-12,P09,6.0,12.5,75.0,Delivered,,Web
BB007319,C0404,PET0499,2025-10-22,P09,4.0,12.5,50.0,Delivered,5,Web
BB007320,C0404,PET0499,2025-10-30,P09,4.0,12.5,50.0,Delivered,,Web
BB007321,C0404,PET0499,2025-11-06,P09,2.0,12.5,25.0,Delivered,5,Web
BB007322,C0404,PET0499,2025-11-18,P09,7.0,12.5,87.5,Delivered,5,Web
BB007323,C0404,PET0499,2025-11-29,P09,5.0,12.5,62.5,Delivered,,Web
BB007324,C0404,PET0499,2025-12-06,P01,3.0,14.5,43.5,Delivered,5,Web
BB007325,C0404,PET0499,2025-12-14,P01,4.0,14.5,58.0,Delivered,4,Re-order Email
BB007326,C0404,PET0499,2025-12-25,P10,6.0,13.0,78.0,Delivered,,Web
BB007327,C0404,PET0499,2026-01-04,P09,5.0,12.5,62.5,Delivered,,Web
BB007328,C0404,PET0499,2026-01-16,P09,6.0,12.5,75.0,Delivered,,Re-order Email
BB007329,C0404,PET0499,2026-01-25,P09,3.0,12.5,37.5,Delivered,5,Pickup
BB007330,C0404,PET0499,2026-02-07,P11,7.0,12.0,84.0,Delivered,,Web
BB007331,C0404,PET0499,2026-02-14,P09,6.0,12.5,75.0,Delivered,,Web
BB007332,C0404,PET0499,2026-02-24,P09,5.0,12.5,62.5,Delivered,,Web
BB007333,C0404,PET0499,2026-03-07,P09,6.0,12.5,75.0,Delivered,5,Pickup
BB007334,C0404,PET0499,2026-03-19,P09,4.0,12.5,50.0,Delivered,,Web
BB007335,C0404,PET0499,2026-03-27,P09,6.0,12.5,75.0,Delivered,,Web
BB007336,C0404,PET0499,2026-04-09,P01,7.0,14.5,101.5,Delivered,,Pickup
BB007337,C0404,PET0499,2026-04-18,P09,5.0,12.5,62.5,Delivered,5,Web
BB007338,C0405,PET0500,2026-05-04,P11,5.0,12.0,60.0,Scheduled,,Web
BB007339,C0406,PET0501,2026-03-24,P10,6.0,13.0,78.0,Delivered,5,Web
BB007340,C0406,PET0501,2026-04-06,P02,6.0,13.0,78.0,Delivered,4,Web
BB007341,C0406,PET0501,2026-04-15,P09,5.0,12.5,62.5,Delivered,,Web
BB007342,C0406,PET0502,2026-03-23,P10,5.0,13.0,65.0,Delivered,,Pickup
BB007343,C0407,PET0503,2025-10-25,P02,4.0,13.0,52.0,Delivered,,Web
BB007344,C0407,PET0503,2025-11-05,P04,4.0,14.0,56.0,Delivered,4,Pickup
BB007345,C0407,PET0503,2025-11-16,P10,3.0,13.0,39.0,Delivered,,Web
BB007346,C0407,PET0503,2025-11-23,P04,4.0,14.0,56.0,Delivered,,Web
BB007347,C0407,PET0503,2025-12-01,P01,4.0,14.5,58.0,Delivered,,Web
BB007348,C0407,PET0503,2025-12-14,P04,6.0,14.0,84.0,Delivered,4,Web
BB007349,C0407,PET0503,2025-12-27,P04,3.0,14.0,42.0,Delivered,,Web
BB007350,C0407,PET0503,2026-01-08,P04,7.0,14.0,98.0,Delivered,,Web
BB007351,C0407,PET0503,2026-01-20,P08,5.0,15.5,77.5,Delivered,5,Re-order Email
BB007352,C0407,PET0503,2026-01-27,P04,6.0,14.0,84.0,Delivered,,Web
BB007353,C0407,PET0503,2026-02-06,P04,6.0,14.0,84.0,Delivered,,Web
BB007354,C0407,PET0503,2026-02-20,P04,5.0,14.0,70.0,Delivered,5,Re-order Email
BB007355,C0407,PET0503,2026-03-06,P03,6.0,13.5,81.0,Delivered,5,Web
BB007356,C0407,PET0503,2026-03-20,P04,6.0,14.0,84.0,Delivered,,Re-order Email
BB007357,C0407,PET0503,2026-04-02,P04,3.0,14.0,42.0,Delivered,,Pickup
BB007358,C0407,PET0503,2026-04-16,P04,4.0,14.0,56.0,Delivered,,Web
BB007359,C0407,PET0503,2026-04-26,P04,4.0,14.0,56.0,Delivered,,Web
BB007360,C0409,PET0505,2026-01-30,P04,6.0,14.0,84.0,Delivered,5,Web
BB007361,C0409,PET0505,2026-02-09,P06,4.0,14.5,58.0,Delivered,,Web
BB007362,C0409,PET0505,2026-02-17,P06,2.0,14.5,29.0,Delivered,,Web
BB007363,C0409,PET0505,2026-02-26,P06,5.0,14.5,72.5,Delivered,,Pickup
BB007364,C0409,PET0505,2026-03-08,P06,4.0,14.5,58.0,Delivered,4,Pickup
BB007365,C0409,PET0505,2026-03-21,P12,5.0,12.5,62.5,Delivered,4,Web
BB007366,C0409,PET0505,2026-03-31,P06,5.0,14.5,72.5,Delivered,,Web
BB007367,C0410,PET0506,2026-03-11,P01,7.0,14.5,101.5,Delivered,,Web
BB007368,C0410,PET0506,2026-03-21,P01,3.0,14.5,43.5,Delivered,,Re-order Email
BB007369,C0410,PET0506,2026-03-31,P05,5.0,15.0,75.0,Delivered,5,Web
BB007370,C0410,PET0506,2026-04-12,P12,6.0,12.5,75.0,Delivered,,Re-order Email
BB007371,C0410,PET0506,2026-04-26,P01,5.0,14.5,72.5,Delivered,,Web
BB007372,C0411,PET0507,2025-03-28,P06,4.0,14.5,58.0,Delivered,,Re-order Email
BB007373,C0411,PET0507,2025-04-11,P03,6.0,13.5,81.0,Delivered,,Web
BB007374,C0411,PET0507,2025-04-23,P06,5.0,14.5,72.5,Delivered,,Web
BB007375,C0411,PET0507,2025-05-02,P06,6.0,14.5,87.0,Delivered,,Pickup
BB007376,C0411,PET0507,2025-05-11,P09,6.0,12.5,75.0,Delivered,,Web
BB007377,C0411,PET0507,2025-05-22,P06,5.0,14.5,72.5,Delivered,,Web
BB007378,C0411,PET0507,2025-05-30,P06,5.0,14.5,72.5,Delivered,4,Re-order Email
BB007379,C0411,PET0507,2025-06-12,P06,4.0,14.5,58.0,Delivered,5,Web
BB007380,C0411,PET0507,2025-06-22,P06,3.0,14.5,43.5,Delivered,,Web
BB007381,C0411,PET0507,2025-07-02,P06,6.0,14.5,87.0,Delivered,,Pickup
BB007382,C0411,PET0507,2025-07-12,P11,4.0,12.0,48.0,Delivered,,Web
BB007383,C0411,PET0507,2025-07-26,P06,5.0,14.5,72.5,Delivered,5,Web
BB007384,C0411,PET0507,2025-08-07,P06,6.0,14.5,87.0,Delivered,5,Pickup
BB007385,C0411,PET0507,2025-08-17,P06,2.0,14.5,29.0,Delivered,,Web
BB007386,C0411,PET0507,2025-08-28,P06,7.0,14.5,101.5,Delivered,,Pickup
BB007387,C0411,PET0507,2025-09-10,P11,4.0,12.0,48.0,Delivered,,Re-order Email
BB007388,C0411,PET0507,2025-09-19,P06,6.0,14.5,87.0,Delivered,,Pickup
BB007389,C0411,PET0507,2025-10-03,P06,6.0,14.5,87.0,Delivered,,Web
BB007390,C0411,PET0507,2025-10-11,P06,4.0,14.5,58.0,Delivered,,Web
BB007391,C0411,PET0507,2025-10-23,P01,5.0,14.5,72.5,Delivered,5,Re-order Email
BB007392,C0411,PET0507,2025-11-01,P06,3.0,14.5,43.5,Delivered,,Pickup
BB007393,C0411,PET0507,2025-11-08,P06,5.0,14.5,72.5,Delivered,,Web
BB007394,C0411,PET0507,2025-11-20,P09,3.0,12.5,37.5,Delivered,4,Re-order Email
BB007395,C0411,PET0507,2025-11-30,P06,4.0,14.5,58.0,Delivered,,Web
BB007396,C0411,PET0507,2025-12-07,P06,7.0,14.5,101.5,Delivered,5,Web
BB007397,C0411,PET0507,2025-12-20,P06,7.0,14.5,101.5,Delivered,5,Pickup
BB007398,C0411,PET0507,2025-12-29,P09,3.0,12.5,37.5,Delivered,,Pickup
BB007399,C0411,PET0507,2026-01-12,P06,3.0,14.5,43.5,Delivered,,Pickup
BB007400,C0411,PET0507,2026-01-19,P06,4.0,14.5,58.0,Delivered,4,Web
BB007401,C0411,PET0507,2026-01-27,P03,3.0,13.5,40.5,Delivered,,Web
BB007402,C0411,PET0507,2026-02-09,P08,5.0,15.5,77.5,Delivered,5,Pickup
BB007403,C0411,PET0507,2026-02-23,P06,5.0,14.5,72.5,Delivered,,Re-order Email
BB007404,C0411,PET0507,2026-03-07,P06,5.0,14.5,72.5,Delivered,4,Web
BB007405,C0411,PET0507,2026-03-18,P06,4.0,14.5,58.0,Delivered,,Pickup
BB007406,C0411,PET0507,2026-03-25,P06,3.0,14.5,43.5,Delivered,,Web
BB007407,C0411,PET0507,2026-04-06,P03,3.0,13.5,40.5,Delivered,5,Re-order Email
BB007408,C0411,PET0507,2026-04-19,P06,4.0,14.5,58.0,Delivered,,Web
BB007409,C0412,PET0508,2026-04-29,P08,4.0,15.5,62.0,Delivered,5,Web
BB007410,C0413,PET0510,2025-05-11,P01,7.0,14.5,101.5,Delivered,5,Web
BB007411,C0413,PET0510,2025-05-23,P12,6.0,12.5,75.0,Delivered,,Pickup
BB007412,C0413,PET0510,2025-05-30,P12,4.0,12.5,50.0,Delivered,,Pickup
BB007413,C0413,PET0510,2025-06-07,P02,5.0,13.0,65.0,Delivered,,Web
BB007414,C0413,PET0510,2025-06-20,P08,5.0,15.5,77.5,Delivered,,Web
BB007415,C0413,PET0510,2025-06-27,P12,2.0,12.5,25.0,Delivered,,Re-order Email
BB007416,C0413,PET0510,2025-07-09,P12,5.0,12.5,62.5,Delivered,,Pickup
BB007417,C0413,PET0510,2025-07-18,P07,7.0,13.5,94.5,Delivered,,Web
BB007418,C0413,PET0510,2025-07-30,P12,6.0,12.5,75.0,Delivered,4,Pickup
BB007419,C0413,PET0510,2025-08-10,P10,4.0,13.0,52.0,Delivered,,Web
BB007420,C0413,PET0510,2025-08-20,P12,4.0,12.5,50.0,Delivered,,Web
BB007421,C0413,PET0510,2025-08-29,P12,3.0,12.5,37.5,Delivered,,Web
BB007422,C0413,PET0510,2025-09-07,P01,6.0,14.5,87.0,Delivered,5,Web
BB007423,C0413,PET0510,2025-09-17,P06,2.0,14.5,29.0,Delivered,5,Web
BB007424,C0413,PET0510,2025-09-29,P12,5.0,12.5,62.5,Delivered,,Web
BB007425,C0413,PET0510,2025-10-09,P08,5.0,15.5,77.5,Delivered,,Web
BB007426,C0413,PET0510,2025-10-21,P12,5.0,12.5,62.5,Delivered,5,Re-order Email
BB007427,C0413,PET0510,2025-10-30,P12,4.0,12.5,50.0,Delivered,,Web
BB007428,C0413,PET0510,2025-11-10,P12,3.0,12.5,37.5,Delivered,4,Re-order Email
BB007429,C0413,PET0510,2025-11-17,P12,5.0,12.5,62.5,Delivered,5,Web
BB007430,C0413,PET0510,2025-11-30,P12,6.0,12.5,75.0,Delivered,,Web
BB007431,C0413,PET0510,2025-12-11,P12,6.0,12.5,75.0,Delivered,,Web
BB007432,C0413,PET0510,2025-12-22,P12,3.0,12.5,37.5,Delivered,,Web
BB007433,C0413,PET0510,2025-12-30,P06,3.0,14.5,43.5,Delivered,,Web
BB007434,C0413,PET0510,2026-01-11,P12,5.0,12.5,62.5,Delivered,,Web
BB007435,C0413,PET0510,2026-01-22,P11,2.0,12.0,24.0,Delivered,5,Web
BB007436,C0413,PET0510,2026-01-29,P10,4.0,13.0,52.0,Delivered,,Web
BB007437,C0413,PET0510,2026-02-09,P11,7.0,12.0,84.0,Delivered,5,Web
BB007438,C0413,PET0510,2026-02-22,P04,3.0,14.0,42.0,Delivered,,Web
BB007439,C0413,PET0510,2026-03-05,P12,6.0,12.5,75.0,Delivered,5,Web
BB007440,C0413,PET0510,2026-03-14,P12,4.0,12.5,50.0,Delivered,,Re-order Email
BB007441,C0413,PET0510,2026-03-26,P12,3.0,12.5,37.5,Delivered,5,Web
BB007442,C0413,PET0510,2026-04-05,P12,4.0,12.5,50.0,Delivered,,Web
BB007443,C0413,PET0510,2026-04-13,P12,4.0,12.5,50.0,Delivered,,Web
BB007444,C0413,PET0510,2026-04-23,P12,5.0,12.5,62.5,Delivered,,Web
BB007445,C0413,PET0511,2025-05-10,P02,5.0,13.0,65.0,Delivered,,Web
BB007446,C0413,PET0511,2025-05-21,P02,4.0,13.0,52.0,Delivered,,Web
BB007447,C0413,PET0511,2025-05-28,P02,6.0,13.0,78.0,Delivered,,Web
BB007448,C0413,PET0511,2025-06-05,P02,7.0,13.0,91.0,Delivered,4,Web
BB007449,C0413,PET0511,2025-06-16,P02,5.0,13.0,65.0,Delivered,,Web
BB007450,C0413,PET0511,2025-06-26,P02,4.0,13.0,52.0,Delivered,3,Pickup
BB007451,C0413,PET0511,2025-07-04,P02,2.0,13.0,26.0,Delivered,5,Pickup
BB007452,C0413,PET0511,2025-07-16,P02,6.0,13.0,78.0,Delivered,,Web
BB007453,C0413,PET0511,2025-07-30,P12,3.0,12.5,37.5,Delivered,5,Web
BB007454,C0413,PET0511,2025-08-11,P02,6.0,13.0,78.0,Delivered,,Web
BB007455,C0413,PET0511,2025-08-21,P02,6.0,13.0,78.0,Delivered,,Web
BB007456,C0413,PET0511,2025-09-03,P08,7.0,15.5,108.5,Delivered,,Web
BB007457,C0413,PET0511,2025-09-10,P01,4.0,14.5,58.0,Delivered,,Web
BB007458,C0413,PET0511,2025-09-18,P11,4.0,12.0,48.0,Delivered,,Web
BB007459,C0413,PET0511,2025-10-01,P02,6.0,13.0,78.0,Delivered,,Web
BB007460,C0413,PET0511,2025-10-09,P08,5.0,15.5,77.5,Delivered,,Web
BB007461,C0413,PET0511,2025-10-21,P02,4.0,13.0,52.0,Delivered,,Pickup
BB007462,C0413,PET0511,2025-11-03,P02,7.0,13.0,91.0,Delivered,,Pickup
BB007463,C0413,PET0511,2025-11-12,P02,4.0,13.0,52.0,Delivered,3,Web
BB007464,C0413,PET0511,2025-11-26,P01,4.0,14.5,58.0,Delivered,,Web
BB007465,C0413,PET0511,2025-12-08,P02,5.0,13.0,65.0,Delivered,5,Re-order Email
BB007466,C0413,PET0511,2025-12-22,P02,6.0,13.0,78.0,Delivered,4,Web
BB007467,C0413,PET0511,2025-12-31,P02,4.0,13.0,52.0,Delivered,,Web
BB007468,C0413,PET0511,2026-01-10,P09,6.0,12.5,75.0,Delivered,,Re-order Email
BB007469,C0413,PET0511,2026-01-18,P02,5.0,13.0,65.0,Delivered,5,Web
BB007470,C0413,PET0511,2026-01-28,P02,7.0,13.0,91.0,Delivered,,Web
BB007471,C0413,PET0511,2026-02-07,P02,5.0,13.0,65.0,Delivered,,Web
BB007472,C0413,PET0511,2026-02-21,P08,4.0,15.5,62.0,Delivered,5,Web
BB007473,C0413,PET0511,2026-03-04,P02,5.0,13.0,65.0,Delivered,,Re-order Email
BB007474,C0413,PET0511,2026-03-14,P10,5.0,13.0,65.0,Delivered,,Web
BB007475,C0413,PET0511,2026-03-24,P02,7.0,13.0,91.0,Delivered,5,Web
BB007476,C0413,PET0511,2026-04-02,P12,3.0,12.5,37.5,Delivered,,Web
BB007477,C0413,PET0511,2026-04-09,P01,7.0,14.5,101.5,Delivered,,Web
BB007478,C0413,PET0511,2026-04-17,P02,7.0,13.0,91.0,Delivered,,Web
BB007479,C0414,PET0512,2026-03-31,P08,4.0,15.5,62.0,Delivered,,Web
BB007480,C0414,PET0512,2026-04-08,P08,4.0,15.5,62.0,Delivered,,Web
BB007481,C0414,PET0513,2026-03-29,P11,2.0,12.0,24.0,Delivered,5,Web
BB007482,C0414,PET0513,2026-04-10,P03,7.0,13.5,94.5,Delivered,,Web
BB007483,C0414,PET0513,2026-04-19,P03,4.0,13.5,54.0,Delivered,,Web
BB007484,C0414,PET0513,2026-04-27,P03,6.0,13.5,81.0,Delivered,4,Web
BB007485,C0414,PET0514,2026-04-02,P10,7.0,13.0,91.0,Delivered,5,Web
BB007486,C0414,PET0514,2026-04-09,P02,3.0,13.0,39.0,Delivered,,Web
BB007487,C0414,PET0514,2026-04-23,P02,7.0,13.0,91.0,Delivered,,Re-order Email
BB007488,C0415,PET0515,2025-08-15,P04,3.0,14.0,42.0,Delivered,3,Web
BB007489,C0415,PET0515,2025-08-24,P04,2.0,14.0,28.0,Delivered,4,Web
BB007490,C0415,PET0515,2025-09-01,P04,4.0,14.0,56.0,Delivered,5,Web
BB007491,C0415,PET0515,2025-09-10,P03,5.0,13.5,67.5,Delivered,5,Web
BB007492,C0415,PET0515,2025-09-18,P04,5.0,14.0,70.0,Delivered,,Web
BB007493,C0415,PET0515,2025-09-28,P04,4.0,14.0,56.0,Delivered,4,Web
BB007494,C0415,PET0515,2025-10-10,P04,7.0,14.0,98.0,Delivered,,Web
BB007495,C0415,PET0515,2025-10-23,P04,3.0,14.0,42.0,Delivered,,Web
BB007496,C0415,PET0515,2025-10-30,P04,6.0,14.0,84.0,Delivered,5,Re-order Email
BB007497,C0415,PET0515,2025-11-06,P04,6.0,14.0,84.0,Delivered,,Web
BB007498,C0415,PET0515,2025-11-17,P07,4.0,13.5,54.0,Delivered,,Web
BB007499,C0415,PET0515,2025-11-26,P04,5.0,14.0,70.0,Delivered,,Pickup
BB007500,C0415,PET0515,2025-12-04,P04,4.0,14.0,56.0,Delivered,5,Web
BB007501,C0415,PET0515,2025-12-11,P10,5.0,13.0,65.0,Delivered,,Pickup
BB007502,C0415,PET0515,2025-12-23,P04,5.0,14.0,70.0,Delivered,4,Web
BB007503,C0415,PET0515,2025-12-30,P04,3.0,14.0,42.0,Delivered,,Web
BB007504,C0415,PET0515,2026-01-06,P04,7.0,14.0,98.0,Delivered,,Web
BB007505,C0415,PET0515,2026-01-16,P04,5.0,14.0,70.0,Delivered,5,Web
BB007506,C0415,PET0515,2026-01-29,P04,5.0,14.0,70.0,Delivered,,Web
BB007507,C0415,PET0515,2026-02-10,P04,5.0,14.0,70.0,Delivered,,Web
BB007508,C0415,PET0515,2026-02-19,P04,2.0,14.0,28.0,Delivered,5,Web
BB007509,C0415,PET0515,2026-02-27,P04,7.0,14.0,98.0,Delivered,,Pickup
BB007510,C0415,PET0515,2026-03-11,P04,6.0,14.0,84.0,Delivered,5,Web
BB007511,C0415,PET0515,2026-03-24,P02,4.0,13.0,52.0,Delivered,5,Web
BB007512,C0415,PET0515,2026-04-05,P04,4.0,14.0,56.0,Delivered,,Pickup
BB007513,C0415,PET0515,2026-04-12,P04,5.0,14.0,70.0,Delivered,5,Web
BB007514,C0415,PET0515,2026-04-19,P04,7.0,14.0,98.0,Delivered,5,Re-order Email
BB007515,C0416,PET0516,2025-11-13,P12,4.0,12.5,50.0,Delivered,,Web
BB007516,C0416,PET0516,2025-11-23,P06,4.0,14.5,58.0,Delivered,,Web
BB007517,C0416,PET0516,2025-12-02,P10,6.0,13.0,78.0,Delivered,5,Pickup
BB007518,C0416,PET0516,2025-12-12,P10,4.0,13.0,52.0,Delivered,,Re-order Email
BB007519,C0416,PET0516,2025-12-24,P06,3.0,14.5,43.5,Delivered,,Web
BB007520,C0416,PET0516,2025-12-31,P08,4.0,15.5,62.0,Delivered,5,Re-order Email
BB007521,C0416,PET0516,2026-01-10,P10,3.0,13.0,39.0,Delivered,,Web
BB007522,C0416,PET0516,2026-01-20,P10,4.0,13.0,52.0,Delivered,4,Re-order Email
BB007523,C0416,PET0516,2026-01-29,P10,4.0,13.0,52.0,Delivered,,Web
BB007524,C0416,PET0516,2026-02-11,P10,7.0,13.0,91.0,Delivered,5,Web
BB007525,C0416,PET0516,2026-02-22,P10,3.0,13.0,39.0,Delivered,4,Web
BB007526,C0416,PET0516,2026-03-03,P10,5.0,13.0,65.0,Delivered,,Web
BB007527,C0416,PET0516,2026-03-11,P10,3.0,13.0,39.0,Delivered,,Web
BB007528,C0416,PET0516,2026-03-20,P10,4.0,13.0,52.0,Delivered,,Web
BB007529,C0416,PET0516,2026-04-02,P10,5.0,13.0,65.0,Delivered,,Pickup
BB007530,C0417,PET0517,2025-02-04,P08,6.0,15.5,93.0,Delivered,5,Web
BB007531,C0417,PET0517,2025-02-13,P07,4.0,13.5,54.0,Delivered,,Pickup
BB007532,C0417,PET0517,2025-02-24,P08,5.0,15.5,77.5,Delivered,,Web
BB007533,C0417,PET0517,2025-03-05,P08,6.0,15.5,93.0,Delivered,,Web
BB007534,C0417,PET0517,2025-03-14,P11,2.0,12.0,24.0,Delivered,,Web
BB007535,C0417,PET0517,2025-03-26,P08,2.0,15.5,31.0,Delivered,,Web
BB007536,C0417,PET0517,2025-04-08,P09,5.0,12.5,62.5,Delivered,,Web
BB007537,C0417,PET0517,2025-04-19,P07,6.0,13.5,81.0,Delivered,5,Re-order Email
BB007538,C0417,PET0517,2025-04-27,P01,4.0,14.5,58.0,Delivered,5,Pickup
BB007539,C0417,PET0517,2025-05-09,P08,3.0,15.5,46.5,Delivered,,Web
BB007540,C0417,PET0517,2025-05-18,P08,6.0,15.5,93.0,Delivered,,Pickup
BB007541,C0417,PET0517,2025-05-26,P08,3.0,15.5,46.5,Delivered,,Re-order Email
BB007542,C0417,PET0517,2025-06-02,P08,4.0,15.5,62.0,Delivered,,Web
BB007543,C0417,PET0517,2025-06-09,P02,4.0,13.0,52.0,Delivered,5,Web
BB007544,C0417,PET0517,2025-06-22,P08,7.0,15.5,108.5,Delivered,,Re-order Email
BB007545,C0417,PET0517,2025-07-01,P08,4.0,15.5,62.0,Delivered,,Re-order Email
BB007546,C0417,PET0517,2025-07-08,P08,5.0,15.5,77.5,Delivered,,Pickup
BB007547,C0417,PET0517,2025-07-19,P08,4.0,15.5,62.0,Delivered,4,Web
BB007548,C0417,PET0517,2025-07-28,P08,6.0,15.5,93.0,Delivered,,Web
BB007549,C0417,PET0517,2025-08-08,P08,5.0,15.5,77.5,Delivered,,Web
BB007550,C0417,PET0517,2025-08-21,P10,3.0,13.0,39.0,Delivered,,Re-order Email
BB007551,C0417,PET0517,2025-08-29,P08,4.0,15.5,62.0,Delivered,,Web
BB007552,C0417,PET0517,2025-09-08,P08,6.0,15.5,93.0,Delivered,,Web
BB007553,C0417,PET0517,2025-09-18,P08,3.0,15.5,46.5,Delivered,,Web
BB007554,C0417,PET0517,2025-09-30,P08,4.0,15.5,62.0,Delivered,4,Web
BB007555,C0417,PET0517,2025-10-13,P08,3.0,15.5,46.5,Delivered,,Web
BB007556,C0417,PET0517,2025-10-22,P08,3.0,15.5,46.5,Delivered,,Web
BB007557,C0417,PET0517,2025-11-04,P10,4.0,13.0,52.0,Delivered,3,Web
BB007558,C0417,PET0517,2025-11-15,P08,6.0,15.5,93.0,Delivered,,Web
BB007559,C0417,PET0517,2025-11-25,P11,3.0,12.0,36.0,Delivered,5,Web
BB007560,C0417,PET0517,2025-12-04,P08,5.0,15.5,77.5,Delivered,4,Web
BB007561,C0417,PET0517,2025-12-17,P08,3.0,15.5,46.5,Delivered,5,Web
BB007562,C0417,PET0517,2025-12-29,P08,3.0,15.5,46.5,Delivered,5,Web
BB007563,C0417,PET0517,2026-01-11,P11,6.0,12.0,72.0,Delivered,,Pickup
BB007564,C0417,PET0517,2026-01-21,P02,3.0,13.0,39.0,Delivered,,Web
BB007565,C0417,PET0517,2026-02-03,P08,3.0,15.5,46.5,Delivered,5,Pickup
BB007566,C0417,PET0517,2026-02-15,P08,3.0,15.5,46.5,Delivered,4,Web
BB007567,C0417,PET0517,2026-02-25,P08,5.0,15.5,77.5,Delivered,,Web
BB007568,C0417,PET0517,2026-03-04,P10,4.0,13.0,52.0,Delivered,,Web
BB007569,C0417,PET0517,2026-03-17,P08,3.0,15.5,46.5,Delivered,,Web
BB007570,C0417,PET0517,2026-03-30,P08,4.0,15.5,62.0,Delivered,,Re-order Email
BB007571,C0417,PET0518,2025-02-03,P10,5.0,13.0,65.0,Delivered,,Web
BB007572,C0417,PET0518,2025-02-16,P10,4.0,13.0,52.0,Delivered,,Re-order Email
BB007573,C0417,PET0518,2025-02-24,P12,4.0,12.5,50.0,Delivered,5,Re-order Email
BB007574,C0417,PET0518,2025-03-08,P10,7.0,13.0,91.0,Delivered,5,Pickup
BB007575,C0417,PET0518,2025-03-17,P10,6.0,13.0,78.0,Delivered,5,Web
BB007576,C0417,PET0518,2025-03-29,P06,5.0,14.5,72.5,Delivered,,Pickup
BB007577,C0417,PET0518,2025-04-10,P10,6.0,13.0,78.0,Delivered,3,Web
BB007578,C0417,PET0518,2025-04-22,P09,5.0,12.5,62.5,Delivered,,Web
BB007579,C0417,PET0518,2025-04-30,P10,4.0,13.0,52.0,Delivered,3,Web
BB007580,C0417,PET0518,2025-05-11,P10,6.0,13.0,78.0,Delivered,,Web
BB007581,C0417,PET0518,2025-05-23,P10,2.0,13.0,26.0,Delivered,5,Web
BB007582,C0417,PET0518,2025-06-03,P10,7.0,13.0,91.0,Delivered,,Web
BB007583,C0417,PET0518,2025-06-15,P10,4.0,13.0,52.0,Delivered,,Web
BB007584,C0417,PET0518,2025-06-24,P10,5.0,13.0,65.0,Delivered,,Web
BB007585,C0417,PET0518,2025-07-05,P11,3.0,12.0,36.0,Delivered,,Web
BB007586,C0417,PET0518,2025-07-17,P10,4.0,13.0,52.0,Delivered,5,Web
BB007587,C0417,PET0518,2025-07-27,P10,6.0,13.0,78.0,Delivered,3,Pickup
BB007588,C0417,PET0518,2025-08-05,P10,6.0,13.0,78.0,Delivered,,Web
BB007589,C0417,PET0518,2025-08-13,P07,6.0,13.5,81.0,Delivered,,Web
BB007590,C0417,PET0518,2025-08-24,P10,6.0,13.0,78.0,Delivered,5,Pickup
BB007591,C0417,PET0518,2025-09-06,P12,4.0,12.5,50.0,Delivered,5,Re-order Email
BB007592,C0417,PET0518,2025-09-16,P02,6.0,13.0,78.0,Delivered,,Web
BB007593,C0417,PET0518,2025-09-27,P04,4.0,14.0,56.0,Delivered,5,Pickup
BB007594,C0417,PET0518,2025-10-08,P10,4.0,13.0,52.0,Delivered,,Re-order Email
BB007595,C0417,PET0518,2025-10-22,P10,6.0,13.0,78.0,Delivered,,Web
BB007596,C0417,PET0518,2025-10-29,P09,5.0,12.5,62.5,Delivered,,Web
BB007597,C0417,PET0518,2025-11-09,P10,5.0,13.0,65.0,Delivered,,Re-order Email
BB007598,C0417,PET0518,2025-11-16,P10,6.0,13.0,78.0,Delivered,4,Re-order Email
BB007599,C0417,PET0518,2025-11-25,P10,5.0,13.0,65.0,Delivered,,Pickup
BB007600,C0417,PET0518,2025-12-02,P10,5.0,13.0,65.0,Delivered,,Web
BB007601,C0417,PET0518,2025-12-13,P10,4.0,13.0,52.0,Delivered,5,Web
BB007602,C0417,PET0518,2025-12-21,P10,3.0,13.0,39.0,Delivered,5,Re-order Email
BB007603,C0417,PET0518,2025-12-31,P02,6.0,13.0,78.0,Delivered,,Web
BB007604,C0417,PET0518,2026-01-09,P10,7.0,13.0,91.0,Delivered,,Re-order Email
BB007605,C0417,PET0518,2026-01-17,P02,6.0,13.0,78.0,Delivered,5,Pickup
BB007606,C0417,PET0518,2026-01-25,P10,6.0,13.0,78.0,Delivered,,Web
BB007607,C0417,PET0518,2026-02-03,P10,6.0,13.0,78.0,Delivered,,Web
BB007608,C0417,PET0518,2026-02-15,P08,5.0,15.5,77.5,Delivered,,Web
BB007609,C0417,PET0518,2026-02-25,P10,7.0,13.0,91.0,Delivered,,Web
BB007610,C0417,PET0518,2026-03-08,P03,3.0,13.5,40.5,Delivered,5,Web
BB007611,C0417,PET0518,2026-03-17,P10,6.0,13.0,78.0,Delivered,,Web
BB007612,C0417,PET0518,2026-03-31,P10,7.0,13.0,91.0,Delivered,,Web
BB007613,C0417,PET0518,2026-04-08,P06,6.0,14.5,87.0,Delivered,3,Web
BB007614,C0417,PET0518,2026-04-17,P10,5.0,13.0,65.0,Delivered,,Re-order Email
BB007615,C0418,PET0519,2026-01-07,P02,5.0,13.0,65.0,Delivered,,Web
BB007616,C0418,PET0519,2026-01-15,P02,7.0,13.0,91.0,Delivered,,Re-order Email
BB007617,C0418,PET0519,2026-01-23,P02,5.0,13.0,65.0,Delivered,4,Web
BB007618,C0418,PET0519,2026-02-03,P02,4.0,13.0,52.0,Delivered,,Web
BB007619,C0418,PET0519,2026-02-12,P02,6.0,13.0,78.0,Delivered,4,Web
BB007620,C0418,PET0519,2026-02-22,P02,6.0,13.0,78.0,Delivered,,Web
BB007621,C0418,PET0519,2026-03-03,P02,5.0,13.0,65.0,Delivered,,Pickup
BB007622,C0418,PET0519,2026-03-13,P02,6.0,13.0,78.0,Delivered,,Web
BB007623,C0418,PET0519,2026-03-22,P02,6.0,13.0,78.0,Delivered,,Web
BB007624,C0418,PET0519,2026-03-29,P02,4.0,13.0,52.0,Delivered,4,Web
BB007625,C0418,PET0519,2026-04-05,P02,4.0,13.0,52.0,Delivered,,Web
BB007626,C0418,PET0519,2026-04-15,P02,5.0,13.0,65.0,Delivered,,Web
BB007627,C0418,PET0519,2026-04-22,P02,6.0,13.0,78.0,Delivered,,Web
BB007628,C0418,PET0520,2026-01-07,P03,6.0,13.5,81.0,Delivered,4,Web
BB007629,C0418,PET0520,2026-01-14,P07,4.0,13.5,54.0,Delivered,,Web
BB007630,C0418,PET0520,2026-01-22,P03,4.0,13.5,54.0,Delivered,,Web
BB007631,C0418,PET0520,2026-02-02,P03,3.0,13.5,40.5,Delivered,4,Web
BB007632,C0418,PET0520,2026-02-15,P03,4.0,13.5,54.0,Delivered,5,Re-order Email
BB007633,C0418,PET0520,2026-02-23,P03,5.0,13.5,67.5,Delivered,,Web
BB007634,C0418,PET0520,2026-03-07,P02,6.0,13.0,78.0,Delivered,,Web
BB007635,C0418,PET0520,2026-03-18,P03,3.0,13.5,40.5,Delivered,,Web
BB007636,C0418,PET0520,2026-03-31,P03,4.0,13.5,54.0,Delivered,,Web
BB007637,C0418,PET0520,2026-04-11,P03,6.0,13.5,81.0,Delivered,,Web
BB007638,C0418,PET0520,2026-04-20,P03,3.0,13.5,40.5,Delivered,,Pickup
BB007639,C0419,PET0522,2025-10-09,P04,3.0,14.0,42.0,Delivered,,Pickup
BB007640,C0419,PET0522,2025-10-16,P03,5.0,13.5,67.5,Delivered,,Re-order Email
BB007641,C0419,PET0522,2025-10-23,P03,4.0,13.5,54.0,Delivered,,Web
BB007642,C0419,PET0522,2025-10-31,P03,6.0,13.5,81.0,Delivered,5,Web
BB007643,C0419,PET0522,2025-11-11,P03,5.0,13.5,67.5,Delivered,,Web
BB007644,C0419,PET0522,2025-11-23,P03,6.0,13.5,81.0,Delivered,,Pickup
BB007645,C0419,PET0522,2025-12-06,P03,4.0,13.5,54.0,Delivered,,Web
BB007646,C0419,PET0522,2025-12-16,P03,5.0,13.5,67.5,Delivered,,Web
BB007647,C0419,PET0522,2025-12-23,P10,3.0,13.0,39.0,Delivered,,Pickup
BB007648,C0419,PET0522,2026-01-02,P03,5.0,13.5,67.5,Delivered,5,Web
BB007649,C0419,PET0522,2026-01-13,P03,5.0,13.5,67.5,Delivered,,Web
BB007650,C0419,PET0522,2026-01-23,P03,6.0,13.5,81.0,Delivered,,Re-order Email
BB007651,C0419,PET0522,2026-02-05,P03,6.0,13.5,81.0,Delivered,,Web
BB007652,C0419,PET0522,2026-02-17,P03,4.0,13.5,54.0,Delivered,,Re-order Email
BB007653,C0419,PET0522,2026-02-24,P12,7.0,12.5,87.5,Delivered,5,Pickup
BB007654,C0419,PET0522,2026-03-06,P03,6.0,13.5,81.0,Delivered,,Re-order Email
BB007655,C0419,PET0522,2026-03-19,P03,4.0,13.5,54.0,Delivered,,Web
BB007656,C0419,PET0522,2026-03-31,P03,4.0,13.5,54.0,Delivered,,Web
BB007657,C0419,PET0522,2026-04-11,P01,5.0,14.5,72.5,Delivered,,Re-order Email
BB007658,C0419,PET0522,2026-04-22,P06,6.0,14.5,87.0,Delivered,,Pickup
BB007659,C0420,PET0523,2026-01-05,P08,6.0,15.5,93.0,Delivered,5,Pickup
BB007660,C0420,PET0523,2026-01-15,P12,4.0,12.5,50.0,Delivered,,Web
BB007661,C0420,PET0523,2026-01-27,P10,6.0,13.0,78.0,Delivered,5,Web
BB007662,C0420,PET0523,2026-02-08,P08,6.0,15.5,93.0,Delivered,5,Web
BB007663,C0420,PET0523,2026-02-15,P03,3.0,13.5,40.5,Delivered,,Web
BB007664,C0420,PET0523,2026-02-25,P09,4.0,12.5,50.0,Delivered,,Web
BB007665,C0420,PET0523,2026-03-10,P08,3.0,15.5,46.5,Delivered,5,Web
BB007666,C0420,PET0523,2026-03-20,P07,2.0,13.5,27.0,Delivered,5,Pickup
BB007667,C0420,PET0523,2026-04-02,P08,7.0,15.5,108.5,Delivered,,Web
BB007668,C0420,PET0523,2026-04-10,P08,3.0,15.5,46.5,Delivered,,Web
BB007669,C0420,PET0523,2026-04-22,P08,6.0,15.5,93.0,Delivered,,Web
BB007670,C0421,PET0524,2026-03-10,P09,6.0,12.5,75.0,Delivered,,Pickup
BB007671,C0421,PET0524,2026-03-17,P12,7.0,12.5,87.5,Delivered,5,Pickup
BB007672,C0421,PET0524,2026-03-31,P09,4.0,12.5,50.0,Delivered,5,Re-order Email
BB007673,C0421,PET0524,2026-04-14,P09,5.0,12.5,62.5,Delivered,5,Web
BB007674,C0421,PET0524,2026-04-23,P09,6.0,12.5,75.0,Delivered,,Web
BB007675,C0422,PET0525,2026-01-20,P01,3.0,14.5,43.5,Delivered,4,Web
BB007676,C0422,PET0525,2026-01-31,P01,3.0,14.5,43.5,Delivered,5,Web
BB007677,C0422,PET0525,2026-02-08,P01,7.0,14.5,101.5,Delivered,,Web
BB007678,C0422,PET0525,2026-02-20,P07,7.0,13.5,94.5,Delivered,4,Pickup
BB007679,C0422,PET0525,2026-02-28,P01,4.0,14.5,58.0,Delivered,5,Pickup
BB007680,C0422,PET0525,2026-03-11,P01,6.0,14.5,87.0,Delivered,5,Web
BB007681,C0422,PET0525,2026-03-23,P06,6.0,14.5,87.0,Delivered,,Web
BB007682,C0422,PET0525,2026-04-02,P01,6.0,14.5,87.0,Delivered,,Pickup
BB007683,C0423,PET0526,2026-02-05,P01,5.0,14.5,72.5,Delivered,5,Re-order Email
BB007684,C0423,PET0526,2026-02-12,P04,5.0,14.0,70.0,Delivered,5,Web
BB007685,C0423,PET0526,2026-02-25,P02,6.0,13.0,78.0,Delivered,,Web
BB007686,C0423,PET0526,2026-03-09,P02,6.0,13.0,78.0,Delivered,,Pickup
BB007687,C0423,PET0526,2026-03-20,P02,6.0,13.0,78.0,Delivered,,Web
BB007688,C0423,PET0526,2026-03-30,P02,5.0,13.0,65.0,Delivered,,Web
BB007689,C0423,PET0526,2026-04-08,P02,7.0,13.0,91.0,Delivered,,Web
BB007690,C0423,PET0526,2026-04-18,P10,3.0,13.0,39.0,Delivered,,Web
BB007691,C0423,PET0526,2026-04-27,P12,4.0,12.5,50.0,Delivered,,Web
BB007692,C0424,PET0527,2026-03-05,P08,4.0,15.5,62.0,Delivered,5,Pickup
BB007693,C0424,PET0527,2026-03-17,P08,7.0,15.5,108.5,Delivered,5,Web
BB007694,C0424,PET0527,2026-03-28,P09,5.0,12.5,62.5,Delivered,,Web
BB007695,C0424,PET0527,2026-04-10,P08,4.0,15.5,62.0,Delivered,,Web
BB007696,C0424,PET0527,2026-04-21,P08,4.0,15.5,62.0,Delivered,,Pickup
BB007697,C0425,PET0528,2025-08-07,P08,4.0,15.5,62.0,Delivered,,Web
BB007698,C0425,PET0528,2025-08-21,P08,4.0,15.5,62.0,Delivered,5,Web
BB007699,C0425,PET0528,2025-09-01,P08,3.0,15.5,46.5,Delivered,4,Web
BB007700,C0425,PET0528,2025-09-10,P08,4.0,15.5,62.0,Delivered,,Web
BB007701,C0425,PET0528,2025-09-18,P08,3.0,15.5,46.5,Delivered,,Pickup
BB007702,C0425,PET0528,2025-09-25,P08,4.0,15.5,62.0,Delivered,5,Web
BB007703,C0425,PET0528,2025-10-06,P08,7.0,15.5,108.5,Delivered,,Pickup
BB007704,C0425,PET0528,2025-10-19,P08,4.0,15.5,62.0,Delivered,,Web
BB007705,C0425,PET0528,2025-10-31,P08,5.0,15.5,77.5,Delivered,,Web
BB007706,C0425,PET0528,2025-11-12,P08,4.0,15.5,62.0,Delivered,,Web
BB007707,C0425,PET0528,2025-11-26,P08,4.0,15.5,62.0,Delivered,,Web
BB007708,C0425,PET0528,2025-12-03,P08,7.0,15.5,108.5,Delivered,5,Web
BB007709,C0425,PET0528,2025-12-17,P10,6.0,13.0,78.0,Delivered,,Web
BB007710,C0425,PET0528,2025-12-31,P08,2.0,15.5,31.0,Delivered,,Web
BB007711,C0425,PET0528,2026-01-09,P08,5.0,15.5,77.5,Delivered,,Web
BB007712,C0425,PET0528,2026-01-16,P12,2.0,12.5,25.0,Delivered,5,Web
BB007713,C0425,PET0528,2026-01-27,P11,5.0,12.0,60.0,Delivered,,Web
BB007714,C0425,PET0528,2026-02-08,P08,7.0,15.5,108.5,Delivered,,Web
BB007715,C0425,PET0528,2026-02-17,P08,6.0,15.5,93.0,Delivered,,Web
BB007716,C0425,PET0528,2026-02-28,P11,6.0,12.0,72.0,Delivered,,Re-order Email
BB007717,C0425,PET0528,2026-03-10,P08,5.0,15.5,77.5,Delivered,4,Re-order Email
BB007718,C0425,PET0528,2026-03-22,P08,4.0,15.5,62.0,Delivered,,Web
BB007719,C0425,PET0528,2026-03-30,P08,6.0,15.5,93.0,Delivered,,Re-order Email
BB007720,C0425,PET0528,2026-04-10,P08,4.0,15.5,62.0,Delivered,,Web
BB007721,C0425,PET0528,2026-04-18,P08,3.0,15.5,46.5,Delivered,,Re-order Email
BB007722,C0425,PET0529,2025-08-06,P10,5.0,13.0,65.0,Delivered,5,Web
BB007723,C0425,PET0529,2025-08-17,P10,5.0,13.0,65.0,Delivered,5,Web
BB007724,C0425,PET0529,2025-08-27,P10,6.0,13.0,78.0,Delivered,,Re-order Email
BB007725,C0425,PET0529,2025-09-04,P10,6.0,13.0,78.0,Delivered,,Web
BB007726,C0425,PET0529,2025-09-15,P10,7.0,13.0,91.0,Delivered,5,Pickup
BB007727,C0425,PET0529,2025-09-27,P07,6.0,13.5,81.0,Delivered,,Pickup
BB007728,C0425,PET0529,2025-10-04,P10,4.0,13.0,52.0,Delivered,,Re-order Email
BB007729,C0425,PET0529,2025-10-18,P10,4.0,13.0,52.0,Delivered,,Web
BB007730,C0425,PET0529,2025-10-25,P12,4.0,12.5,50.0,Delivered,,Web
BB007731,C0425,PET0529,2025-11-03,P03,5.0,13.5,67.5,Delivered,,Re-order Email
BB007732,C0425,PET0529,2025-11-13,P10,7.0,13.0,91.0,Delivered,5,Web
BB007733,C0425,PET0529,2025-11-25,P10,5.0,13.0,65.0,Delivered,5,Pickup
BB007734,C0425,PET0529,2025-12-05,P07,7.0,13.5,94.5,Delivered,,Web
BB007735,C0425,PET0529,2025-12-16,P03,5.0,13.5,67.5,Delivered,5,Web
BB007736,C0425,PET0529,2025-12-28,P10,4.0,13.0,52.0,Delivered,,Web
BB007737,C0425,PET0529,2026-01-10,P07,5.0,13.5,67.5,Delivered,,Re-order Email
BB007738,C0425,PET0529,2026-01-20,P10,5.0,13.0,65.0,Delivered,,Web
BB007739,C0425,PET0529,2026-01-29,P10,3.0,13.0,39.0,Delivered,5,Web
BB007740,C0425,PET0529,2026-02-08,P10,6.0,13.0,78.0,Delivered,,Web
BB007741,C0425,PET0529,2026-02-17,P06,6.0,14.5,87.0,Delivered,,Pickup
BB007742,C0425,PET0529,2026-02-24,P10,5.0,13.0,65.0,Delivered,,Pickup
BB007743,C0425,PET0529,2026-03-03,P10,7.0,13.0,91.0,Delivered,,Web
BB007744,C0425,PET0529,2026-03-12,P10,7.0,13.0,91.0,Delivered,4,Web
BB007745,C0425,PET0529,2026-03-22,P10,5.0,13.0,65.0,Delivered,5,Re-order Email
BB007746,C0425,PET0529,2026-04-01,P08,3.0,15.5,46.5,Delivered,,Web
BB007747,C0425,PET0529,2026-04-11,P07,4.0,13.5,54.0,Delivered,,Web
BB007748,C0425,PET0529,2026-04-20,P10,4.0,13.0,52.0,Delivered,,Web
BB007749,C0426,PET0530,2026-04-19,P01,4.0,14.5,58.0,Delivered,,Re-order Email
BB007750,C0426,PET0530,2026-04-27,P03,5.0,13.5,67.5,Delivered,3,Pickup
BB007751,C0427,PET0532,2026-04-07,P10,6.0,13.0,78.0,Delivered,,Pickup
BB007752,C0427,PET0532,2026-04-19,P07,2.0,13.5,27.0,Delivered,,Web
BB007753,C0428,PET0533,2025-09-29,P11,5.0,12.0,60.0,Delivered,,Web
BB007754,C0428,PET0533,2025-10-09,P03,4.0,13.5,54.0,Delivered,5,Pickup
BB007755,C0428,PET0533,2025-10-16,P03,6.0,13.5,81.0,Delivered,5,Web
BB007756,C0428,PET0533,2025-10-27,P03,4.0,13.5,54.0,Delivered,,Pickup
BB007757,C0428,PET0533,2025-11-09,P03,3.0,13.5,40.5,Delivered,5,Web
BB007758,C0428,PET0533,2025-11-16,P03,4.0,13.5,54.0,Delivered,,Pickup
BB007759,C0428,PET0533,2025-11-26,P03,4.0,13.5,54.0,Delivered,5,Pickup
BB007760,C0428,PET0533,2025-12-03,P10,5.0,13.0,65.0,Delivered,4,Web
BB007761,C0428,PET0533,2025-12-11,P03,3.0,13.5,40.5,Delivered,5,Web
BB007762,C0428,PET0533,2025-12-25,P03,4.0,13.5,54.0,Delivered,,Web
BB007763,C0428,PET0533,2026-01-07,P03,3.0,13.5,40.5,Delivered,,Web
BB007764,C0428,PET0533,2026-01-14,P03,7.0,13.5,94.5,Delivered,,Web
BB007765,C0428,PET0533,2026-01-26,P03,6.0,13.5,81.0,Delivered,,Web
BB007766,C0428,PET0533,2026-02-06,P06,5.0,14.5,72.5,Delivered,,Web
BB007767,C0428,PET0533,2026-02-16,P03,6.0,13.5,81.0,Delivered,,Web
BB007768,C0428,PET0533,2026-03-01,P03,5.0,13.5,67.5,Delivered,5,Web
BB007769,C0428,PET0533,2026-03-10,P03,4.0,13.5,54.0,Delivered,4,Web
BB007770,C0428,PET0533,2026-03-23,P03,5.0,13.5,67.5,Delivered,,Pickup
BB007771,C0428,PET0533,2026-04-01,P03,5.0,13.5,67.5,Delivered,,Web
BB007772,C0428,PET0533,2026-04-08,P03,5.0,13.5,67.5,Delivered,,Web
BB007773,C0428,PET0533,2026-04-22,P03,7.0,13.5,94.5,Delivered,,Web
BB007774,C0429,PET0534,2026-02-24,P02,7.0,13.0,91.0,Delivered,5,Re-order Email
BB007775,C0429,PET0534,2026-03-06,P02,5.0,13.0,65.0,Delivered,,Re-order Email
BB007776,C0429,PET0534,2026-03-18,P02,4.0,13.0,52.0,Delivered,5,Re-order Email
BB007777,C0429,PET0534,2026-03-27,P02,7.0,13.0,91.0,Delivered,,Web
BB007778,C0429,PET0534,2026-04-07,P12,2.0,12.5,25.0,Delivered,,Web
BB007779,C0429,PET0534,2026-04-16,P02,5.0,13.0,65.0,Delivered,,Web
BB007780,C0430,PET0535,2026-02-21,P03,4.0,13.5,54.0,Delivered,4,Web
BB007781,C0430,PET0535,2026-03-02,P03,5.0,13.5,67.5,Delivered,,Web
BB007782,C0431,PET0536,2026-02-03,P04,6.0,14.0,84.0,Delivered,5,Web
BB007783,C0431,PET0536,2026-02-11,P02,4.0,13.0,52.0,Delivered,,Web
BB007784,C0431,PET0536,2026-02-18,P03,7.0,13.5,94.5,Delivered,,Web
BB007785,C0431,PET0536,2026-03-04,P03,2.0,13.5,27.0,Delivered,,Web
BB007786,C0431,PET0536,2026-03-15,P03,3.0,13.5,40.5,Delivered,4,Web
BB007787,C0431,PET0536,2026-03-22,P03,4.0,13.5,54.0,Delivered,5,Re-order Email
BB007788,C0431,PET0536,2026-04-05,P03,4.0,13.5,54.0,Delivered,4,Pickup
BB007789,C0431,PET0536,2026-04-19,P03,5.0,13.5,67.5,Delivered,,Pickup
BB007790,C0432,PET0537,2025-10-06,P01,4.0,14.5,58.0,Delivered,5,Web
BB007791,C0432,PET0537,2025-10-17,P01,5.0,14.5,72.5,Delivered,,Pickup
BB007792,C0432,PET0537,2025-10-28,P01,4.0,14.5,58.0,Delivered,5,Web
BB007793,C0432,PET0537,2025-11-09,P01,6.0,14.5,87.0,Delivered,,Pickup
BB007794,C0432,PET0537,2025-11-17,P01,5.0,14.5,72.5,Delivered,,Web
BB007795,C0432,PET0537,2025-11-27,P03,6.0,13.5,81.0,Delivered,5,Web
BB007796,C0432,PET0537,2025-12-08,P08,3.0,15.5,46.5,Delivered,,Pickup
BB007797,C0432,PET0537,2025-12-22,P01,5.0,14.5,72.5,Delivered,5,Web
BB007798,C0432,PET0537,2026-01-02,P01,4.0,14.5,58.0,Delivered,,Web
BB007799,C0432,PET0537,2026-01-10,P02,5.0,13.0,65.0,Delivered,,Pickup
BB007800,C0432,PET0537,2026-01-22,P01,6.0,14.5,87.0,Delivered,,Web
BB007801,C0432,PET0537,2026-02-02,P01,5.0,14.5,72.5,Delivered,5,Re-order Email
BB007802,C0432,PET0537,2026-02-13,P01,4.0,14.5,58.0,Delivered,,Web
BB007803,C0432,PET0537,2026-02-26,P01,7.0,14.5,101.5,Delivered,5,Web
BB007804,C0432,PET0537,2026-03-11,P05,4.0,15.0,60.0,Delivered,,Web
BB007805,C0432,PET0537,2026-03-22,P03,4.0,13.5,54.0,Delivered,4,Re-order Email
BB007806,C0432,PET0537,2026-04-05,P01,5.0,14.5,72.5,Delivered,,Web
BB007807,C0432,PET0537,2026-04-14,P01,5.0,14.5,72.5,Delivered,5,Web
BB007808,C0432,PET0537,2026-04-24,P01,4.0,14.5,58.0,Delivered,,Pickup
BB007809,C0432,PET0538,2026-04-29,P03,4.0,13.5,54.0,Delivered,,Re-order Email
BB007810,C0433,PET0539,2026-04-30,P02,3.0,13.0,39.0,Delivered,,Web
BB007811,C0434,PET0540,2025-09-27,P01,2.0,14.5,29.0,Delivered,,Web
BB007812,C0434,PET0540,2025-10-05,P08,4.0,15.5,62.0,Delivered,,Web
BB007813,C0434,PET0540,2025-10-13,P11,4.0,12.0,48.0,Delivered,,Re-order Email
BB007814,C0434,PET0540,2025-10-22,P11,6.0,12.0,72.0,Delivered,5,Pickup
BB007815,C0434,PET0540,2025-10-30,P11,5.0,12.0,60.0,Delivered,5,Web
BB007816,C0434,PET0540,2025-11-08,P11,5.0,12.0,60.0,Delivered,,Pickup
BB007817,C0434,PET0540,2025-11-18,P11,5.0,12.0,60.0,Delivered,,Pickup
BB007818,C0434,PET0540,2025-11-29,P11,4.0,12.0,48.0,Delivered,,Web
BB007819,C0434,PET0540,2025-12-10,P11,5.0,12.0,60.0,Delivered,,Web
BB007820,C0434,PET0540,2025-12-19,P11,5.0,12.0,60.0,Delivered,5,Web
BB007821,C0434,PET0540,2025-12-31,P11,2.0,12.0,24.0,Delivered,5,Re-order Email
BB007822,C0434,PET0540,2026-01-11,P08,5.0,15.5,77.5,Delivered,,Re-order Email
BB007823,C0434,PET0540,2026-01-25,P03,5.0,13.5,67.5,Delivered,,Web
BB007824,C0434,PET0540,2026-02-07,P11,4.0,12.0,48.0,Delivered,,Web
BB007825,C0434,PET0540,2026-02-14,P11,6.0,12.0,72.0,Delivered,3,Web
BB007826,C0434,PET0540,2026-02-26,P11,7.0,12.0,84.0,Delivered,4,Web
BB007827,C0434,PET0540,2026-03-06,P11,3.0,12.0,36.0,Delivered,,Web
BB007828,C0434,PET0540,2026-03-20,P08,6.0,15.5,93.0,Delivered,,Re-order Email
BB007829,C0434,PET0540,2026-03-29,P10,3.0,13.0,39.0,Delivered,,Pickup
BB007830,C0434,PET0540,2026-04-08,P11,5.0,12.0,60.0,Delivered,,Re-order Email
BB007831,C0434,PET0540,2026-04-20,P11,3.0,12.0,36.0,Delivered,5,Web
BB007832,C0435,PET0541,2026-04-26,P03,5.0,13.5,67.5,Delivered,,Web
BB007833,C0436,PET0543,2025-05-02,P06,5.0,14.5,72.5,Delivered,,Pickup
BB007834,C0436,PET0543,2025-05-10,P06,5.0,14.5,72.5,Delivered,,Web
BB007835,C0436,PET0543,2025-05-18,P06,5.0,14.5,72.5,Delivered,,Web
BB007836,C0436,PET0543,2025-05-29,P06,4.0,14.5,58.0,Delivered,,Web
BB007837,C0436,PET0543,2025-06-08,P02,6.0,13.0,78.0,Delivered,3,Web
BB007838,C0436,PET0543,2025-06-19,P01,6.0,14.5,87.0,Delivered,,Web
BB007839,C0436,PET0543,2025-07-02,P08,4.0,15.5,62.0,Delivered,,Web
BB007840,C0436,PET0543,2025-07-15,P09,5.0,12.5,62.5,Delivered,4,Re-order Email
BB007841,C0436,PET0543,2025-07-23,P06,3.0,14.5,43.5,Delivered,,Re-order Email
BB007842,C0436,PET0543,2025-08-05,P06,5.0,14.5,72.5,Delivered,5,Web
BB007843,C0436,PET0543,2025-08-16,P06,4.0,14.5,58.0,Delivered,,Web
BB007844,C0436,PET0543,2025-08-26,P06,5.0,14.5,72.5,Delivered,,Web
BB007845,C0436,PET0543,2025-09-06,P06,3.0,14.5,43.5,Delivered,,Re-order Email
BB007846,C0436,PET0543,2025-09-17,P06,6.0,14.5,87.0,Delivered,5,Web
BB007847,C0436,PET0543,2025-09-29,P06,5.0,14.5,72.5,Delivered,,Re-order Email
BB007848,C0436,PET0543,2025-10-07,P06,7.0,14.5,101.5,Delivered,,Web
BB007849,C0436,PET0543,2025-10-15,P03,4.0,13.5,54.0,Delivered,,Re-order Email
BB007850,C0436,PET0543,2025-10-23,P06,6.0,14.5,87.0,Delivered,,Web
BB007851,C0436,PET0543,2025-11-03,P09,4.0,12.5,50.0,Delivered,,Web
BB007852,C0436,PET0543,2025-11-14,P06,6.0,14.5,87.0,Delivered,,Web
BB007853,C0436,PET0543,2025-11-25,P07,4.0,13.5,54.0,Delivered,,Re-order Email
BB007854,C0436,PET0543,2025-12-08,P06,6.0,14.5,87.0,Delivered,,Web
BB007855,C0436,PET0543,2025-12-18,P06,6.0,14.5,87.0,Delivered,5,Web
BB007856,C0436,PET0543,2025-12-28,P06,3.0,14.5,43.5,Delivered,,Pickup
BB007857,C0436,PET0543,2026-01-06,P03,5.0,13.5,67.5,Delivered,5,Web
BB007858,C0436,PET0543,2026-01-17,P01,7.0,14.5,101.5,Delivered,4,Re-order Email
BB007859,C0436,PET0543,2026-01-29,P10,5.0,13.0,65.0,Delivered,,Re-order Email
BB007860,C0436,PET0543,2026-02-07,P06,5.0,14.5,72.5,Delivered,,Web
BB007861,C0436,PET0543,2026-02-20,P06,5.0,14.5,72.5,Delivered,,Web
BB007862,C0436,PET0543,2026-03-02,P10,6.0,13.0,78.0,Delivered,5,Re-order Email
BB007863,C0436,PET0543,2026-03-14,P06,5.0,14.5,72.5,Delivered,5,Re-order Email
BB007864,C0436,PET0543,2026-03-22,P06,6.0,14.5,87.0,Delivered,5,Web
BB007865,C0436,PET0543,2026-03-31,P07,7.0,13.5,94.5,Delivered,,Web
BB007866,C0436,PET0543,2026-04-07,P06,5.0,14.5,72.5,Delivered,,Web
BB007867,C0436,PET0543,2026-04-20,P06,5.0,14.5,72.5,Delivered,,Pickup
BB007868,C0437,PET0544,2026-02-21,P10,5.0,13.0,65.0,Delivered,5,Web
BB007869,C0437,PET0544,2026-03-02,P07,5.0,13.5,67.5,Delivered,3,Pickup
BB007870,C0437,PET0544,2026-03-16,P07,7.0,13.5,94.5,Delivered,,Web
BB007871,C0437,PET0544,2026-03-28,P12,5.0,12.5,62.5,Delivered,5,Web
BB007872,C0437,PET0544,2026-04-06,P03,6.0,13.5,81.0,Delivered,,Web
BB007873,C0437,PET0544,2026-04-16,P07,6.0,13.5,81.0,Delivered,,Web
BB007874,C0438,PET0545,2025-03-28,P09,4.0,12.5,50.0,Delivered,,Web
BB007875,C0438,PET0545,2025-04-10,P11,6.0,12.0,72.0,Delivered,,Web
BB007876,C0438,PET0545,2025-04-21,P11,6.0,12.0,72.0,Delivered,,Web
BB007877,C0438,PET0545,2025-05-01,P11,4.0,12.0,48.0,Delivered,,Web
BB007878,C0438,PET0545,2025-05-09,P11,4.0,12.0,48.0,Delivered,,Pickup
BB007879,C0438,PET0545,2025-05-18,P11,4.0,12.0,48.0,Delivered,4,Web
BB007880,C0438,PET0545,2025-05-26,P11,6.0,12.0,72.0,Delivered,,Web
BB007881,C0438,PET0545,2025-06-02,P11,6.0,12.0,72.0,Delivered,,Web
BB007882,C0438,PET0545,2025-06-13,P07,5.0,13.5,67.5,Delivered,,Web
BB007883,C0438,PET0545,2025-06-22,P11,5.0,12.0,60.0,Delivered,5,Web
BB007884,C0438,PET0545,2025-07-24,P11,4.0,12.0,48.0,Delivered,4,Pickup
BB007885,C0438,PET0545,2025-08-02,P11,6.0,12.0,72.0,Delivered,,Web
BB007886,C0438,PET0545,2025-08-11,P11,6.0,12.0,72.0,Delivered,,Re-order Email
BB007887,C0438,PET0545,2025-08-21,P11,5.0,12.0,60.0,Delivered,,Web
BB007888,C0438,PET0545,2025-08-28,P11,3.0,12.0,36.0,Delivered,4,Web
BB007889,C0438,PET0545,2025-09-06,P02,3.0,13.0,39.0,Delivered,,Web
BB007890,C0438,PET0545,2025-09-13,P11,7.0,12.0,84.0,Delivered,4,Web
BB007891,C0438,PET0545,2025-09-23,P11,4.0,12.0,48.0,Delivered,5,Web
BB007892,C0438,PET0545,2025-09-30,P11,6.0,12.0,72.0,Delivered,5,Web
BB007893,C0438,PET0545,2025-10-12,P11,6.0,12.0,72.0,Delivered,,Web
BB007894,C0438,PET0545,2025-10-21,P11,4.0,12.0,48.0,Delivered,,Pickup
BB007895,C0438,PET0545,2025-11-01,P11,3.0,12.0,36.0,Delivered,,Pickup
BB007896,C0438,PET0545,2025-11-09,P11,3.0,12.0,36.0,Delivered,5,Web
BB007897,C0438,PET0545,2025-11-18,P09,4.0,12.5,50.0,Delivered,,Web
BB007898,C0438,PET0545,2025-11-27,P11,5.0,12.0,60.0,Delivered,4,Re-order Email
BB007899,C0438,PET0545,2025-12-06,P11,2.0,12.0,24.0,Delivered,4,Web
BB007900,C0438,PET0545,2025-12-17,P11,4.0,12.0,48.0,Delivered,,Pickup
BB007901,C0438,PET0545,2025-12-26,P11,5.0,12.0,60.0,Delivered,4,Web
BB007902,C0438,PET0545,2026-01-03,P01,3.0,14.5,43.5,Delivered,,Re-order Email
BB007903,C0438,PET0545,2026-01-11,P03,3.0,13.5,40.5,Delivered,5,Web
BB007904,C0438,PET0545,2026-01-21,P11,4.0,12.0,48.0,Delivered,,Web
BB007905,C0438,PET0545,2026-01-29,P11,4.0,12.0,48.0,Delivered,,Web
BB007906,C0438,PET0545,2026-02-06,P11,5.0,12.0,60.0,Delivered,,Re-order Email
BB007907,C0438,PET0545,2026-02-18,P11,5.0,12.0,60.0,Delivered,,Web
BB007908,C0438,PET0545,2026-02-25,P12,7.0,12.5,87.5,Delivered,5,Web
BB007909,C0438,PET0545,2026-03-09,P10,6.0,13.0,78.0,Delivered,,Pickup
BB007910,C0438,PET0545,2026-03-16,P11,5.0,12.0,60.0,Delivered,,Web
BB007911,C0438,PET0545,2026-03-27,P02,3.0,13.0,39.0,Delivered,,Web
BB007912,C0438,PET0545,2026-04-07,P11,5.0,12.0,60.0,Delivered,5,Web
BB007913,C0438,PET0545,2026-04-19,P11,6.0,12.0,72.0,Delivered,,Web
BB007914,C0438,PET0545,2026-04-27,P11,6.0,12.0,72.0,Delivered,,Re-order Email
BB007915,C0438,PET0546,2025-03-26,P07,6.0,13.5,81.0,Delivered,,Web
BB007916,C0438,PET0546,2025-04-06,P07,5.0,13.5,67.5,Delivered,,Pickup
BB007917,C0438,PET0546,2025-04-17,P07,5.0,13.5,67.5,Delivered,5,Pickup
BB007918,C0438,PET0546,2025-04-29,P07,4.0,13.5,54.0,Delivered,5,Web
BB007919,C0438,PET0546,2025-05-11,P01,5.0,14.5,72.5,Delivered,,Pickup
BB007920,C0438,PET0546,2025-05-20,P07,2.0,13.5,27.0,Delivered,,Web
BB007921,C0438,PET0546,2025-05-27,P09,4.0,12.5,50.0,Delivered,,Web
BB007922,C0438,PET0546,2025-06-08,P07,7.0,13.5,94.5,Delivered,,Web
BB007923,C0438,PET0546,2025-06-20,P07,7.0,13.5,94.5,Delivered,,Web
BB007924,C0438,PET0546,2025-06-29,P07,2.0,13.5,27.0,Delivered,5,Pickup
BB007925,C0438,PET0546,2025-07-12,P07,4.0,13.5,54.0,Delivered,,Web
BB007926,C0438,PET0546,2025-07-22,P07,5.0,13.5,67.5,Delivered,5,Web
BB007927,C0438,PET0546,2025-08-03,P12,6.0,12.5,75.0,Delivered,,Web
BB007928,C0438,PET0546,2025-08-16,P07,5.0,13.5,67.5,Delivered,,Pickup
BB007929,C0438,PET0546,2025-08-23,P07,3.0,13.5,40.5,Delivered,3,Web
BB007930,C0438,PET0546,2025-09-05,P07,6.0,13.5,81.0,Delivered,,Web
BB007931,C0438,PET0546,2025-09-16,P07,5.0,13.5,67.5,Delivered,,Pickup
BB007932,C0438,PET0546,2025-09-24,P06,6.0,14.5,87.0,Delivered,,Web
BB007933,C0438,PET0546,2025-10-02,P10,7.0,13.0,91.0,Delivered,,Web
BB007934,C0438,PET0546,2025-10-11,P07,6.0,13.5,81.0,Delivered,,Web
BB007935,C0438,PET0546,2025-10-23,P08,7.0,15.5,108.5,Delivered,4,Pickup
BB007936,C0438,PET0546,2025-11-01,P07,6.0,13.5,81.0,Delivered,5,Web
BB007937,C0438,PET0546,2025-11-10,P07,7.0,13.5,94.5,Delivered,,Web
BB007938,C0438,PET0546,2025-11-19,P07,5.0,13.5,67.5,Delivered,,Pickup
BB007939,C0438,PET0546,2025-12-02,P02,3.0,13.0,39.0,Delivered,5,Pickup
BB007940,C0438,PET0546,2025-12-13,P07,3.0,13.5,40.5,Delivered,,Pickup
BB007941,C0438,PET0546,2025-12-23,P07,3.0,13.5,40.5,Delivered,4,Web
BB007942,C0438,PET0546,2026-01-03,P07,5.0,13.5,67.5,Delivered,5,Web
BB007943,C0438,PET0546,2026-01-11,P07,7.0,13.5,94.5,Delivered,,Web
BB007944,C0438,PET0546,2026-01-24,P07,3.0,13.5,40.5,Delivered,,Web
BB007945,C0438,PET0546,2026-02-01,P07,5.0,13.5,67.5,Delivered,5,Web
BB007946,C0438,PET0546,2026-02-14,P07,6.0,13.5,81.0,Delivered,,Web
BB007947,C0438,PET0546,2026-02-22,P07,4.0,13.5,54.0,Delivered,,Web
BB007948,C0438,PET0546,2026-03-04,P07,3.0,13.5,40.5,Delivered,,Web
BB007949,C0438,PET0546,2026-03-14,P07,5.0,13.5,67.5,Delivered,,Pickup
BB007950,C0438,PET0546,2026-03-21,P07,7.0,13.5,94.5,Delivered,5,Web
BB007951,C0438,PET0547,2026-04-30,P03,3.0,13.5,40.5,Delivered,,Web
BB007952,C0439,PET0548,2026-01-20,P12,5.0,12.5,62.5,Delivered,,Web
BB007953,C0439,PET0548,2026-01-28,P01,7.0,14.5,101.5,Delivered,,Web
BB007954,C0439,PET0548,2026-02-04,P06,5.0,14.5,72.5,Delivered,5,Web
BB007955,C0439,PET0548,2026-02-17,P01,5.0,14.5,72.5,Delivered,5,Re-order Email
BB007956,C0439,PET0548,2026-02-27,P12,5.0,12.5,62.5,Delivered,5,Pickup
BB007957,C0439,PET0548,2026-03-13,P01,3.0,14.5,43.5,Delivered,,Web
BB007958,C0439,PET0548,2026-03-25,P11,5.0,12.0,60.0,Delivered,,Web
BB007959,C0439,PET0548,2026-04-07,P01,6.0,14.5,87.0,Delivered,,Web
BB007960,C0439,PET0548,2026-04-19,P01,6.0,14.5,87.0,Delivered,,Web
BB007961,C0439,PET0548,2026-04-26,P06,4.0,14.5,58.0,Delivered,,Re-order Email
BB007962,C0440,PET0549,2025-09-10,P06,3.0,14.5,43.5,Delivered,,Web
BB007963,C0440,PET0549,2025-09-21,P07,6.0,13.5,81.0,Delivered,,Web
BB007964,C0440,PET0549,2025-09-29,P07,3.0,13.5,40.5,Delivered,,Web
BB007965,C0440,PET0549,2025-10-12,P07,3.0,13.5,40.5,Delivered,,Pickup
BB007966,C0440,PET0549,2025-10-24,P01,3.0,14.5,43.5,Delivered,,Re-order Email
BB007967,C0440,PET0549,2025-11-05,P07,7.0,13.5,94.5,Delivered,4,Web
BB007968,C0440,PET0549,2025-11-17,P07,6.0,13.5,81.0,Delivered,5,Web
BB007969,C0440,PET0549,2025-11-27,P02,4.0,13.0,52.0,Delivered,,Web
BB007970,C0440,PET0549,2025-12-07,P11,7.0,12.0,84.0,Delivered,4,Web
BB007971,C0440,PET0549,2025-12-19,P07,3.0,13.5,40.5,Delivered,5,Web
BB007972,C0440,PET0549,2025-12-28,P07,5.0,13.5,67.5,Delivered,,Re-order Email
BB007973,C0440,PET0549,2026-01-04,P07,4.0,13.5,54.0,Delivered,5,Re-order Email
BB007974,C0440,PET0549,2026-01-11,P10,4.0,13.0,52.0,Delivered,,Pickup
BB007975,C0440,PET0549,2026-01-22,P07,6.0,13.5,81.0,Delivered,5,Web
BB007976,C0440,PET0549,2026-01-31,P07,6.0,13.5,81.0,Delivered,,Web
BB007977,C0440,PET0549,2026-02-07,P07,4.0,13.5,54.0,Delivered,,Web
BB007978,C0440,PET0549,2026-02-14,P02,7.0,13.0,91.0,Delivered,,Web
BB007979,C0440,PET0549,2026-02-25,P07,3.0,13.5,40.5,Delivered,5,Web
BB007980,C0440,PET0549,2026-03-09,P07,5.0,13.5,67.5,Delivered,,Web
BB007981,C0440,PET0549,2026-03-16,P11,5.0,12.0,60.0,Delivered,,Re-order Email
BB007982,C0440,PET0549,2026-03-29,P07,5.0,13.5,67.5,Delivered,,Re-order Email
BB007983,C0440,PET0549,2026-04-09,P07,4.0,13.5,54.0,Delivered,5,Re-order Email
BB007984,C0440,PET0549,2026-04-18,P07,2.0,13.5,27.0,Delivered,5,Re-order Email
BB007985,C0440,PET0549,2026-05-01,P09,6.0,12.5,75.0,Delivered,,Re-order Email
BB007986,C0441,PET0550,2026-03-18,P10,5.0,13.0,65.0,Delivered,,Web
BB007987,C0441,PET0550,2026-03-28,P08,2.0,15.5,31.0,Delivered,5,Web
BB007988,C0441,PET0550,2026-04-10,P12,3.0,12.5,37.5,Delivered,4,Web
BB007989,C0441,PET0550,2026-04-17,P06,7.0,14.5,101.5,Delivered,,Pickup
BB007990,C0441,PET0550,2026-05-01,P12,5.0,12.5,62.5,Delivered,,Re-order Email
BB007991,C0442,PET0551,2026-03-25,P11,5.0,12.0,60.0,Delivered,,Web
BB007992,C0442,PET0552,2026-03-22,P01,4.0,14.5,58.0,Delivered,,Web
BB007993,C0442,PET0552,2026-03-30,P12,3.0,12.5,37.5,Delivered,,Re-order Email
BB007994,C0442,PET0552,2026-04-09,P01,5.0,14.5,72.5,Delivered,4,Pickup
BB007995,C0442,PET0552,2026-04-18,P01,6.0,14.5,87.0,Delivered,,Web
BB007996,C0444,PET0554,2026-05-01,P05,4.0,15.0,60.0,Delivered,,Web
BB007997,C0445,PET0555,2026-03-22,P03,2.0,13.5,27.0,Delivered,5,Web
BB007998,C0445,PET0555,2026-03-30,P03,5.0,13.5,67.5,Delivered,,Web
BB007999,C0445,PET0555,2026-04-08,P03,6.0,13.5,81.0,Delivered,,Web
BB008000,C0445,PET0555,2026-04-19,P08,4.0,15.5,62.0,Delivered,,Re-order Email
BB008001,C0445,PET0555,2026-04-28,P03,4.0,13.5,54.0,Delivered,,Web
BB008002,C0445,PET0556,2026-03-19,P07,6.0,13.5,81.0,Delivered,,Web
BB008003,C0445,PET0556,2026-03-30,P07,3.0,13.5,40.5,Delivered,,Re-order Email
BB008004,C0445,PET0556,2026-04-11,P07,6.0,13.5,81.0,Delivered,,Web
BB008005,C0446,PET0557,2025-10-27,P08,4.0,15.5,62.0,Delivered,5,Web
BB008006,C0446,PET0557,2025-11-08,P09,5.0,12.5,62.5,Delivered,,Web
BB008007,C0446,PET0557,2025-11-21,P09,3.0,12.5,37.5,Delivered,5,Web
BB008008,C0446,PET0557,2025-12-05,P01,5.0,14.5,72.5,Delivered,5,Web
BB008009,C0446,PET0557,2025-12-13,P09,2.0,12.5,25.0,Delivered,5,Pickup
BB008010,C0446,PET0557,2025-12-26,P07,2.0,13.5,27.0,Delivered,5,Web
BB008011,C0446,PET0557,2026-01-06,P09,6.0,12.5,75.0,Delivered,,Web
BB008012,C0446,PET0557,2026-01-20,P09,3.0,12.5,37.5,Delivered,5,Web
BB008013,C0446,PET0557,2026-01-27,P09,7.0,12.5,87.5,Delivered,,Pickup
BB008014,C0446,PET0557,2026-02-06,P08,5.0,15.5,77.5,Delivered,5,Web
BB008015,C0446,PET0557,2026-02-16,P08,5.0,15.5,77.5,Delivered,,Web
BB008016,C0446,PET0557,2026-02-25,P09,6.0,12.5,75.0,Delivered,5,Web
BB008017,C0446,PET0557,2026-03-07,P09,6.0,12.5,75.0,Delivered,,Re-order Email
BB008018,C0446,PET0557,2026-03-14,P09,3.0,12.5,37.5,Delivered,5,Pickup
BB008019,C0446,PET0557,2026-03-22,P09,6.0,12.5,75.0,Delivered,3,Re-order Email
BB008020,C0446,PET0557,2026-04-02,P07,3.0,13.5,40.5,Delivered,5,Web
BB008021,C0446,PET0557,2026-04-09,P10,5.0,13.0,65.0,Delivered,,Web
BB008022,C0446,PET0557,2026-04-20,P09,3.0,12.5,37.5,Delivered,5,Web
BB008023,C0447,PET0558,2026-04-24,P11,5.0,12.0,60.0,Delivered,,Re-order Email
BB008024,C0448,PET0559,2026-01-15,P02,4.0,13.0,52.0,Delivered,3,Re-order Email
BB008025,C0448,PET0559,2026-01-23,P02,5.0,13.0,65.0,Delivered,,Web
BB008026,C0448,PET0559,2026-02-03,P02,5.0,13.0,65.0,Delivered,,Re-order Email
BB008027,C0448,PET0559,2026-02-10,P02,5.0,13.0,65.0,Delivered,,Pickup
BB008028,C0448,PET0559,2026-02-22,P02,4.0,13.0,52.0,Delivered,5,Pickup
BB008029,C0448,PET0559,2026-03-02,P02,4.0,13.0,52.0,Delivered,,Web
BB008030,C0448,PET0559,2026-03-15,P02,4.0,13.0,52.0,Delivered,,Web
BB008031,C0448,PET0559,2026-03-23,P02,6.0,13.0,78.0,Delivered,,Web
BB008032,C0448,PET0559,2026-04-01,P02,3.0,13.0,39.0,Delivered,5,Re-order Email
BB008033,C0448,PET0559,2026-04-14,P02,4.0,13.0,52.0,Delivered,5,Pickup
BB008034,C0448,PET0559,2026-04-22,P04,4.0,14.0,56.0,Delivered,4,Re-order Email
BB008035,C0448,PET0560,2026-01-19,P09,7.0,12.5,87.5,Delivered,5,Web
BB008036,C0448,PET0560,2026-01-26,P09,7.0,12.5,87.5,Delivered,5,Web
BB008037,C0448,PET0560,2026-02-08,P08,4.0,15.5,62.0,Delivered,,Re-order Email
BB008038,C0448,PET0560,2026-02-21,P09,6.0,12.5,75.0,Delivered,,Web
BB008039,C0448,PET0560,2026-03-02,P09,4.0,12.5,50.0,Delivered,,Web
BB008040,C0449,PET0561,2025-09-06,P07,5.0,13.5,67.5,Delivered,,Web
BB008041,C0449,PET0561,2025-09-17,P07,4.0,13.5,54.0,Delivered,,Re-order Email
BB008042,C0449,PET0561,2025-09-29,P03,6.0,13.5,81.0,Delivered,,Web
BB008043,C0449,PET0561,2025-10-10,P07,6.0,13.5,81.0,Delivered,5,Pickup
BB008044,C0449,PET0561,2025-10-18,P09,5.0,12.5,62.5,Delivered,5,Web
BB008045,C0449,PET0561,2025-10-27,P09,6.0,12.5,75.0,Delivered,4,Pickup
BB008046,C0449,PET0561,2025-11-09,P03,4.0,13.5,54.0,Delivered,,Web
BB008047,C0449,PET0561,2025-11-20,P07,6.0,13.5,81.0,Delivered,,Web
BB008048,C0449,PET0561,2025-11-28,P07,7.0,13.5,94.5,Delivered,,Pickup
BB008049,C0449,PET0561,2025-12-10,P07,5.0,13.5,67.5,Delivered,,Pickup
BB008050,C0449,PET0561,2025-12-23,P07,5.0,13.5,67.5,Delivered,,Pickup
BB008051,C0449,PET0561,2026-01-02,P07,5.0,13.5,67.5,Delivered,5,Pickup
BB008052,C0449,PET0561,2026-01-12,P12,3.0,12.5,37.5,Delivered,,Web
BB008053,C0449,PET0561,2026-01-24,P07,3.0,13.5,40.5,Delivered,,Web
BB008054,C0449,PET0561,2026-02-01,P07,4.0,13.5,54.0,Delivered,,Re-order Email
BB008055,C0449,PET0561,2026-02-14,P07,3.0,13.5,40.5,Delivered,,Re-order Email
BB008056,C0449,PET0561,2026-02-22,P12,7.0,12.5,87.5,Delivered,,Pickup
BB008057,C0449,PET0561,2026-03-07,P02,6.0,13.0,78.0,Delivered,,Pickup
BB008058,C0450,PET0562,2026-02-16,P03,5.0,13.5,67.5,Delivered,,Web
BB008059,C0450,PET0562,2026-02-25,P03,4.0,13.5,54.0,Delivered,,Web
BB008060,C0450,PET0562,2026-03-08,P06,5.0,14.5,72.5,Delivered,,Re-order Email
BB008061,C0451,PET0563,2025-05-07,P06,6.0,14.5,87.0,Delivered,,Web
BB008062,C0451,PET0563,2025-05-20,P09,7.0,12.5,87.5,Delivered,,Re-order Email
BB008063,C0451,PET0563,2025-06-02,P06,3.0,14.5,43.5,Delivered,,Web
BB008064,C0451,PET0563,2025-06-12,P06,4.0,14.5,58.0,Delivered,,Web
BB008065,C0451,PET0563,2025-06-23,P06,4.0,14.5,58.0,Delivered,,Pickup
BB008066,C0451,PET0563,2025-07-02,P06,5.0,14.5,72.5,Delivered,,Web
BB008067,C0451,PET0563,2025-07-12,P06,6.0,14.5,87.0,Delivered,,Web
BB008068,C0451,PET0563,2025-07-24,P06,6.0,14.5,87.0,Delivered,5,Pickup
BB008069,C0451,PET0563,2025-08-03,P06,5.0,14.5,72.5,Delivered,,Web
BB008070,C0451,PET0563,2025-08-12,P06,4.0,14.5,58.0,Delivered,,Re-order Email
BB008071,C0451,PET0563,2025-08-25,P06,6.0,14.5,87.0,Delivered,,Re-order Email
BB008072,C0451,PET0563,2025-09-03,P10,5.0,13.0,65.0,Delivered,5,Web
BB008073,C0451,PET0563,2025-09-12,P07,4.0,13.5,54.0,Delivered,,Re-order Email
BB008074,C0451,PET0563,2025-09-20,P02,6.0,13.0,78.0,Delivered,3,Web
BB008075,C0451,PET0563,2025-10-03,P11,4.0,12.0,48.0,Delivered,5,Web
BB008076,C0451,PET0563,2025-10-14,P06,6.0,14.5,87.0,Delivered,,Re-order Email
BB008077,C0451,PET0563,2025-10-26,P06,4.0,14.5,58.0,Delivered,5,Re-order Email
BB008078,C0451,PET0563,2025-11-06,P08,7.0,15.5,108.5,Delivered,,Web
BB008079,C0451,PET0563,2025-11-14,P06,5.0,14.5,72.5,Delivered,4,Web
BB008080,C0452,PET0564,2025-09-18,P02,6.0,13.0,78.0,Delivered,,Pickup
BB008081,C0452,PET0564,2025-10-02,P02,6.0,13.0,78.0,Delivered,4,Web
BB008082,C0452,PET0564,2025-10-13,P02,3.0,13.0,39.0,Delivered,5,Web
BB008083,C0452,PET0564,2025-10-20,P02,4.0,13.0,52.0,Delivered,5,Re-order Email
BB008084,C0452,PET0564,2025-11-02,P02,7.0,13.0,91.0,Delivered,4,Pickup
BB008085,C0452,PET0564,2025-11-16,P01,4.0,14.5,58.0,Delivered,5,Re-order Email
BB008086,C0452,PET0564,2025-11-27,P09,5.0,12.5,62.5,Delivered,,Pickup
BB008087,C0452,PET0564,2025-12-06,P07,7.0,13.5,94.5,Delivered,,Web
BB008088,C0452,PET0564,2025-12-19,P02,5.0,13.0,65.0,Delivered,,Web
BB008089,C0452,PET0564,2025-12-31,P02,4.0,13.0,52.0,Delivered,,Pickup
BB008090,C0452,PET0564,2026-01-07,P02,2.0,13.0,26.0,Delivered,,Web
BB008091,C0452,PET0564,2026-01-19,P02,7.0,13.0,91.0,Delivered,,Web
BB008092,C0452,PET0564,2026-01-29,P09,4.0,12.5,50.0,Delivered,,Web
BB008093,C0452,PET0564,2026-02-12,P03,3.0,13.5,40.5,Delivered,,Web
BB008094,C0452,PET0564,2026-02-21,P11,6.0,12.0,72.0,Delivered,4,Web
BB008095,C0452,PET0564,2026-03-06,P02,7.0,13.0,91.0,Delivered,5,Re-order Email
BB008096,C0452,PET0564,2026-03-18,P10,5.0,13.0,65.0,Delivered,,Web
BB008097,C0452,PET0564,2026-04-01,P02,2.0,13.0,26.0,Delivered,,Web
BB008098,C0452,PET0564,2026-04-08,P02,3.0,13.0,39.0,Delivered,4,Re-order Email
BB008099,C0452,PET0564,2026-04-16,P12,2.0,12.5,25.0,Delivered,5,Web
BB008100,C0452,PET0564,2026-04-26,P03,4.0,13.5,54.0,Delivered,,Pickup
BB008101,C0452,PET0565,2025-09-18,P02,5.0,13.0,65.0,Delivered,,Web
BB008102,C0452,PET0565,2025-09-29,P02,5.0,13.0,65.0,Delivered,,Web
BB008103,C0452,PET0565,2025-10-06,P02,4.0,13.0,52.0,Delivered,,Re-order Email
BB008104,C0452,PET0565,2025-10-18,P05,5.0,15.0,75.0,Delivered,,Web
BB008105,C0452,PET0565,2025-10-28,P02,4.0,13.0,52.0,Delivered,,Pickup
BB008106,C0452,PET0565,2025-11-04,P02,5.0,13.0,65.0,Delivered,,Re-order Email
BB008107,C0452,PET0565,2025-11-16,P03,6.0,13.5,81.0,Delivered,,Web
BB008108,C0452,PET0565,2025-11-28,P02,5.0,13.0,65.0,Delivered,,Pickup
BB008109,C0452,PET0565,2025-12-08,P02,7.0,13.0,91.0,Delivered,3,Web
BB008110,C0452,PET0565,2025-12-16,P02,6.0,13.0,78.0,Delivered,5,Pickup
BB008111,C0452,PET0565,2025-12-25,P02,2.0,13.0,26.0,Delivered,,Web
BB008112,C0452,PET0565,2026-01-01,P02,2.0,13.0,26.0,Delivered,,Web
BB008113,C0452,PET0565,2026-01-14,P02,5.0,13.0,65.0,Delivered,,Pickup
BB008114,C0452,PET0565,2026-01-21,P02,6.0,13.0,78.0,Delivered,,Pickup
BB008115,C0452,PET0565,2026-01-30,P08,4.0,15.5,62.0,Delivered,,Pickup
BB008116,C0452,PET0565,2026-02-06,P05,5.0,15.0,75.0,Delivered,,Pickup
BB008117,C0452,PET0565,2026-02-19,P01,7.0,14.5,101.5,Delivered,5,Web
BB008118,C0452,PET0565,2026-03-04,P02,5.0,13.0,65.0,Delivered,,Web
BB008119,C0452,PET0565,2026-03-11,P02,6.0,13.0,78.0,Delivered,,Pickup
BB008120,C0452,PET0565,2026-03-19,P03,6.0,13.5,81.0,Delivered,,Web
BB008121,C0452,PET0565,2026-03-27,P02,2.0,13.0,26.0,Delivered,5,Web
BB008122,C0452,PET0565,2026-04-08,P08,5.0,15.5,77.5,Delivered,,Web
BB008123,C0452,PET0565,2026-04-21,P03,3.0,13.5,40.5,Delivered,4,Web
BB008124,C0453,PET0566,2025-03-16,P10,5.0,13.0,65.0,Delivered,,Web
BB008125,C0453,PET0566,2025-03-23,P10,6.0,13.0,78.0,Delivered,,Web
BB008126,C0453,PET0566,2025-03-31,P11,6.0,12.0,72.0,Delivered,,Re-order Email
BB008127,C0453,PET0566,2025-04-11,P10,4.0,13.0,52.0,Delivered,,Web
BB008128,C0453,PET0566,2025-04-20,P10,4.0,13.0,52.0,Delivered,,Web
BB008129,C0453,PET0566,2025-05-03,P10,6.0,13.0,78.0,Delivered,,Re-order Email
BB008130,C0453,PET0566,2025-05-12,P10,5.0,13.0,65.0,Delivered,,Web
BB008131,C0453,PET0566,2025-05-20,P10,3.0,13.0,39.0,Delivered,,Web
BB008132,C0453,PET0566,2025-06-01,P06,4.0,14.5,58.0,Delivered,5,Web
BB008133,C0453,PET0566,2025-06-11,P10,4.0,13.0,52.0,Delivered,5,Web
BB008134,C0453,PET0566,2025-07-26,P10,3.0,13.0,39.0,Delivered,,Pickup
BB008135,C0453,PET0566,2025-08-03,P01,3.0,14.5,43.5,Delivered,,Web
BB008136,C0453,PET0566,2025-08-11,P10,4.0,13.0,52.0,Delivered,,Re-order Email
BB008137,C0453,PET0566,2025-08-22,P10,5.0,13.0,65.0,Delivered,,Web
BB008138,C0453,PET0566,2025-08-30,P01,5.0,14.5,72.5,Delivered,,Pickup
BB008139,C0453,PET0566,2025-09-09,P03,4.0,13.5,54.0,Delivered,,Re-order Email
BB008140,C0453,PET0566,2025-09-20,P10,6.0,13.0,78.0,Delivered,5,Web
BB008141,C0453,PET0566,2025-10-02,P10,6.0,13.0,78.0,Delivered,,Re-order Email
BB008142,C0453,PET0566,2025-10-12,P10,2.0,13.0,26.0,Delivered,4,Web
BB008143,C0453,PET0566,2025-10-19,P10,4.0,13.0,52.0,Delivered,,Web
BB008144,C0453,PET0566,2025-10-26,P10,5.0,13.0,65.0,Delivered,,Re-order Email
BB008145,C0453,PET0566,2025-11-02,P10,7.0,13.0,91.0,Delivered,5,Pickup
BB008146,C0453,PET0566,2025-11-14,P07,5.0,13.5,67.5,Delivered,,Web
BB008147,C0453,PET0566,2025-11-25,P10,3.0,13.0,39.0,Delivered,5,Web
BB008148,C0453,PET0566,2025-12-02,P10,7.0,13.0,91.0,Delivered,,Web
BB008149,C0453,PET0566,2025-12-14,P10,6.0,13.0,78.0,Delivered,5,Web
BB008150,C0453,PET0566,2025-12-25,P10,3.0,13.0,39.0,Delivered,,Web
BB008151,C0453,PET0566,2026-01-03,P07,5.0,13.5,67.5,Delivered,,Web
BB008152,C0453,PET0566,2026-01-11,P10,3.0,13.0,39.0,Delivered,,Web
BB008153,C0453,PET0566,2026-01-20,P10,3.0,13.0,39.0,Delivered,,Web
BB008154,C0453,PET0566,2026-01-29,P10,5.0,13.0,65.0,Delivered,4,Web
BB008155,C0453,PET0566,2026-02-10,P10,7.0,13.0,91.0,Delivered,,Web
BB008156,C0453,PET0566,2026-02-21,P10,5.0,13.0,65.0,Delivered,5,Web
BB008157,C0453,PET0566,2026-03-04,P10,4.0,13.0,52.0,Delivered,,Web
BB008158,C0453,PET0566,2026-03-14,P10,2.0,13.0,26.0,Delivered,,Web
BB008159,C0453,PET0566,2026-03-23,P10,4.0,13.0,52.0,Delivered,5,Web
BB008160,C0453,PET0566,2026-04-03,P10,4.0,13.0,52.0,Delivered,,Web
BB008161,C0453,PET0566,2026-04-14,P02,7.0,13.0,91.0,Delivered,,Web
BB008162,C0453,PET0566,2026-04-23,P07,4.0,13.5,54.0,Delivered,,Re-order Email
BB008163,C0454,PET0567,2026-05-02,P05,7.0,15.0,105.0,Scheduled,,Web
BB008164,C0455,PET0568,2025-11-11,P03,3.0,13.5,40.5,Delivered,5,Pickup
BB008165,C0455,PET0568,2025-11-23,P03,6.0,13.5,81.0,Delivered,,Web
BB008166,C0455,PET0568,2025-12-02,P03,4.0,13.5,54.0,Delivered,,Web
BB008167,C0455,PET0568,2025-12-15,P03,5.0,13.5,67.5,Delivered,4,Web
BB008168,C0455,PET0568,2025-12-23,P10,6.0,13.0,78.0,Delivered,5,Web
BB008169,C0455,PET0568,2026-01-05,P06,7.0,14.5,101.5,Delivered,,Web
BB008170,C0455,PET0568,2026-01-13,P01,6.0,14.5,87.0,Delivered,,Web
BB008171,C0455,PET0568,2026-01-22,P03,4.0,13.5,54.0,Delivered,4,Re-order Email
BB008172,C0455,PET0568,2026-02-04,P03,5.0,13.5,67.5,Delivered,,Web
BB008173,C0455,PET0568,2026-02-16,P02,5.0,13.0,65.0,Delivered,5,Web
BB008174,C0455,PET0568,2026-02-26,P03,4.0,13.5,54.0,Delivered,,Web
BB008175,C0455,PET0568,2026-03-11,P03,6.0,13.5,81.0,Delivered,,Web
BB008176,C0455,PET0569,2025-11-10,P10,6.0,13.0,78.0,Delivered,5,Pickup
BB008177,C0455,PET0569,2025-11-23,P07,5.0,13.5,67.5,Delivered,,Web
BB008178,C0455,PET0569,2025-12-05,P07,5.0,13.5,67.5,Delivered,4,Pickup
BB008179,C0455,PET0569,2025-12-14,P07,4.0,13.5,54.0,Delivered,5,Web
BB008180,C0455,PET0569,2025-12-24,P07,4.0,13.5,54.0,Delivered,,Pickup
BB008181,C0455,PET0569,2026-01-02,P07,5.0,13.5,67.5,Delivered,3,Re-order Email
BB008182,C0455,PET0569,2026-01-10,P02,5.0,13.0,65.0,Delivered,,Pickup
BB008183,C0455,PET0569,2026-01-17,P12,6.0,12.5,75.0,Delivered,,Re-order Email
BB008184,C0455,PET0569,2026-01-29,P07,6.0,13.5,81.0,Delivered,5,Re-order Email
BB008185,C0455,PET0569,2026-03-08,P07,4.0,13.5,54.0,Delivered,4,Web
BB008186,C0455,PET0569,2026-03-21,P07,4.0,13.5,54.0,Delivered,4,Web
BB008187,C0455,PET0569,2026-04-01,P07,4.0,13.5,54.0,Delivered,,Web
BB008188,C0455,PET0569,2026-04-09,P08,6.0,15.5,93.0,Delivered,,Web
BB008189,C0455,PET0569,2026-04-19,P07,7.0,13.5,94.5,Delivered,,Web
BB008190,C0456,PET0570,2026-04-09,P11,4.0,12.0,48.0,Delivered,,Web
BB008191,C0456,PET0570,2026-04-22,P11,6.0,12.0,72.0,Delivered,,Pickup
BB008192,C0457,PET0571,2026-03-30,P10,3.0,13.0,39.0,Delivered,4,Web
BB008193,C0457,PET0571,2026-04-13,P10,7.0,13.0,91.0,Delivered,,Re-order Email
BB008194,C0458,PET0572,2026-03-31,P09,4.0,12.5,50.0,Delivered,,Web
BB008195,C0458,PET0572,2026-04-12,P09,5.0,12.5,62.5,Delivered,,Web
BB008196,C0458,PET0572,2026-04-23,P09,6.0,12.5,75.0,Delivered,,Web
BB008197,C0458,PET0573,2026-03-31,P10,4.0,13.0,52.0,Delivered,,Web
BB008198,C0458,PET0573,2026-04-09,P07,7.0,13.5,94.5,Delivered,,Pickup
BB008199,C0458,PET0573,2026-04-19,P07,7.0,13.5,94.5,Delivered,,Web
BB008200,C0459,PET0574,2026-03-14,P07,7.0,13.5,94.5,Delivered,,Re-order Email
BB008201,C0459,PET0574,2026-03-27,P10,6.0,13.0,78.0,Delivered,4,Pickup
BB008202,C0459,PET0574,2026-04-07,P02,7.0,13.0,91.0,Delivered,,Re-order Email
BB008203,C0459,PET0574,2026-04-19,P02,3.0,13.0,39.0,Delivered,,Web
BB008204,C0460,PET0575,2025-12-28,P01,7.0,14.5,101.5,Delivered,5,Pickup
BB008205,C0460,PET0575,2026-01-04,P01,2.0,14.5,29.0,Delivered,,Web
BB008206,C0460,PET0575,2026-01-11,P01,6.0,14.5,87.0,Delivered,,Web
BB008207,C0460,PET0575,2026-01-21,P01,3.0,14.5,43.5,Delivered,,Web
BB008208,C0460,PET0575,2026-01-28,P01,7.0,14.5,101.5,Delivered,,Web
BB008209,C0460,PET0575,2026-02-08,P01,4.0,14.5,58.0,Delivered,,Web
BB008210,C0460,PET0575,2026-02-20,P07,5.0,13.5,67.5,Delivered,5,Web
BB008211,C0460,PET0575,2026-02-28,P01,5.0,14.5,72.5,Delivered,4,Re-order Email
BB008212,C0460,PET0575,2026-03-11,P01,4.0,14.5,58.0,Delivered,5,Re-order Email
BB008213,C0460,PET0575,2026-03-21,P01,4.0,14.5,58.0,Delivered,,Re-order Email
BB008214,C0460,PET0575,2026-03-28,P01,6.0,14.5,87.0,Delivered,,Web
BB008215,C0460,PET0575,2026-04-10,P01,5.0,14.5,72.5,Delivered,4,Re-order Email
BB008216,C0460,PET0575,2026-04-23,P01,5.0,14.5,72.5,Delivered,5,Pickup
BB008217,C0461,PET0576,2026-04-05,P03,2.0,13.5,27.0,Delivered,,Web
BB008218,C0461,PET0576,2026-04-13,P03,5.0,13.5,67.5,Delivered,5,Web
BB008219,C0461,PET0576,2026-04-21,P03,4.0,13.5,54.0,Delivered,,Web
BB008220,C0462,PET0577,2026-03-12,P12,6.0,12.5,75.0,Delivered,4,Web
BB008221,C0462,PET0577,2026-03-21,P01,2.0,14.5,29.0,Delivered,4,Web
BB008222,C0462,PET0577,2026-03-28,P12,7.0,12.5,87.5,Delivered,,Web
BB008223,C0462,PET0577,2026-04-08,P03,4.0,13.5,54.0,Delivered,5,Web
BB008224,C0462,PET0577,2026-04-20,P12,5.0,12.5,62.5,Delivered,4,Web
BB008225,C0462,PET0577,2026-04-27,P12,7.0,12.5,87.5,Delivered,,Web
BB008226,C0463,PET0578,2025-08-13,P08,6.0,15.5,93.0,Delivered,5,Web
BB008227,C0463,PET0578,2025-08-27,P10,4.0,13.0,52.0,Delivered,,Pickup
BB008228,C0463,PET0578,2025-09-04,P08,4.0,15.5,62.0,Delivered,,Web
BB008229,C0463,PET0578,2025-09-16,P08,5.0,15.5,77.5,Delivered,,Pickup
BB008230,C0463,PET0578,2025-09-25,P08,5.0,15.5,77.5,Delivered,,Re-order Email
BB008231,C0463,PET0578,2025-10-05,P08,6.0,15.5,93.0,Delivered,,Web
BB008232,C0463,PET0578,2025-10-14,P08,6.0,15.5,93.0,Delivered,,Web
BB008233,C0463,PET0578,2025-10-27,P08,4.0,15.5,62.0,Delivered,,Web
BB008234,C0463,PET0578,2025-11-10,P08,4.0,15.5,62.0,Delivered,5,Web
BB008235,C0463,PET0578,2025-11-18,P08,3.0,15.5,46.5,Delivered,,Web
BB008236,C0463,PET0578,2025-11-26,P08,4.0,15.5,62.0,Delivered,,Re-order Email
BB008237,C0463,PET0578,2025-12-03,P03,7.0,13.5,94.5,Delivered,,Re-order Email
BB008238,C0463,PET0578,2025-12-12,P08,5.0,15.5,77.5,Delivered,,Web
BB008239,C0463,PET0578,2025-12-22,P08,6.0,15.5,93.0,Delivered,,Web
BB008240,C0463,PET0578,2025-12-29,P08,6.0,15.5,93.0,Delivered,5,Pickup
BB008241,C0463,PET0578,2026-01-07,P08,6.0,15.5,93.0,Delivered,,Re-order Email
BB008242,C0463,PET0578,2026-01-14,P03,5.0,13.5,67.5,Delivered,5,Re-order Email
BB008243,C0463,PET0578,2026-01-22,P01,6.0,14.5,87.0,Delivered,,Re-order Email
BB008244,C0463,PET0578,2026-02-01,P08,3.0,15.5,46.5,Delivered,5,Web
BB008245,C0463,PET0578,2026-02-09,P08,3.0,15.5,46.5,Delivered,,Pickup
BB008246,C0463,PET0578,2026-02-20,P08,3.0,15.5,46.5,Delivered,,Web
BB008247,C0463,PET0578,2026-03-03,P08,7.0,15.5,108.5,Delivered,,Pickup
BB008248,C0463,PET0578,2026-03-10,P08,4.0,15.5,62.0,Delivered,5,Web
BB008249,C0463,PET0578,2026-03-22,P08,6.0,15.5,93.0,Delivered,,Re-order Email
BB008250,C0463,PET0578,2026-04-02,P08,3.0,15.5,46.5,Delivered,,Web
BB008251,C0463,PET0578,2026-04-16,P07,7.0,13.5,94.5,Delivered,,Re-order Email
BB008252,C0464,PET0579,2026-01-19,P07,3.0,13.5,40.5,Delivered,5,Web
BB008253,C0464,PET0579,2026-01-29,P07,3.0,13.5,40.5,Delivered,5,Pickup
BB008254,C0464,PET0579,2026-02-08,P07,2.0,13.5,27.0,Delivered,,Web
BB008255,C0464,PET0579,2026-02-16,P07,7.0,13.5,94.5,Delivered,5,Pickup
BB008256,C0464,PET0579,2026-02-24,P07,7.0,13.5,94.5,Delivered,5,Web
BB008257,C0464,PET0579,2026-03-09,P07,4.0,13.5,54.0,Delivered,,Web
BB008258,C0464,PET0579,2026-03-22,P07,2.0,13.5,27.0,Delivered,5,Pickup
BB008259,C0464,PET0579,2026-04-05,P08,4.0,15.5,62.0,Delivered,,Web
BB008260,C0464,PET0579,2026-04-19,P07,5.0,13.5,67.5,Delivered,,Web
BB008261,C0464,PET0579,2026-04-28,P07,7.0,13.5,94.5,Delivered,,Web
BB008262,C0465,PET0580,2026-04-02,P08,4.0,15.5,62.0,Delivered,,Web
BB008263,C0465,PET0580,2026-04-13,P01,6.0,14.5,87.0,Delivered,,Re-order Email
BB008264,C0465,PET0580,2026-04-25,P07,7.0,13.5,94.5,Delivered,,Web
BB008265,C0466,PET0581,2025-06-23,P02,4.0,13.0,52.0,Delivered,5,Web
BB008266,C0466,PET0581,2025-07-05,P07,4.0,13.5,54.0,Delivered,,Web
BB008267,C0466,PET0581,2025-07-18,P07,6.0,13.5,81.0,Delivered,,Web
BB008268,C0466,PET0581,2025-07-29,P06,5.0,14.5,72.5,Delivered,,Web
BB008269,C0466,PET0581,2025-08-06,P07,5.0,13.5,67.5,Delivered,,Web
BB008270,C0466,PET0581,2025-08-14,P07,6.0,13.5,81.0,Delivered,,Re-order Email
BB008271,C0466,PET0581,2025-08-21,P07,7.0,13.5,94.5,Delivered,,Web
BB008272,C0466,PET0581,2025-08-30,P07,3.0,13.5,40.5,Delivered,,Re-order Email
BB008273,C0466,PET0581,2025-09-11,P07,4.0,13.5,54.0,Delivered,,Pickup
BB008274,C0466,PET0581,2025-09-19,P07,4.0,13.5,54.0,Delivered,5,Web
BB008275,C0466,PET0581,2025-10-02,P07,4.0,13.5,54.0,Delivered,,Web
BB008276,C0466,PET0581,2025-10-09,P03,6.0,13.5,81.0,Delivered,,Web
BB008277,C0466,PET0581,2025-10-21,P07,4.0,13.5,54.0,Delivered,,Web
BB008278,C0466,PET0581,2025-10-30,P07,3.0,13.5,40.5,Delivered,,Web
BB008279,C0466,PET0581,2025-11-10,P02,7.0,13.0,91.0,Delivered,5,Web
BB008280,C0466,PET0581,2025-11-22,P03,6.0,13.5,81.0,Delivered,5,Re-order Email
BB008281,C0466,PET0581,2025-12-05,P07,3.0,13.5,40.5,Delivered,,Web
BB008282,C0466,PET0581,2025-12-12,P08,5.0,15.5,77.5,Delivered,,Pickup
BB008283,C0466,PET0581,2025-12-19,P07,3.0,13.5,40.5,Delivered,,Web
BB008284,C0466,PET0581,2025-12-31,P08,5.0,15.5,77.5,Delivered,,Web
BB008285,C0466,PET0581,2026-01-09,P07,3.0,13.5,40.5,Delivered,5,Web
BB008286,C0466,PET0581,2026-01-18,P07,7.0,13.5,94.5,Delivered,5,Web
BB008287,C0466,PET0581,2026-01-26,P07,4.0,13.5,54.0,Delivered,,Re-order Email
BB008288,C0466,PET0581,2026-02-04,P07,3.0,13.5,40.5,Delivered,,Web
BB008289,C0466,PET0581,2026-02-15,P07,6.0,13.5,81.0,Delivered,,Web
BB008290,C0466,PET0581,2026-02-24,P07,4.0,13.5,54.0,Delivered,,Pickup
BB008291,C0466,PET0581,2026-03-10,P07,4.0,13.5,54.0,Delivered,5,Web
BB008292,C0466,PET0581,2026-03-24,P07,5.0,13.5,67.5,Delivered,,Web
BB008293,C0466,PET0581,2026-04-07,P07,2.0,13.5,27.0,Delivered,,Web
BB008294,C0466,PET0581,2026-04-17,P07,4.0,13.5,54.0,Delivered,5,Re-order Email
BB008295,C0466,PET0582,2025-06-25,P10,4.0,13.0,52.0,Delivered,5,Web
BB008296,C0466,PET0582,2025-07-02,P03,3.0,13.5,40.5,Delivered,,Web
BB008297,C0466,PET0582,2025-07-14,P10,3.0,13.0,39.0,Delivered,5,Re-order Email
BB008298,C0466,PET0582,2025-07-25,P10,3.0,13.0,39.0,Delivered,3,Web
BB008299,C0466,PET0582,2025-08-01,P10,3.0,13.0,39.0,Delivered,5,Web
BB008300,C0466,PET0582,2025-08-13,P10,3.0,13.0,39.0,Delivered,5,Web
BB008301,C0466,PET0582,2025-08-21,P10,4.0,13.0,52.0,Delivered,4,Pickup
BB008302,C0466,PET0582,2025-08-30,P10,4.0,13.0,52.0,Delivered,,Web
BB008303,C0466,PET0582,2025-09-10,P10,5.0,13.0,65.0,Delivered,,Web
BB008304,C0466,PET0582,2025-09-18,P10,2.0,13.0,26.0,Delivered,,Web
BB008305,C0466,PET0582,2025-09-28,P10,4.0,13.0,52.0,Delivered,5,Web
BB008306,C0466,PET0582,2025-10-09,P10,5.0,13.0,65.0,Delivered,,Web
BB008307,C0466,PET0582,2025-10-17,P07,4.0,13.5,54.0,Delivered,4,Re-order Email
BB008308,C0466,PET0582,2025-10-30,P10,6.0,13.0,78.0,Delivered,5,Web
BB008309,C0466,PET0582,2025-11-07,P01,2.0,14.5,29.0,Delivered,5,Web
BB008310,C0466,PET0582,2025-11-17,P10,3.0,13.0,39.0,Delivered,,Web
BB008311,C0466,PET0582,2025-11-25,P07,6.0,13.5,81.0,Delivered,4,Re-order Email
BB008312,C0466,PET0582,2025-12-05,P10,4.0,13.0,52.0,Delivered,,Web
BB008313,C0466,PET0582,2025-12-14,P09,5.0,12.5,62.5,Delivered,,Web
BB008314,C0466,PET0582,2025-12-24,P10,6.0,13.0,78.0,Delivered,,Web
BB008315,C0466,PET0582,2026-01-03,P10,6.0,13.0,78.0,Delivered,4,Web
BB008316,C0466,PET0582,2026-01-12,P10,6.0,13.0,78.0,Delivered,,Web
BB008317,C0466,PET0582,2026-01-21,P10,6.0,13.0,78.0,Delivered,5,Web
BB008318,C0466,PET0582,2026-01-31,P12,6.0,12.5,75.0,Delivered,5,Web
BB008319,C0466,PET0582,2026-02-07,P11,7.0,12.0,84.0,Delivered,,Pickup
BB008320,C0466,PET0582,2026-02-17,P10,4.0,13.0,52.0,Delivered,5,Web
BB008321,C0466,PET0582,2026-02-28,P10,5.0,13.0,65.0,Delivered,,Web
BB008322,C0466,PET0582,2026-03-08,P07,5.0,13.5,67.5,Delivered,,Re-order Email
BB008323,C0466,PET0582,2026-03-21,P03,5.0,13.5,67.5,Delivered,,Web
BB008324,C0466,PET0582,2026-03-30,P08,5.0,15.5,77.5,Delivered,5,Web
BB008325,C0466,PET0582,2026-04-12,P07,5.0,13.5,67.5,Delivered,,Web
BB008326,C0466,PET0582,2026-04-21,P10,5.0,13.0,65.0,Delivered,,Re-order Email
BB008327,C0466,PET0582,2026-04-30,P10,5.0,13.0,65.0,Delivered,4,Pickup
BB008328,C0467,PET0583,2025-11-16,P10,5.0,13.0,65.0,Delivered,,Web
BB008329,C0467,PET0583,2025-11-28,P04,3.0,14.0,42.0,Delivered,,Pickup
BB008330,C0467,PET0583,2025-12-08,P04,6.0,14.0,84.0,Delivered,4,Re-order Email
BB008331,C0467,PET0583,2025-12-18,P10,4.0,13.0,52.0,Delivered,,Pickup
BB008332,C0467,PET0583,2025-12-29,P10,4.0,13.0,52.0,Delivered,3,Web
BB008333,C0467,PET0583,2026-01-11,P10,6.0,13.0,78.0,Delivered,,Web
BB008334,C0467,PET0583,2026-01-21,P10,5.0,13.0,65.0,Delivered,,Web
BB008335,C0467,PET0583,2026-01-28,P10,4.0,13.0,52.0,Delivered,,Web
BB008336,C0467,PET0583,2026-02-06,P10,7.0,13.0,91.0,Delivered,,Re-order Email
BB008337,C0467,PET0583,2026-02-16,P10,4.0,13.0,52.0,Delivered,5,Re-order Email
BB008338,C0467,PET0583,2026-03-02,P11,7.0,12.0,84.0,Delivered,,Web
BB008339,C0467,PET0583,2026-03-11,P10,3.0,13.0,39.0,Delivered,,Web
BB008340,C0467,PET0583,2026-03-22,P10,6.0,13.0,78.0,Delivered,,Web
BB008341,C0467,PET0583,2026-04-03,P10,6.0,13.0,78.0,Delivered,,Web
BB008342,C0467,PET0583,2026-04-16,P10,4.0,13.0,52.0,Delivered,,Pickup
BB008343,C0467,PET0583,2026-04-29,P10,5.0,13.0,65.0,Delivered,4,Web
BB008344,C0468,PET0584,2026-04-02,P11,7.0,12.0,84.0,Delivered,,Re-order Email
BB008345,C0468,PET0584,2026-04-10,P02,7.0,13.0,91.0,Delivered,,Re-order Email
BB008346,C0468,PET0584,2026-04-24,P11,7.0,12.0,84.0,Delivered,5,Web
BB008347,C0468,PET0585,2026-04-02,P08,6.0,15.5,93.0,Delivered,,Web
BB008348,C0468,PET0585,2026-04-16,P08,5.0,15.5,77.5,Delivered,,Web
BB008349,C0468,PET0585,2026-04-27,P08,5.0,15.5,77.5,Delivered,5,Web
BB008350,C0469,PET0586,2025-10-20,P05,2.0,15.0,30.0,Delivered,,Web
BB008351,C0469,PET0586,2025-10-31,P05,6.0,15.0,90.0,Delivered,,Pickup
BB008352,C0469,PET0586,2025-11-11,P01,4.0,14.5,58.0,Delivered,,Re-order Email
BB008353,C0469,PET0586,2025-11-23,P05,5.0,15.0,75.0,Delivered,,Web
BB008354,C0469,PET0586,2025-12-04,P05,4.0,15.0,60.0,Delivered,,Web
BB008355,C0469,PET0586,2025-12-11,P01,6.0,14.5,87.0,Delivered,4,Web
BB008356,C0469,PET0586,2025-12-21,P02,6.0,13.0,78.0,Delivered,,Pickup
BB008357,C0469,PET0586,2026-01-02,P05,3.0,15.0,45.0,Delivered,5,Web
BB008358,C0469,PET0586,2026-01-16,P01,4.0,14.5,58.0,Delivered,5,Web
BB008359,C0469,PET0586,2026-01-30,P05,7.0,15.0,105.0,Delivered,,Web
BB008360,C0469,PET0586,2026-02-09,P05,3.0,15.0,45.0,Delivered,,Pickup
BB008361,C0469,PET0586,2026-02-23,P05,5.0,15.0,75.0,Delivered,,Pickup
BB008362,C0469,PET0586,2026-03-02,P03,3.0,13.5,40.5,Delivered,5,Web
BB008363,C0469,PET0586,2026-03-15,P03,5.0,13.5,67.5,Delivered,4,Web
BB008364,C0469,PET0586,2026-03-27,P05,5.0,15.0,75.0,Delivered,5,Web
BB008365,C0469,PET0586,2026-04-09,P12,4.0,12.5,50.0,Delivered,,Web
BB008366,C0469,PET0586,2026-04-20,P03,6.0,13.5,81.0,Delivered,,Web
BB008367,C0470,PET0587,2025-07-15,P03,5.0,13.5,67.5,Delivered,,Web
BB008368,C0470,PET0587,2025-07-26,P03,3.0,13.5,40.5,Delivered,5,Re-order Email
BB008369,C0470,PET0587,2025-08-07,P03,3.0,13.5,40.5,Delivered,5,Re-order Email
BB008370,C0470,PET0587,2025-08-15,P03,5.0,13.5,67.5,Delivered,,Web
BB008371,C0470,PET0587,2025-08-28,P03,5.0,13.5,67.5,Delivered,,Pickup
BB008372,C0470,PET0587,2025-09-10,P09,6.0,12.5,75.0,Delivered,4,Web
BB008373,C0470,PET0587,2025-09-23,P03,6.0,13.5,81.0,Delivered,5,Re-order Email
BB008374,C0470,PET0587,2025-10-06,P03,4.0,13.5,54.0,Delivered,,Web
BB008375,C0470,PET0587,2025-10-18,P03,6.0,13.5,81.0,Delivered,3,Web
BB008376,C0470,PET0587,2025-10-27,P03,5.0,13.5,67.5,Delivered,5,Web
BB008377,C0470,PET0587,2025-11-09,P03,6.0,13.5,81.0,Delivered,,Web
BB008378,C0470,PET0587,2025-11-17,P03,7.0,13.5,94.5,Delivered,5,Web
BB008379,C0470,PET0587,2025-11-28,P03,4.0,13.5,54.0,Delivered,,Web
BB008380,C0470,PET0587,2025-12-08,P03,4.0,13.5,54.0,Delivered,,Web
BB008381,C0470,PET0587,2025-12-19,P03,5.0,13.5,67.5,Delivered,3,Web
BB008382,C0470,PET0587,2025-12-28,P03,2.0,13.5,27.0,Delivered,4,Re-order Email
BB008383,C0470,PET0587,2026-01-06,P03,6.0,13.5,81.0,Delivered,,Re-order Email
BB008384,C0470,PET0587,2026-01-15,P10,3.0,13.0,39.0,Delivered,5,Web
BB008385,C0470,PET0587,2026-01-24,P03,3.0,13.5,40.5,Delivered,,Pickup
BB008386,C0470,PET0587,2026-02-05,P03,5.0,13.5,67.5,Delivered,,Web
BB008387,C0470,PET0587,2026-02-14,P03,5.0,13.5,67.5,Delivered,,Pickup
BB008388,C0470,PET0587,2026-02-23,P03,4.0,13.5,54.0,Delivered,,Web
BB008389,C0470,PET0587,2026-03-06,P03,6.0,13.5,81.0,Delivered,4,Pickup
BB008390,C0470,PET0587,2026-03-14,P03,5.0,13.5,67.5,Delivered,5,Pickup
BB008391,C0470,PET0587,2026-03-23,P07,7.0,13.5,94.5,Delivered,,Web
BB008392,C0470,PET0587,2026-04-03,P03,6.0,13.5,81.0,Delivered,,Web
BB008393,C0470,PET0587,2026-04-10,P03,6.0,13.5,81.0,Delivered,,Web
BB008394,C0470,PET0587,2026-04-18,P03,4.0,13.5,54.0,Delivered,,Web
BB008395,C0470,PET0587,2026-04-27,P03,6.0,13.5,81.0,Delivered,5,Re-order Email
BB008396,C0471,PET0588,2026-03-25,P07,4.0,13.5,54.0,Delivered,,Web
BB008397,C0471,PET0588,2026-04-07,P01,4.0,14.5,58.0,Delivered,5,Web
BB008398,C0471,PET0588,2026-04-20,P07,7.0,13.5,94.5,Delivered,,Web
BB008399,C0471,PET0588,2026-04-30,P07,7.0,13.5,94.5,Delivered,,Web
BB008400,C0473,PET0590,2026-05-02,P02,6.0,13.0,78.0,Scheduled,,Re-order Email
BB008401,C0473,PET0591,2026-04-28,P03,7.0,13.5,94.5,Delivered,4,Pickup
BB008402,C0474,PET0592,2025-01-04,P03,4.0,13.5,54.0,Delivered,4,Web
BB008403,C0474,PET0592,2025-01-13,P06,5.0,14.5,72.5,Delivered,,Web
BB008404,C0474,PET0592,2025-01-27,P03,7.0,13.5,94.5,Delivered,5,Pickup
BB008405,C0474,PET0592,2025-02-04,P03,4.0,13.5,54.0,Delivered,,Web
BB008406,C0474,PET0592,2025-02-17,P03,6.0,13.5,81.0,Delivered,5,Pickup
BB008407,C0474,PET0592,2025-03-03,P07,4.0,13.5,54.0,Delivered,5,Re-order Email
BB008408,C0474,PET0592,2025-03-10,P03,5.0,13.5,67.5,Delivered,5,Re-order Email
BB008409,C0474,PET0592,2025-03-20,P03,4.0,13.5,54.0,Delivered,,Web
BB008410,C0474,PET0592,2025-03-28,P03,3.0,13.5,40.5,Delivered,5,Web
BB008411,C0474,PET0592,2025-04-11,P03,6.0,13.5,81.0,Delivered,,Web
BB008412,C0474,PET0592,2025-04-21,P03,4.0,13.5,54.0,Delivered,,Web
BB008413,C0474,PET0592,2025-05-01,P03,4.0,13.5,54.0,Delivered,,Pickup
BB008414,C0474,PET0592,2025-05-15,P03,5.0,13.5,67.5,Delivered,5,Web
BB008415,C0474,PET0592,2025-05-25,P03,5.0,13.5,67.5,Delivered,5,Web
BB008416,C0474,PET0592,2025-06-01,P03,5.0,13.5,67.5,Delivered,,Web
BB008417,C0474,PET0592,2025-06-12,P06,7.0,14.5,101.5,Delivered,,Re-order Email
BB008418,C0474,PET0592,2025-06-20,P03,4.0,13.5,54.0,Delivered,,Web
BB008419,C0474,PET0592,2025-06-27,P03,7.0,13.5,94.5,Delivered,5,Re-order Email
BB008420,C0474,PET0592,2025-07-04,P03,4.0,13.5,54.0,Delivered,,Pickup
BB008421,C0474,PET0592,2025-07-18,P02,6.0,13.0,78.0,Delivered,5,Pickup
BB008422,C0474,PET0592,2025-08-01,P09,4.0,12.5,50.0,Delivered,5,Re-order Email
BB008423,C0474,PET0592,2025-08-15,P02,2.0,13.0,26.0,Delivered,5,Re-order Email
BB008424,C0474,PET0592,2025-08-29,P02,5.0,13.0,65.0,Delivered,4,Web
BB008425,C0474,PET0592,2025-09-05,P01,3.0,14.5,43.5,Delivered,,Web
BB008426,C0474,PET0592,2025-09-18,P03,6.0,13.5,81.0,Delivered,,Pickup
BB008427,C0474,PET0592,2025-09-28,P10,4.0,13.0,52.0,Delivered,,Pickup
BB008428,C0474,PET0592,2025-10-08,P03,5.0,13.5,67.5,Delivered,,Re-order Email
BB008429,C0474,PET0592,2025-10-17,P09,2.0,12.5,25.0,Delivered,,Re-order Email
BB008430,C0474,PET0592,2025-10-25,P03,4.0,13.5,54.0,Delivered,,Pickup
BB008431,C0474,PET0592,2025-11-05,P01,4.0,14.5,58.0,Delivered,5,Web
BB008432,C0474,PET0592,2025-11-19,P03,4.0,13.5,54.0,Delivered,,Web
BB008433,C0474,PET0592,2025-12-02,P03,5.0,13.5,67.5,Delivered,5,Pickup
BB008434,C0474,PET0592,2025-12-10,P06,7.0,14.5,101.5,Delivered,4,Web
BB008435,C0474,PET0592,2025-12-21,P02,5.0,13.0,65.0,Delivered,4,Re-order Email
BB008436,C0474,PET0592,2025-12-28,P03,5.0,13.5,67.5,Delivered,,Pickup
BB008437,C0474,PET0592,2026-01-06,P03,5.0,13.5,67.5,Delivered,,Pickup
BB008438,C0474,PET0592,2026-01-13,P03,5.0,13.5,67.5,Delivered,,Re-order Email
BB008439,C0474,PET0592,2026-01-27,P01,5.0,14.5,72.5,Delivered,,Re-order Email
BB008440,C0474,PET0592,2026-02-09,P11,6.0,12.0,72.0,Delivered,,Pickup
BB008441,C0474,PET0592,2026-02-20,P03,4.0,13.5,54.0,Delivered,,Web
BB008442,C0474,PET0592,2026-02-27,P03,4.0,13.5,54.0,Delivered,,Re-order Email
BB008443,C0474,PET0592,2026-03-06,P03,3.0,13.5,40.5,Delivered,4,Re-order Email
BB008444,C0474,PET0592,2026-03-15,P12,5.0,12.5,62.5,Delivered,,Pickup
BB008445,C0474,PET0592,2026-03-29,P03,4.0,13.5,54.0,Delivered,,Re-order Email
BB008446,C0474,PET0592,2026-04-11,P01,4.0,14.5,58.0,Delivered,,Web
BB008447,C0474,PET0592,2026-04-23,P10,4.0,13.0,52.0,Delivered,4,Re-order Email
BB008448,C0475,PET0593,2026-04-28,P02,4.0,13.0,52.0,Delivered,,Web
BB008449,C0476,PET0594,2026-04-30,P03,4.0,13.5,54.0,Delivered,,Web
BB008450,C0477,PET0595,2025-11-03,P01,6.0,14.5,87.0,Delivered,4,Web
BB008451,C0477,PET0595,2025-11-13,P01,7.0,14.5,101.5,Delivered,,Pickup
BB008452,C0477,PET0595,2025-11-26,P01,6.0,14.5,87.0,Delivered,5,Pickup
BB008453,C0477,PET0595,2025-12-10,P01,6.0,14.5,87.0,Delivered,,Web
BB008454,C0477,PET0595,2025-12-17,P01,5.0,14.5,72.5,Delivered,,Pickup
BB008455,C0477,PET0595,2025-12-31,P01,5.0,14.5,72.5,Delivered,,Web
BB008456,C0477,PET0595,2026-01-09,P01,3.0,14.5,43.5,Delivered,,Pickup
BB008457,C0477,PET0595,2026-01-22,P01,3.0,14.5,43.5,Delivered,4,Web
BB008458,C0477,PET0595,2026-02-04,P01,3.0,14.5,43.5,Delivered,,Pickup
BB008459,C0477,PET0595,2026-02-16,P01,4.0,14.5,58.0,Delivered,,Web
BB008460,C0477,PET0595,2026-02-27,P01,4.0,14.5,58.0,Delivered,4,Web
BB008461,C0477,PET0595,2026-03-11,P02,7.0,13.0,91.0,Delivered,,Web
BB008462,C0477,PET0595,2026-03-25,P01,4.0,14.5,58.0,Delivered,,Web
BB008463,C0477,PET0595,2026-04-05,P01,4.0,14.5,58.0,Delivered,,Web
BB008464,C0477,PET0595,2026-04-19,P07,6.0,13.5,81.0,Delivered,5,Web
BB008465,C0478,PET0596,2025-12-25,P12,6.0,12.5,75.0,Delivered,,Web
BB008466,C0478,PET0596,2026-01-04,P01,7.0,14.5,101.5,Delivered,,Pickup
BB008467,C0478,PET0596,2026-01-17,P12,6.0,12.5,75.0,Delivered,,Pickup
BB008468,C0478,PET0596,2026-01-25,P12,3.0,12.5,37.5,Delivered,,Web
BB008469,C0478,PET0596,2026-02-07,P02,3.0,13.0,39.0,Delivered,,Pickup
BB008470,C0478,PET0596,2026-02-14,P02,4.0,13.0,52.0,Delivered,,Web
BB008471,C0478,PET0596,2026-02-21,P12,7.0,12.5,87.5,Delivered,4,Pickup
BB008472,C0478,PET0596,2026-03-02,P12,7.0,12.5,87.5,Delivered,3,Re-order Email
BB008473,C0478,PET0596,2026-03-10,P12,3.0,12.5,37.5,Delivered,,Web
BB008474,C0478,PET0596,2026-03-18,P12,6.0,12.5,75.0,Delivered,,Re-order Email
BB008475,C0478,PET0596,2026-03-30,P12,3.0,12.5,37.5,Delivered,,Web
BB008476,C0478,PET0596,2026-04-11,P12,6.0,12.5,75.0,Delivered,5,Re-order Email
BB008477,C0478,PET0596,2026-04-22,P12,5.0,12.5,62.5,Delivered,,Web
BB008478,C0479,PET0597,2026-04-09,P12,4.0,12.5,50.0,Delivered,5,Pickup
BB008479,C0479,PET0597,2026-04-21,P12,6.0,12.5,75.0,Delivered,5,Re-order Email
BB008480,C0479,PET0597,2026-04-28,P12,5.0,12.5,62.5,Delivered,,Web
BB008481,C0480,PET0598,2026-05-03,P08,5.0,15.5,77.5,Scheduled,,Re-order Email
BB008482,C0481,PET0599,2024-11-10,P03,6.0,13.5,81.0,Delivered,,Web
BB008483,C0481,PET0599,2024-11-21,P06,6.0,14.5,87.0,Delivered,,Web
BB008484,C0481,PET0599,2024-11-28,P06,6.0,14.5,87.0,Delivered,,Re-order Email
BB008485,C0481,PET0599,2024-12-07,P06,5.0,14.5,72.5,Delivered,5,Web
BB008486,C0481,PET0599,2024-12-16,P08,4.0,15.5,62.0,Delivered,5,Web
BB008487,C0481,PET0599,2024-12-28,P06,4.0,14.5,58.0,Delivered,,Re-order Email
BB008488,C0481,PET0599,2025-01-04,P01,4.0,14.5,58.0,Delivered,,Pickup
BB008489,C0481,PET0599,2025-01-14,P06,3.0,14.5,43.5,Delivered,,Pickup
BB008490,C0481,PET0599,2025-01-21,P06,4.0,14.5,58.0,Delivered,5,Re-order Email
BB008491,C0481,PET0599,2025-01-30,P06,6.0,14.5,87.0,Delivered,,Web
BB008492,C0481,PET0599,2025-02-08,P06,5.0,14.5,72.5,Delivered,,Web
BB008493,C0481,PET0599,2025-02-21,P06,3.0,14.5,43.5,Delivered,,Web
BB008494,C0481,PET0599,2025-02-28,P02,5.0,13.0,65.0,Delivered,5,Re-order Email
BB008495,C0481,PET0599,2025-03-13,P06,3.0,14.5,43.5,Delivered,,Web
BB008496,C0481,PET0599,2025-03-25,P06,4.0,14.5,58.0,Delivered,,Web
BB008497,C0481,PET0599,2025-04-04,P06,3.0,14.5,43.5,Delivered,,Web
BB008498,C0481,PET0599,2025-04-16,P03,7.0,13.5,94.5,Delivered,,Web
BB008499,C0481,PET0599,2025-04-24,P06,4.0,14.5,58.0,Delivered,,Pickup
BB008500,C0481,PET0599,2025-05-03,P06,7.0,14.5,101.5,Delivered,5,Web
BB008501,C0481,PET0599,2025-05-11,P06,5.0,14.5,72.5,Delivered,5,Re-order Email
BB008502,C0481,PET0599,2025-05-20,P06,4.0,14.5,58.0,Delivered,4,Web
BB008503,C0481,PET0599,2025-05-31,P06,4.0,14.5,58.0,Delivered,,Re-order Email
BB008504,C0481,PET0599,2025-06-13,P06,5.0,14.5,72.5,Delivered,,Re-order Email
BB008505,C0481,PET0599,2025-06-20,P07,5.0,13.5,67.5,Delivered,,Re-order Email
BB008506,C0481,PET0599,2025-07-03,P12,3.0,12.5,37.5,Delivered,,Pickup
BB008507,C0481,PET0599,2025-07-13,P06,4.0,14.5,58.0,Delivered,5,Web
BB008508,C0481,PET0599,2025-07-21,P06,6.0,14.5,87.0,Delivered,5,Re-order Email
BB008509,C0481,PET0599,2025-07-30,P06,5.0,14.5,72.5,Delivered,5,Re-order Email
BB008510,C0481,PET0599,2025-08-08,P08,5.0,15.5,77.5,Delivered,,Web
BB008511,C0481,PET0599,2025-08-16,P06,3.0,14.5,43.5,Delivered,,Web
BB008512,C0481,PET0599,2025-08-27,P06,4.0,14.5,58.0,Delivered,,Web
BB008513,C0481,PET0599,2025-09-04,P06,6.0,14.5,87.0,Delivered,,Web
BB008514,C0481,PET0599,2025-09-17,P06,6.0,14.5,87.0,Delivered,5,Web
BB008515,C0481,PET0599,2025-09-27,P08,5.0,15.5,77.5,Delivered,5,Web
BB008516,C0481,PET0599,2025-10-10,P06,4.0,14.5,58.0,Delivered,,Web
BB008517,C0481,PET0599,2025-10-21,P06,5.0,14.5,72.5,Delivered,5,Web
BB008518,C0481,PET0599,2025-10-31,P06,4.0,14.5,58.0,Delivered,,Web
BB008519,C0481,PET0599,2025-11-11,P06,6.0,14.5,87.0,Delivered,3,Web
BB008520,C0481,PET0599,2025-11-24,P03,6.0,13.5,81.0,Delivered,,Web
BB008521,C0481,PET0599,2025-12-04,P11,4.0,12.0,48.0,Delivered,,Web
BB008522,C0481,PET0599,2025-12-17,P06,4.0,14.5,58.0,Delivered,4,Web
BB008523,C0481,PET0599,2025-12-27,P06,5.0,14.5,72.5,Delivered,5,Re-order Email
BB008524,C0481,PET0599,2026-01-03,P06,3.0,14.5,43.5,Delivered,5,Web
BB008525,C0481,PET0599,2026-01-16,P06,6.0,14.5,87.0,Delivered,5,Web
BB008526,C0481,PET0599,2026-01-27,P06,4.0,14.5,58.0,Delivered,,Pickup
BB008527,C0481,PET0599,2026-02-07,P06,4.0,14.5,58.0,Delivered,5,Web
BB008528,C0481,PET0599,2026-02-18,P12,2.0,12.5,25.0,Delivered,,Re-order Email
BB008529,C0481,PET0599,2026-02-28,P06,5.0,14.5,72.5,Delivered,,Web
BB008530,C0481,PET0599,2026-03-09,P06,4.0,14.5,58.0,Delivered,5,Web
BB008531,C0481,PET0599,2026-03-21,P06,4.0,14.5,58.0,Delivered,,Web
BB008532,C0481,PET0599,2026-03-28,P06,5.0,14.5,72.5,Delivered,,Web
BB008533,C0481,PET0599,2026-04-09,P06,5.0,14.5,72.5,Delivered,,Web
BB008534,C0481,PET0599,2026-04-22,P06,5.0,14.5,72.5,Delivered,,Web
BB008535,C0482,PET0600,2026-01-22,P11,4.0,12.0,48.0,Delivered,,Web
BB008536,C0482,PET0600,2026-02-01,P11,4.0,12.0,48.0,Delivered,,Web
BB008537,C0482,PET0600,2026-02-10,P11,6.0,12.0,72.0,Delivered,,Web
BB008538,C0482,PET0600,2026-02-22,P11,3.0,12.0,36.0,Delivered,,Re-order Email
BB008539,C0482,PET0600,2026-03-08,P12,4.0,12.5,50.0,Delivered,5,Web
BB008540,C0482,PET0600,2026-03-19,P11,4.0,12.0,48.0,Delivered,3,Web
BB008541,C0482,PET0600,2026-03-26,P11,4.0,12.0,48.0,Delivered,5,Pickup
BB008542,C0482,PET0600,2026-04-02,P11,7.0,12.0,84.0,Delivered,,Web
BB008543,C0482,PET0600,2026-04-13,P02,3.0,13.0,39.0,Delivered,5,Web
BB008544,C0482,PET0600,2026-04-21,P11,4.0,12.0,48.0,Delivered,4,Web
BB008545,C0483,PET0601,2025-10-08,P02,6.0,13.0,78.0,Delivered,,Web
BB008546,C0483,PET0601,2025-10-18,P02,5.0,13.0,65.0,Delivered,,Re-order Email
BB008547,C0483,PET0601,2025-10-29,P02,4.0,13.0,52.0,Delivered,,Web
BB008548,C0483,PET0601,2025-11-05,P02,5.0,13.0,65.0,Delivered,,Web
BB008549,C0483,PET0601,2025-11-13,P11,3.0,12.0,36.0,Delivered,,Web
BB008550,C0483,PET0601,2025-11-25,P02,6.0,13.0,78.0,Delivered,,Web
BB008551,C0483,PET0601,2025-12-04,P02,5.0,13.0,65.0,Delivered,3,Pickup
BB008552,C0483,PET0601,2025-12-15,P02,4.0,13.0,52.0,Delivered,,Web
BB008553,C0483,PET0601,2025-12-22,P02,6.0,13.0,78.0,Delivered,,Web
BB008554,C0483,PET0601,2026-01-04,P02,7.0,13.0,91.0,Delivered,4,Web
BB008555,C0483,PET0601,2026-01-16,P02,6.0,13.0,78.0,Delivered,4,Web
BB008556,C0483,PET0601,2026-01-29,P01,2.0,14.5,29.0,Delivered,,Web
BB008557,C0483,PET0601,2026-02-05,P10,6.0,13.0,78.0,Delivered,5,Web
BB008558,C0483,PET0601,2026-02-17,P02,3.0,13.0,39.0,Delivered,5,Re-order Email
BB008559,C0483,PET0601,2026-02-27,P04,2.0,14.0,28.0,Delivered,3,Web
BB008560,C0483,PET0601,2026-03-07,P02,6.0,13.0,78.0,Delivered,,Re-order Email
BB008561,C0483,PET0601,2026-03-15,P02,6.0,13.0,78.0,Delivered,,Web
BB008562,C0483,PET0601,2026-03-24,P04,7.0,14.0,98.0,Delivered,,Web
BB008563,C0483,PET0601,2026-04-01,P02,7.0,13.0,91.0,Delivered,,Pickup
BB008564,C0483,PET0601,2026-04-11,P02,6.0,13.0,78.0,Delivered,5,Re-order Email
BB008565,C0483,PET0601,2026-04-24,P02,5.0,13.0,65.0,Delivered,,Web
BB008566,C0484,PET0602,2025-10-12,P07,3.0,13.5,40.5,Delivered,5,Web
BB008567,C0484,PET0602,2025-10-25,P07,5.0,13.5,67.5,Delivered,,Pickup
BB008568,C0484,PET0602,2025-11-06,P07,7.0,13.5,94.5,Delivered,,Web
BB008569,C0484,PET0602,2025-11-16,P07,6.0,13.5,81.0,Delivered,,Web
BB008570,C0484,PET0602,2025-11-23,P07,3.0,13.5,40.5,Delivered,,Web
BB008571,C0484,PET0602,2025-11-30,P07,6.0,13.5,81.0,Delivered,,Web
BB008572,C0484,PET0602,2025-12-12,P07,2.0,13.5,27.0,Delivered,,Pickup
BB008573,C0484,PET0602,2025-12-20,P03,7.0,13.5,94.5,Delivered,,Re-order Email
BB008574,C0484,PET0602,2025-12-31,P07,3.0,13.5,40.5,Delivered,,Re-order Email
BB008575,C0484,PET0602,2026-01-11,P07,3.0,13.5,40.5,Delivered,5,Web
BB008576,C0484,PET0602,2026-01-24,P07,7.0,13.5,94.5,Delivered,,Web
BB008577,C0484,PET0602,2026-02-04,P07,4.0,13.5,54.0,Delivered,,Web
BB008578,C0484,PET0602,2026-02-15,P11,4.0,12.0,48.0,Delivered,5,Web
BB008579,C0484,PET0602,2026-02-22,P01,6.0,14.5,87.0,Delivered,,Pickup
BB008580,C0484,PET0602,2026-03-01,P02,5.0,13.0,65.0,Delivered,,Web
BB008581,C0484,PET0602,2026-03-14,P07,4.0,13.5,54.0,Delivered,3,Web
BB008582,C0485,PET0603,2025-05-04,P11,3.0,12.0,36.0,Delivered,4,Re-order Email
BB008583,C0485,PET0603,2025-05-18,P06,5.0,14.5,72.5,Delivered,,Web
BB008584,C0485,PET0603,2025-05-30,P06,3.0,14.5,43.5,Delivered,,Web
BB008585,C0485,PET0603,2025-06-08,P06,5.0,14.5,72.5,Delivered,5,Web
BB008586,C0485,PET0603,2025-06-21,P10,4.0,13.0,52.0,Delivered,,Pickup
BB008587,C0485,PET0603,2025-07-02,P06,4.0,14.5,58.0,Delivered,5,Web
BB008588,C0485,PET0603,2025-07-12,P08,7.0,15.5,108.5,Delivered,4,Web
BB008589,C0485,PET0603,2025-07-22,P06,5.0,14.5,72.5,Delivered,,Pickup
BB008590,C0485,PET0603,2025-07-31,P12,5.0,12.5,62.5,Delivered,,Web
BB008591,C0485,PET0603,2025-08-09,P06,3.0,14.5,43.5,Delivered,,Re-order Email
BB008592,C0485,PET0603,2025-08-19,P03,4.0,13.5,54.0,Delivered,4,Web
BB008593,C0485,PET0603,2025-08-28,P06,3.0,14.5,43.5,Delivered,3,Web
BB008594,C0485,PET0603,2025-09-10,P06,5.0,14.5,72.5,Delivered,,Web
BB008595,C0485,PET0603,2025-09-20,P06,3.0,14.5,43.5,Delivered,5,Web
BB008596,C0485,PET0603,2025-10-03,P10,6.0,13.0,78.0,Delivered,,Web
BB008597,C0485,PET0603,2025-10-13,P02,5.0,13.0,65.0,Delivered,,Web
BB008598,C0485,PET0603,2025-10-24,P06,4.0,14.5,58.0,Delivered,,Web
BB008599,C0485,PET0603,2025-11-06,P03,4.0,13.5,54.0,Delivered,5,Pickup
BB008600,C0485,PET0603,2025-11-19,P06,4.0,14.5,58.0,Delivered,,Web
BB008601,C0485,PET0603,2025-12-03,P08,6.0,15.5,93.0,Delivered,,Web
BB008602,C0485,PET0603,2025-12-14,P06,7.0,14.5,101.5,Delivered,4,Pickup
BB008603,C0485,PET0603,2025-12-22,P06,5.0,14.5,72.5,Delivered,4,Pickup
BB008604,C0485,PET0603,2025-12-31,P06,4.0,14.5,58.0,Delivered,,Re-order Email
BB008605,C0485,PET0603,2026-01-10,P09,6.0,12.5,75.0,Delivered,,Re-order Email
BB008606,C0485,PET0603,2026-01-22,P06,6.0,14.5,87.0,Delivered,3,Web
BB008607,C0485,PET0603,2026-02-05,P09,4.0,12.5,50.0,Delivered,,Web
BB008608,C0485,PET0603,2026-02-15,P06,6.0,14.5,87.0,Delivered,,Web
BB008609,C0485,PET0603,2026-02-22,P06,6.0,14.5,87.0,Delivered,5,Web
BB008610,C0485,PET0603,2026-03-03,P06,3.0,14.5,43.5,Delivered,5,Web
BB008611,C0485,PET0603,2026-03-12,P06,5.0,14.5,72.5,Delivered,,Web
BB008612,C0485,PET0603,2026-03-20,P06,2.0,14.5,29.0,Delivered,5,Web
BB008613,C0485,PET0603,2026-04-01,P11,3.0,12.0,36.0,Delivered,5,Web
BB008614,C0485,PET0603,2026-04-10,P06,6.0,14.5,87.0,Delivered,,Web
BB008615,C0485,PET0603,2026-04-17,P06,2.0,14.5,29.0,Delivered,,Web
BB008616,C0485,PET0603,2026-04-25,P06,6.0,14.5,87.0,Delivered,,Web
BB008617,C0486,PET0604,2025-01-08,P09,6.0,12.5,75.0,Delivered,,Web
BB008618,C0486,PET0604,2025-01-19,P09,6.0,12.5,75.0,Delivered,,Web
BB008619,C0486,PET0604,2025-01-31,P09,6.0,12.5,75.0,Delivered,,Pickup
BB008620,C0486,PET0604,2025-02-11,P09,7.0,12.5,87.5,Delivered,3,Web
BB008621,C0486,PET0604,2025-02-24,P02,6.0,13.0,78.0,Delivered,5,Web
BB008622,C0486,PET0604,2025-03-08,P08,4.0,15.5,62.0,Delivered,,Web
BB008623,C0486,PET0604,2025-03-17,P02,4.0,13.0,52.0,Delivered,5,Web
BB008624,C0486,PET0604,2025-03-24,P09,5.0,12.5,62.5,Delivered,,Web
BB008625,C0486,PET0604,2025-04-07,P09,6.0,12.5,75.0,Delivered,5,Pickup
BB008626,C0486,PET0604,2025-04-15,P10,2.0,13.0,26.0,Delivered,,Pickup
BB008627,C0486,PET0604,2025-04-22,P09,5.0,12.5,62.5,Delivered,5,Web
BB008628,C0486,PET0604,2025-05-02,P09,4.0,12.5,50.0,Delivered,4,Web
BB008629,C0486,PET0604,2025-05-14,P02,4.0,13.0,52.0,Delivered,,Web
BB008630,C0486,PET0604,2025-05-25,P09,7.0,12.5,87.5,Delivered,,Web
BB008631,C0486,PET0604,2025-06-02,P09,3.0,12.5,37.5,Delivered,,Web
BB008632,C0486,PET0604,2025-06-13,P11,3.0,12.0,36.0,Delivered,,Re-order Email
BB008633,C0486,PET0604,2025-06-25,P09,3.0,12.5,37.5,Delivered,,Web
BB008634,C0486,PET0604,2025-07-06,P03,5.0,13.5,67.5,Delivered,5,Web
BB008635,C0486,PET0604,2025-07-13,P10,4.0,13.0,52.0,Delivered,,Web
BB008636,C0486,PET0604,2025-07-20,P08,2.0,15.5,31.0,Delivered,4,Web
BB008637,C0486,PET0604,2025-07-29,P09,4.0,12.5,50.0,Delivered,,Web
BB008638,C0486,PET0604,2025-08-12,P07,4.0,13.5,54.0,Delivered,4,Web
BB008639,C0486,PET0604,2025-08-22,P09,6.0,12.5,75.0,Delivered,,Web
BB008640,C0486,PET0604,2025-09-02,P09,4.0,12.5,50.0,Delivered,,Web
BB008641,C0486,PET0604,2025-09-15,P11,6.0,12.0,72.0,Delivered,,Web
BB008642,C0486,PET0604,2025-09-29,P09,4.0,12.5,50.0,Delivered,,Pickup
BB008643,C0486,PET0604,2025-10-13,P01,5.0,14.5,72.5,Delivered,5,Web
BB008644,C0486,PET0604,2025-10-24,P09,5.0,12.5,62.5,Delivered,5,Pickup
BB008645,C0486,PET0604,2025-11-05,P09,4.0,12.5,50.0,Delivered,,Web
BB008646,C0486,PET0604,2025-11-13,P09,6.0,12.5,75.0,Delivered,5,Web
BB008647,C0486,PET0604,2025-11-25,P09,5.0,12.5,62.5,Delivered,4,Web
BB008648,C0486,PET0604,2025-12-04,P02,5.0,13.0,65.0,Delivered,5,Web
BB008649,C0486,PET0604,2025-12-12,P09,3.0,12.5,37.5,Delivered,5,Web
BB008650,C0486,PET0604,2025-12-21,P09,7.0,12.5,87.5,Delivered,5,Web
BB008651,C0486,PET0604,2026-01-02,P09,7.0,12.5,87.5,Delivered,,Web
BB008652,C0486,PET0604,2026-01-15,P09,4.0,12.5,50.0,Delivered,,Web
BB008653,C0486,PET0604,2026-01-24,P08,4.0,15.5,62.0,Delivered,4,Web
BB008654,C0486,PET0604,2026-02-05,P09,5.0,12.5,62.5,Delivered,5,Pickup
BB008655,C0486,PET0604,2026-02-14,P09,6.0,12.5,75.0,Delivered,,Web
BB008656,C0486,PET0604,2026-02-23,P09,4.0,12.5,50.0,Delivered,,Web
BB008657,C0486,PET0604,2026-03-04,P09,3.0,12.5,37.5,Delivered,,Web
BB008658,C0486,PET0604,2026-03-18,P09,4.0,12.5,50.0,Delivered,4,Web
BB008659,C0486,PET0604,2026-03-31,P10,4.0,13.0,52.0,Delivered,4,Re-order Email
BB008660,C0486,PET0604,2026-04-08,P09,3.0,12.5,37.5,Delivered,,Web
BB008661,C0486,PET0604,2026-04-22,P09,4.0,12.5,50.0,Delivered,5,Web
BB008662,C0487,PET0605,2026-03-22,P01,5.0,14.5,72.5,Delivered,,Web
BB008663,C0487,PET0605,2026-04-04,P01,7.0,14.5,101.5,Delivered,,Web
BB008664,C0488,PET0606,2025-10-29,P09,4.0,12.5,50.0,Delivered,,Web
BB008665,C0488,PET0606,2025-11-08,P07,5.0,13.5,67.5,Delivered,,Web
BB008666,C0488,PET0606,2025-11-21,P09,4.0,12.5,50.0,Delivered,5,Web
BB008667,C0488,PET0606,2025-11-28,P09,4.0,12.5,50.0,Delivered,,Re-order Email
BB008668,C0488,PET0606,2025-12-07,P10,5.0,13.0,65.0,Delivered,,Web
BB008669,C0488,PET0606,2025-12-17,P09,6.0,12.5,75.0,Delivered,5,Web
BB008670,C0488,PET0606,2025-12-25,P12,3.0,12.5,37.5,Delivered,,Web
BB008671,C0488,PET0606,2026-01-31,P07,5.0,13.5,67.5,Delivered,,Web
BB008672,C0488,PET0606,2026-02-08,P09,5.0,12.5,62.5,Delivered,4,Web
BB008673,C0488,PET0606,2026-02-17,P09,6.0,12.5,75.0,Delivered,,Web
BB008674,C0488,PET0606,2026-02-26,P10,5.0,13.0,65.0,Delivered,,Web
BB008675,C0488,PET0606,2026-03-05,P09,7.0,12.5,87.5,Delivered,,Web
BB008676,C0488,PET0606,2026-03-17,P09,6.0,12.5,75.0,Delivered,,Web
BB008677,C0488,PET0606,2026-03-25,P09,5.0,12.5,62.5,Delivered,4,Pickup
BB008678,C0488,PET0606,2026-04-07,P09,5.0,12.5,62.5,Delivered,5,Web
BB008679,C0488,PET0606,2026-04-18,P09,6.0,12.5,75.0,Delivered,,Web
BB008680,C0488,PET0606,2026-04-26,P09,6.0,12.5,75.0,Delivered,,Web
BB008681,C0489,PET0607,2024-11-13,P04,3.0,14.0,42.0,Delivered,,Web
BB008682,C0489,PET0607,2024-11-24,P10,4.0,13.0,52.0,Delivered,,Web
BB008683,C0489,PET0607,2024-12-06,P04,5.0,14.0,70.0,Delivered,,Pickup
BB008684,C0489,PET0607,2024-12-15,P04,6.0,14.0,84.0,Delivered,,Web
BB008685,C0489,PET0607,2024-12-22,P04,3.0,14.0,42.0,Delivered,5,Web
BB008686,C0489,PET0607,2025-01-04,P04,6.0,14.0,84.0,Delivered,5,Web
BB008687,C0489,PET0607,2025-01-14,P04,6.0,14.0,84.0,Delivered,5,Re-order Email
BB008688,C0489,PET0607,2025-01-21,P04,4.0,14.0,56.0,Delivered,4,Pickup
BB008689,C0489,PET0607,2025-01-31,P04,3.0,14.0,42.0,Delivered,,Web
BB008690,C0489,PET0607,2025-02-10,P04,4.0,14.0,56.0,Delivered,5,Web
BB008691,C0489,PET0607,2025-02-20,P08,3.0,15.5,46.5,Delivered,5,Web
BB008692,C0489,PET0607,2025-03-04,P06,4.0,14.5,58.0,Delivered,5,Web
BB008693,C0489,PET0607,2025-03-14,P04,5.0,14.0,70.0,Delivered,,Web
BB008694,C0489,PET0607,2025-03-25,P04,6.0,14.0,84.0,Delivered,5,Web
BB008695,C0489,PET0607,2025-04-03,P04,3.0,14.0,42.0,Delivered,,Web
BB008696,C0489,PET0607,2025-04-14,P04,5.0,14.0,70.0,Delivered,,Web
BB008697,C0489,PET0607,2025-04-25,P04,3.0,14.0,42.0,Delivered,,Web
BB008698,C0489,PET0607,2025-05-07,P08,7.0,15.5,108.5,Delivered,,Web
BB008699,C0489,PET0607,2025-05-20,P04,4.0,14.0,56.0,Delivered,,Web
BB008700,C0489,PET0607,2025-05-29,P04,4.0,14.0,56.0,Delivered,,Web
BB008701,C0489,PET0607,2025-06-11,P04,4.0,14.0,56.0,Delivered,,Web
BB008702,C0489,PET0607,2025-06-23,P04,6.0,14.0,84.0,Delivered,,Web
BB008703,C0489,PET0607,2025-07-03,P04,4.0,14.0,56.0,Delivered,5,Web
BB008704,C0489,PET0607,2025-07-12,P04,3.0,14.0,42.0,Delivered,5,Web
BB008705,C0489,PET0607,2025-07-19,P04,4.0,14.0,56.0,Delivered,,Web
BB008706,C0489,PET0607,2025-07-28,P04,5.0,14.0,70.0,Delivered,4,Web
BB008707,C0489,PET0607,2025-08-08,P04,6.0,14.0,84.0,Delivered,,Web
BB008708,C0489,PET0607,2025-08-18,P04,7.0,14.0,98.0,Delivered,,Web
BB008709,C0489,PET0607,2025-08-29,P04,3.0,14.0,42.0,Delivered,,Web
BB008710,C0489,PET0607,2025-09-05,P04,6.0,14.0,84.0,Delivered,,Web
BB008711,C0489,PET0607,2025-09-17,P04,6.0,14.0,84.0,Delivered,,Pickup
BB008712,C0489,PET0607,2025-09-29,P04,7.0,14.0,98.0,Delivered,,Web
BB008713,C0489,PET0607,2025-10-09,P04,6.0,14.0,84.0,Delivered,,Web
BB008714,C0489,PET0607,2025-10-17,P04,6.0,14.0,84.0,Delivered,3,Web
BB008715,C0489,PET0607,2025-10-29,P04,2.0,14.0,28.0,Delivered,,Web
BB008716,C0489,PET0607,2025-11-09,P02,5.0,13.0,65.0,Delivered,5,Web
BB008717,C0489,PET0607,2025-11-20,P09,5.0,12.5,62.5,Delivered,5,Web
BB008718,C0489,PET0607,2025-11-29,P12,6.0,12.5,75.0,Delivered,,Web
BB008719,C0489,PET0607,2025-12-09,P04,5.0,14.0,70.0,Delivered,,Web
BB008720,C0489,PET0607,2025-12-21,P04,6.0,14.0,84.0,Delivered,4,Re-order Email
BB008721,C0489,PET0607,2026-01-03,P04,4.0,14.0,56.0,Delivered,,Web
BB008722,C0490,PET0608,2026-01-31,P03,5.0,13.5,67.5,Delivered,5,Pickup
BB008723,C0490,PET0608,2026-02-11,P08,4.0,15.5,62.0,Delivered,,Re-order Email
BB008724,C0490,PET0608,2026-02-20,P08,4.0,15.5,62.0,Delivered,4,Web
BB008725,C0490,PET0608,2026-02-28,P01,3.0,14.5,43.5,Delivered,,Web
BB008726,C0490,PET0608,2026-03-07,P10,6.0,13.0,78.0,Delivered,,Web
BB008727,C0490,PET0608,2026-03-17,P08,5.0,15.5,77.5,Delivered,,Web
BB008728,C0490,PET0608,2026-03-29,P08,5.0,15.5,77.5,Delivered,,Web
BB008729,C0490,PET0608,2026-04-09,P08,4.0,15.5,62.0,Delivered,5,Re-order Email
BB008730,C0490,PET0608,2026-04-21,P02,6.0,13.0,78.0,Delivered,5,Web
BB008731,C0491,PET0609,2025-12-09,P10,6.0,13.0,78.0,Delivered,4,Pickup
BB008732,C0491,PET0609,2025-12-19,P09,5.0,12.5,62.5,Delivered,5,Pickup
BB008733,C0491,PET0609,2025-12-31,P11,7.0,12.0,84.0,Delivered,,Web
BB008734,C0491,PET0609,2026-01-09,P09,5.0,12.5,62.5,Delivered,,Web
BB008735,C0491,PET0609,2026-01-19,P09,6.0,12.5,75.0,Delivered,,Web
BB008736,C0491,PET0609,2026-02-01,P09,7.0,12.5,87.5,Delivered,,Web
BB008737,C0491,PET0609,2026-02-08,P09,5.0,12.5,62.5,Delivered,,Pickup
BB008738,C0491,PET0609,2026-02-21,P02,3.0,13.0,39.0,Delivered,,Re-order Email
BB008739,C0491,PET0609,2026-03-04,P09,5.0,12.5,62.5,Delivered,,Re-order Email
BB008740,C0491,PET0609,2026-03-12,P09,4.0,12.5,50.0,Delivered,,Web
BB008741,C0491,PET0609,2026-03-23,P09,6.0,12.5,75.0,Delivered,,Pickup
BB008742,C0491,PET0609,2026-04-01,P09,6.0,12.5,75.0,Delivered,3,Web
BB008743,C0491,PET0609,2026-04-10,P02,6.0,13.0,78.0,Delivered,,Web
BB008744,C0491,PET0609,2026-04-18,P09,3.0,12.5,37.5,Delivered,,Web
BB008745,C0491,PET0609,2026-04-26,P03,4.0,13.5,54.0,Delivered,,Web
BB008746,C0491,PET0610,2025-12-08,P05,4.0,15.0,60.0,Delivered,,Pickup
BB008747,C0491,PET0610,2025-12-15,P05,4.0,15.0,60.0,Delivered,,Web
BB008748,C0491,PET0610,2025-12-23,P05,4.0,15.0,60.0,Delivered,,Web
BB008749,C0491,PET0610,2025-12-30,P05,6.0,15.0,90.0,Delivered,,Re-order Email
BB008750,C0491,PET0610,2026-01-10,P05,5.0,15.0,75.0,Delivered,5,Re-order Email
BB008751,C0491,PET0610,2026-01-19,P05,4.0,15.0,60.0,Delivered,5,Web
BB008752,C0491,PET0610,2026-01-31,P05,3.0,15.0,45.0,Delivered,,Web
BB008753,C0491,PET0610,2026-02-13,P05,3.0,15.0,45.0,Delivered,4,Web
BB008754,C0491,PET0610,2026-02-21,P12,6.0,12.5,75.0,Delivered,,Web
BB008755,C0491,PET0610,2026-03-03,P05,5.0,15.0,75.0,Delivered,,Web
BB008756,C0491,PET0610,2026-03-10,P05,2.0,15.0,30.0,Delivered,,Web
BB008757,C0491,PET0610,2026-03-23,P05,2.0,15.0,30.0,Delivered,5,Web
BB008758,C0491,PET0610,2026-04-02,P08,4.0,15.5,62.0,Delivered,,Web
BB008759,C0491,PET0610,2026-04-15,P05,4.0,15.0,60.0,Delivered,,Web
BB008760,C0491,PET0610,2026-04-26,P05,5.0,15.0,75.0,Delivered,,Web
BB008761,C0492,PET0611,2026-02-04,P02,7.0,13.0,91.0,Delivered,,Web
BB008762,C0492,PET0611,2026-02-11,P02,5.0,13.0,65.0,Delivered,5,Web
BB008763,C0492,PET0611,2026-02-22,P03,6.0,13.5,81.0,Delivered,5,Web
BB008764,C0492,PET0611,2026-03-01,P02,6.0,13.0,78.0,Delivered,,Web
BB008765,C0492,PET0611,2026-03-12,P02,2.0,13.0,26.0,Delivered,5,Web
BB008766,C0492,PET0611,2026-03-24,P02,5.0,13.0,65.0,Delivered,,Web
BB008767,C0492,PET0611,2026-04-01,P02,4.0,13.0,52.0,Delivered,,Web
BB008768,C0492,PET0611,2026-04-15,P02,6.0,13.0,78.0,Delivered,3,Web
BB008769,C0492,PET0611,2026-04-22,P02,6.0,13.0,78.0,Delivered,,Web
BB008770,C0493,PET0612,2025-07-12,P08,5.0,15.5,77.5,Delivered,,Web
BB008771,C0493,PET0612,2025-07-26,P08,7.0,15.5,108.5,Delivered,5,Web
BB008772,C0493,PET0612,2025-08-04,P08,4.0,15.5,62.0,Delivered,4,Web
BB008773,C0493,PET0612,2025-08-13,P06,4.0,14.5,58.0,Delivered,,Re-order Email
BB008774,C0493,PET0612,2025-08-24,P08,6.0,15.5,93.0,Delivered,,Web
BB008775,C0493,PET0612,2025-09-04,P08,3.0,15.5,46.5,Delivered,4,Re-order Email
BB008776,C0493,PET0612,2025-09-13,P08,7.0,15.5,108.5,Delivered,5,Web
BB008777,C0493,PET0612,2025-09-25,P06,4.0,14.5,58.0,Delivered,5,Re-order Email
BB008778,C0493,PET0612,2025-10-08,P08,5.0,15.5,77.5,Delivered,5,Pickup
BB008779,C0493,PET0612,2025-10-21,P12,4.0,12.5,50.0,Delivered,5,Pickup
BB008780,C0493,PET0612,2025-11-04,P09,5.0,12.5,62.5,Delivered,4,Pickup
BB008781,C0493,PET0612,2025-11-12,P08,5.0,15.5,77.5,Delivered,3,Re-order Email
BB008782,C0493,PET0612,2025-11-19,P02,4.0,13.0,52.0,Delivered,,Re-order Email
BB008783,C0493,PET0612,2025-12-01,P08,6.0,15.5,93.0,Delivered,5,Web
BB008784,C0493,PET0612,2025-12-10,P08,6.0,15.5,93.0,Delivered,4,Web
BB008785,C0493,PET0612,2025-12-18,P08,3.0,15.5,46.5,Delivered,,Web
BB008786,C0493,PET0612,2025-12-25,P08,7.0,15.5,108.5,Delivered,4,Web
BB008787,C0493,PET0612,2026-01-05,P08,6.0,15.5,93.0,Delivered,5,Web
BB008788,C0493,PET0612,2026-01-19,P08,6.0,15.5,93.0,Delivered,,Web
BB008789,C0493,PET0612,2026-01-27,P08,3.0,15.5,46.5,Delivered,,Web
BB008790,C0493,PET0612,2026-02-08,P08,7.0,15.5,108.5,Delivered,,Web
BB008791,C0493,PET0612,2026-02-17,P06,5.0,14.5,72.5,Delivered,,Web
BB008792,C0493,PET0612,2026-03-02,P09,3.0,12.5,37.5,Delivered,,Pickup
BB008793,C0493,PET0612,2026-03-16,P08,4.0,15.5,62.0,Delivered,5,Pickup
BB008794,C0493,PET0612,2026-03-24,P10,5.0,13.0,65.0,Delivered,,Re-order Email
BB008795,C0493,PET0612,2026-04-06,P08,3.0,15.5,46.5,Delivered,,Pickup
BB008796,C0493,PET0612,2026-04-19,P08,4.0,15.5,62.0,Delivered,,Web
BB008797,C0493,PET0612,2026-04-28,P07,5.0,13.5,67.5,Delivered,,Web
BB008798,C0494,PET0613,2026-01-25,P12,4.0,12.5,50.0,Delivered,,Re-order Email
BB008799,C0494,PET0613,2026-02-03,P12,3.0,12.5,37.5,Delivered,,Web
BB008800,C0494,PET0613,2026-02-16,P07,6.0,13.5,81.0,Delivered,,Web
BB008801,C0494,PET0613,2026-02-26,P09,5.0,12.5,62.5,Delivered,,Web
BB008802,C0494,PET0613,2026-03-10,P12,7.0,12.5,87.5,Delivered,,Web
BB008803,C0494,PET0613,2026-03-18,P12,3.0,12.5,37.5,Delivered,,Web
BB008804,C0494,PET0613,2026-03-27,P12,6.0,12.5,75.0,Delivered,,Web
BB008805,C0494,PET0613,2026-04-03,P12,6.0,12.5,75.0,Delivered,,Web
BB008806,C0494,PET0613,2026-04-10,P12,4.0,12.5,50.0,Delivered,5,Web
BB008807,C0494,PET0613,2026-04-19,P12,3.0,12.5,37.5,Delivered,5,Pickup
BB008808,C0495,PET0614,2025-12-18,P08,5.0,15.5,77.5,Delivered,,Web
BB008809,C0495,PET0614,2025-12-30,P08,4.0,15.5,62.0,Delivered,,Web
BB008810,C0495,PET0614,2026-01-11,P08,2.0,15.5,31.0,Delivered,,Re-order Email
BB008811,C0495,PET0614,2026-01-18,P08,4.0,15.5,62.0,Delivered,5,Re-order Email
BB008812,C0495,PET0614,2026-01-25,P08,4.0,15.5,62.0,Delivered,,Web
BB008813,C0495,PET0614,2026-02-03,P10,5.0,13.0,65.0,Delivered,5,Web
BB008814,C0495,PET0614,2026-02-15,P08,5.0,15.5,77.5,Delivered,5,Web
BB008815,C0495,PET0614,2026-02-25,P12,4.0,12.5,50.0,Delivered,5,Web
BB008816,C0495,PET0614,2026-03-05,P09,5.0,12.5,62.5,Delivered,5,Web
BB008817,C0495,PET0614,2026-03-15,P10,5.0,13.0,65.0,Delivered,,Web
BB008818,C0495,PET0614,2026-03-28,P11,5.0,12.0,60.0,Delivered,,Web
BB008819,C0495,PET0614,2026-04-07,P08,4.0,15.5,62.0,Delivered,4,Web
BB008820,C0495,PET0614,2026-04-15,P08,3.0,15.5,46.5,Delivered,4,Web
BB008821,C0496,PET0615,2026-02-15,P07,6.0,13.5,81.0,Delivered,4,Web
BB008822,C0496,PET0615,2026-02-25,P03,7.0,13.5,94.5,Delivered,5,Web
BB008823,C0496,PET0615,2026-03-07,P10,6.0,13.0,78.0,Delivered,,Web
BB008824,C0496,PET0615,2026-03-14,P02,5.0,13.0,65.0,Delivered,,Web
BB008825,C0496,PET0615,2026-03-26,P07,7.0,13.5,94.5,Delivered,,Web
BB008826,C0496,PET0615,2026-04-03,P07,6.0,13.5,81.0,Delivered,,Web
BB008827,C0496,PET0615,2026-04-10,P02,4.0,13.0,52.0,Delivered,,Web
BB008828,C0496,PET0615,2026-04-17,P07,5.0,13.5,67.5,Delivered,4,Web
BB008829,C0496,PET0615,2026-04-27,P07,6.0,13.5,81.0,Delivered,,Web
BB008830,C0497,PET0616,2026-02-09,P06,4.0,14.5,58.0,Delivered,5,Pickup
BB008831,C0497,PET0616,2026-02-19,P06,6.0,14.5,87.0,Delivered,5,Web
BB008832,C0497,PET0616,2026-02-26,P06,2.0,14.5,29.0,Delivered,5,Re-order Email
BB008833,C0497,PET0616,2026-03-05,P09,7.0,12.5,87.5,Delivered,4,Pickup
BB008834,C0497,PET0616,2026-03-18,P09,3.0,12.5,37.5,Delivered,,Pickup
BB008835,C0497,PET0616,2026-03-31,P06,6.0,14.5,87.0,Delivered,5,Web
BB008836,C0497,PET0616,2026-04-08,P06,4.0,14.5,58.0,Delivered,,Pickup
BB008837,C0497,PET0616,2026-04-17,P06,7.0,14.5,101.5,Delivered,5,Re-order Email
BB008838,C0497,PET0616,2026-04-26,P04,5.0,14.0,70.0,Delivered,,Web
BB008839,C0497,PET0617,2026-02-10,P01,5.0,14.5,72.5,Delivered,4,Re-order Email
BB008840,C0498,PET0618,2026-02-14,P01,5.0,14.5,72.5,Delivered,,Re-order Email
BB008841,C0499,PET0619,2025-11-19,P09,6.0,12.5,75.0,Delivered,,Pickup
BB008842,C0499,PET0619,2025-11-27,P02,4.0,13.0,52.0,Delivered,,Web
BB008843,C0499,PET0619,2025-12-04,P02,6.0,13.0,78.0,Delivered,,Re-order Email
BB008844,C0499,PET0619,2025-12-16,P02,6.0,13.0,78.0,Delivered,,Pickup
BB008845,C0499,PET0619,2025-12-23,P02,4.0,13.0,52.0,Delivered,4,Web
BB008846,C0499,PET0619,2026-01-01,P12,4.0,12.5,50.0,Delivered,,Pickup
BB008847,C0499,PET0619,2026-01-13,P01,5.0,14.5,72.5,Delivered,,Re-order Email
BB008848,C0499,PET0619,2026-01-21,P03,6.0,13.5,81.0,Delivered,,Re-order Email
BB008849,C0499,PET0619,2026-01-30,P02,6.0,13.0,78.0,Delivered,,Web
BB008850,C0499,PET0619,2026-02-07,P08,4.0,15.5,62.0,Delivered,5,Web
BB008851,C0499,PET0619,2026-02-20,P02,7.0,13.0,91.0,Delivered,3,Web
BB008852,C0499,PET0619,2026-03-02,P11,4.0,12.0,48.0,Delivered,,Web
BB008853,C0499,PET0619,2026-03-09,P02,7.0,13.0,91.0,Delivered,,Pickup
BB008854,C0499,PET0619,2026-03-19,P12,5.0,12.5,62.5,Delivered,4,Web
BB008855,C0499,PET0619,2026-03-26,P02,7.0,13.0,91.0,Delivered,,Re-order Email
BB008856,C0499,PET0619,2026-04-05,P07,6.0,13.5,81.0,Delivered,,Pickup
BB008857,C0499,PET0619,2026-04-18,P02,3.0,13.0,39.0,Delivered,4,Web
BB008858,C0500,PET0620,2026-01-12,P03,2.0,13.5,27.0,Delivered,,Web
BB008859,C0500,PET0620,2026-01-22,P03,4.0,13.5,54.0,Delivered,,Web
BB008860,C0500,PET0620,2026-01-30,P03,3.0,13.5,40.5,Delivered,,Web
BB008861,C0500,PET0620,2026-02-06,P07,6.0,13.5,81.0,Delivered,,Re-order Email
BB008862,C0500,PET0620,2026-02-14,P12,6.0,12.5,75.0,Delivered,5,Web
BB008863,C0500,PET0620,2026-02-22,P03,5.0,13.5,67.5,Delivered,,Re-order Email
BB008864,C0500,PET0620,2026-03-06,P03,5.0,13.5,67.5,Delivered,,Web
BB008865,C0500,PET0620,2026-03-13,P03,7.0,13.5,94.5,Delivered,,Web
BB008866,C0500,PET0620,2026-03-26,P03,6.0,13.5,81.0,Delivered,,Web
BB008867,C0500,PET0620,2026-04-06,P12,4.0,12.5,50.0,Delivered,,Re-order Email
BB008868,C0500,PET0620,2026-04-13,P03,5.0,13.5,67.5,Delivered,4,Web
BB008869,C0500,PET0620,2026-04-24,P03,5.0,13.5,67.5,Delivered,,Web
BB008870,C0500,PET0621,2026-01-14,P02,5.0,13.0,65.0,Delivered,,Web
BB008871,C0500,PET0621,2026-01-25,P02,2.0,13.0,26.0,Delivered,,Web
BB008872,C0500,PET0621,2026-02-08,P02,5.0,13.0,65.0,Delivered,,Web
BB008873,C0500,PET0621,2026-02-15,P02,7.0,13.0,91.0,Delivered,4,Web
BB008874,C0500,PET0621,2026-02-26,P02,2.0,13.0,26.0,Delivered,4,Pickup
BB008875,C0500,PET0621,2026-03-09,P02,4.0,13.0,52.0,Delivered,,Pickup
BB008876,C0500,PET0621,2026-03-23,P02,6.0,13.0,78.0,Delivered,,Web
BB008877,C0500,PET0621,2026-04-01,P02,6.0,13.0,78.0,Delivered,5,Web
BB008878,C0500,PET0621,2026-04-08,P12,6.0,12.5,75.0,Delivered,,Re-order Email
BB008879,C0500,PET0621,2026-04-16,P02,3.0,13.0,39.0,Delivered,,Web
BB008880,C0500,PET0621,2026-04-24,P02,3.0,13.0,39.0,Delivered,,Web
BB008881,C0501,PET0622,2025-12-28,P10,4.0,13.0,52.0,Delivered,5,Pickup
BB008882,C0501,PET0622,2026-01-10,P11,2.0,12.0,24.0,Delivered,,Web
BB008883,C0501,PET0622,2026-01-23,P10,3.0,13.0,39.0,Delivered,,Web
BB008884,C0501,PET0622,2026-02-02,P11,6.0,12.0,72.0,Delivered,,Web
BB008885,C0501,PET0622,2026-02-12,P11,7.0,12.0,84.0,Delivered,5,Web
BB008886,C0501,PET0622,2026-02-19,P11,4.0,12.0,48.0,Delivered,5,Web
BB008887,C0501,PET0622,2026-02-26,P11,6.0,12.0,72.0,Delivered,,Pickup
BB008888,C0501,PET0622,2026-03-09,P11,5.0,12.0,60.0,Delivered,,Re-order Email
BB008889,C0501,PET0622,2026-03-18,P11,5.0,12.0,60.0,Delivered,4,Web
BB008890,C0501,PET0622,2026-03-31,P06,4.0,14.5,58.0,Delivered,,Web
BB008891,C0501,PET0622,2026-04-11,P07,2.0,13.5,27.0,Delivered,,Web
BB008892,C0501,PET0622,2026-04-20,P10,2.0,13.0,26.0,Delivered,5,Web
BB008893,C0502,PET0623,2026-02-20,P09,5.0,12.5,62.5,Delivered,,Web
BB008894,C0502,PET0623,2026-02-27,P09,5.0,12.5,62.5,Delivered,4,Pickup
BB008895,C0502,PET0623,2026-03-06,P09,6.0,12.5,75.0,Delivered,5,Web
BB008896,C0502,PET0623,2026-03-19,P10,6.0,13.0,78.0,Delivered,,Web
BB008897,C0502,PET0624,2026-02-22,P07,4.0,13.5,54.0,Delivered,5,Web
BB008898,C0502,PET0624,2026-03-01,P11,3.0,12.0,36.0,Delivered,,Web
BB008899,C0502,PET0624,2026-03-14,P07,4.0,13.5,54.0,Delivered,,Web
BB008900,C0502,PET0624,2026-03-28,P08,6.0,15.5,93.0,Delivered,4,Web
BB008901,C0502,PET0624,2026-04-08,P07,6.0,13.5,81.0,Delivered,,Web
BB008902,C0502,PET0624,2026-04-17,P11,5.0,12.0,60.0,Delivered,,Web
BB008903,C0502,PET0624,2026-04-25,P07,5.0,13.5,67.5,Delivered,,Re-order Email
BB008904,C0503,PET0625,2025-12-03,P10,2.0,13.0,26.0,Delivered,,Web
BB008905,C0503,PET0625,2025-12-13,P10,4.0,13.0,52.0,Delivered,5,Web
BB008906,C0503,PET0625,2025-12-26,P10,4.0,13.0,52.0,Delivered,5,Pickup
BB008907,C0503,PET0625,2026-01-06,P10,4.0,13.0,52.0,Delivered,,Pickup
BB008908,C0503,PET0625,2026-01-18,P10,4.0,13.0,52.0,Delivered,,Pickup
BB008909,C0503,PET0625,2026-01-28,P10,4.0,13.0,52.0,Delivered,,Web
BB008910,C0503,PET0625,2026-02-11,P01,3.0,14.5,43.5,Delivered,,Web
BB008911,C0503,PET0625,2026-02-20,P10,4.0,13.0,52.0,Delivered,5,Pickup
BB008912,C0503,PET0625,2026-03-06,P10,5.0,13.0,65.0,Delivered,,Web
BB008913,C0503,PET0625,2026-03-19,P10,3.0,13.0,39.0,Delivered,5,Web
BB008914,C0503,PET0625,2026-03-28,P10,6.0,13.0,78.0,Delivered,,Web
BB008915,C0503,PET0625,2026-04-06,P10,4.0,13.0,52.0,Delivered,,Web
BB008916,C0503,PET0625,2026-04-15,P10,4.0,13.0,52.0,Delivered,,Web
BB008917,C0503,PET0625,2026-04-27,P10,3.0,13.0,39.0,Delivered,,Pickup
BB008918,C0504,PET0626,2025-08-20,P08,3.0,15.5,46.5,Delivered,,Web
BB008919,C0504,PET0626,2025-08-28,P02,5.0,13.0,65.0,Delivered,,Web
BB008920,C0504,PET0626,2025-09-10,P01,5.0,14.5,72.5,Delivered,,Web
BB008921,C0504,PET0626,2025-09-17,P01,4.0,14.5,58.0,Delivered,5,Web
BB008922,C0504,PET0626,2025-09-28,P08,5.0,15.5,77.5,Delivered,4,Web
BB008923,C0504,PET0626,2025-10-12,P01,5.0,14.5,72.5,Delivered,,Re-order Email
BB008924,C0504,PET0626,2025-10-22,P01,6.0,14.5,87.0,Delivered,,Web
BB008925,C0504,PET0626,2025-11-03,P09,7.0,12.5,87.5,Delivered,,Web
BB008926,C0504,PET0626,2025-11-11,P07,5.0,13.5,67.5,Delivered,,Web
BB008927,C0504,PET0626,2025-11-25,P01,3.0,14.5,43.5,Delivered,,Re-order Email
BB008928,C0504,PET0626,2025-12-03,P01,5.0,14.5,72.5,Delivered,,Web
BB008929,C0504,PET0626,2025-12-12,P08,5.0,15.5,77.5,Delivered,,Web
BB008930,C0504,PET0626,2025-12-23,P01,7.0,14.5,101.5,Delivered,4,Web
BB008931,C0504,PET0626,2026-01-02,P01,5.0,14.5,72.5,Delivered,5,Pickup
BB008932,C0504,PET0626,2026-01-10,P01,4.0,14.5,58.0,Delivered,,Web
BB008933,C0504,PET0626,2026-01-19,P01,3.0,14.5,43.5,Delivered,5,Web
BB008934,C0504,PET0626,2026-01-29,P01,7.0,14.5,101.5,Delivered,5,Web
BB008935,C0504,PET0626,2026-02-08,P09,7.0,12.5,87.5,Delivered,5,Web
BB008936,C0504,PET0626,2026-02-20,P09,6.0,12.5,75.0,Delivered,,Web
BB008937,C0504,PET0626,2026-03-06,P01,4.0,14.5,58.0,Delivered,4,Web
BB008938,C0504,PET0626,2026-03-14,P01,4.0,14.5,58.0,Delivered,5,Re-order Email
BB008939,C0504,PET0626,2026-03-25,P01,4.0,14.5,58.0,Delivered,,Pickup
BB008940,C0504,PET0626,2026-04-05,P03,6.0,13.5,81.0,Delivered,5,Pickup
BB008941,C0504,PET0626,2026-04-13,P10,3.0,13.0,39.0,Delivered,,Web
BB008942,C0504,PET0626,2026-04-26,P01,5.0,14.5,72.5,Delivered,,Re-order Email
BB008943,C0505,PET0627,2024-11-11,P03,6.0,13.5,81.0,Delivered,,Re-order Email
BB008944,C0505,PET0627,2024-11-20,P10,3.0,13.0,39.0,Delivered,5,Web
BB008945,C0505,PET0627,2024-12-04,P07,3.0,13.5,40.5,Delivered,,Web
BB008946,C0505,PET0627,2024-12-13,P07,7.0,13.5,94.5,Delivered,,Web
BB008947,C0505,PET0627,2024-12-21,P09,3.0,12.5,37.5,Delivered,,Web
BB008948,C0505,PET0627,2024-12-31,P07,6.0,13.5,81.0,Delivered,,Web
BB008949,C0505,PET0627,2025-01-09,P03,4.0,13.5,54.0,Delivered,,Re-order Email
BB008950,C0505,PET0627,2025-01-22,P07,5.0,13.5,67.5,Delivered,5,Web
BB008951,C0505,PET0627,2025-01-30,P07,4.0,13.5,54.0,Delivered,,Web
BB008952,C0505,PET0627,2025-02-11,P07,6.0,13.5,81.0,Delivered,5,Web
BB008953,C0505,PET0627,2025-02-18,P07,7.0,13.5,94.5,Delivered,,Web
BB008954,C0505,PET0627,2025-03-02,P09,7.0,12.5,87.5,Delivered,,Web
BB008955,C0505,PET0627,2025-03-16,P07,2.0,13.5,27.0,Delivered,,Web
BB008956,C0505,PET0627,2025-03-26,P07,3.0,13.5,40.5,Delivered,,Web
BB008957,C0505,PET0627,2025-04-07,P07,5.0,13.5,67.5,Delivered,,Web
BB008958,C0505,PET0627,2025-04-18,P07,4.0,13.5,54.0,Delivered,,Web
BB008959,C0505,PET0627,2025-05-02,P07,4.0,13.5,54.0,Delivered,,Pickup
BB008960,C0505,PET0627,2025-05-10,P07,5.0,13.5,67.5,Delivered,5,Web
BB008961,C0505,PET0627,2025-05-19,P10,7.0,13.0,91.0,Delivered,,Re-order Email
BB008962,C0505,PET0627,2025-05-29,P07,4.0,13.5,54.0,Delivered,4,Web
BB008963,C0505,PET0627,2025-06-07,P07,5.0,13.5,67.5,Delivered,,Web
BB008964,C0505,PET0627,2025-06-18,P07,4.0,13.5,54.0,Delivered,,Re-order Email
BB008965,C0505,PET0627,2025-07-01,P07,3.0,13.5,40.5,Delivered,5,Web
BB008966,C0505,PET0627,2025-07-13,P02,6.0,13.0,78.0,Delivered,,Pickup
BB008967,C0505,PET0627,2025-07-20,P12,5.0,12.5,62.5,Delivered,5,Web
BB008968,C0505,PET0627,2025-07-31,P10,5.0,13.0,65.0,Delivered,,Web
BB008969,C0505,PET0627,2025-08-12,P07,4.0,13.5,54.0,Delivered,4,Web
BB008970,C0505,PET0627,2025-08-19,P07,6.0,13.5,81.0,Delivered,,Web
BB008971,C0505,PET0627,2025-08-31,P07,4.0,13.5,54.0,Delivered,5,Web
BB008972,C0505,PET0627,2025-09-14,P07,4.0,13.5,54.0,Delivered,,Web
BB008973,C0505,PET0627,2025-09-21,P07,3.0,13.5,40.5,Delivered,5,Web
BB008974,C0505,PET0627,2025-10-04,P07,3.0,13.5,40.5,Delivered,,Pickup
BB008975,C0505,PET0627,2025-10-16,P07,2.0,13.5,27.0,Delivered,,Web
BB008976,C0505,PET0627,2025-10-25,P07,4.0,13.5,54.0,Delivered,,Web
BB008977,C0505,PET0627,2025-11-07,P07,6.0,13.5,81.0,Delivered,,Web
BB008978,C0505,PET0627,2025-11-18,P11,7.0,12.0,84.0,Delivered,4,Pickup
BB008979,C0505,PET0627,2025-11-25,P11,5.0,12.0,60.0,Delivered,,Web
BB008980,C0505,PET0627,2025-12-08,P07,2.0,13.5,27.0,Delivered,4,Web
BB008981,C0505,PET0627,2025-12-20,P07,2.0,13.5,27.0,Delivered,,Web
BB008982,C0505,PET0627,2026-01-02,P07,2.0,13.5,27.0,Delivered,5,Web
BB008983,C0505,PET0627,2026-01-15,P07,3.0,13.5,40.5,Delivered,,Web
BB008984,C0505,PET0627,2026-01-27,P12,3.0,12.5,37.5,Delivered,,Web
BB008985,C0505,PET0627,2026-02-08,P10,5.0,13.0,65.0,Delivered,,Web
BB008986,C0505,PET0627,2026-02-15,P10,4.0,13.0,52.0,Delivered,5,Web
BB008987,C0505,PET0627,2026-03-01,P07,6.0,13.5,81.0,Delivered,,Web
BB008988,C0505,PET0627,2026-03-11,P11,5.0,12.0,60.0,Delivered,,Web
BB008989,C0505,PET0627,2026-03-20,P07,2.0,13.5,27.0,Delivered,,Re-order Email
BB008990,C0505,PET0627,2026-03-31,P07,6.0,13.5,81.0,Delivered,,Web
BB008991,C0505,PET0627,2026-04-08,P03,2.0,13.5,27.0,Delivered,5,Web
BB008992,C0505,PET0627,2026-04-22,P07,6.0,13.5,81.0,Delivered,4,Re-order Email
BB008993,C0507,PET0630,2026-03-17,P09,7.0,12.5,87.5,Delivered,,Web
BB008994,C0507,PET0630,2026-03-26,P07,3.0,13.5,40.5,Delivered,5,Re-order Email
BB008995,C0507,PET0630,2026-04-08,P09,5.0,12.5,62.5,Delivered,5,Web
BB008996,C0507,PET0630,2026-04-17,P09,6.0,12.5,75.0,Delivered,5,Web
BB008997,C0507,PET0630,2026-04-26,P09,3.0,12.5,37.5,Delivered,,Web
BB008998,C0508,PET0631,2024-12-31,P12,5.0,12.5,62.5,Delivered,,Re-order Email
BB008999,C0508,PET0631,2025-01-11,P09,4.0,12.5,50.0,Delivered,,Pickup
BB009000,C0508,PET0631,2025-01-24,P10,3.0,13.0,39.0,Delivered,,Web
BB009001,C0508,PET0631,2025-02-02,P10,4.0,13.0,52.0,Delivered,,Pickup
BB009002,C0508,PET0631,2025-02-11,P12,3.0,12.5,37.5,Delivered,,Web
BB009003,C0508,PET0631,2025-02-24,P08,4.0,15.5,62.0,Delivered,4,Web
BB009004,C0508,PET0631,2025-03-08,P10,5.0,13.0,65.0,Delivered,5,Web
BB009005,C0508,PET0631,2025-03-18,P10,5.0,13.0,65.0,Delivered,,Web
BB009006,C0508,PET0631,2025-03-29,P07,3.0,13.5,40.5,Delivered,,Pickup
BB009007,C0508,PET0631,2025-04-10,P10,3.0,13.0,39.0,Delivered,,Web
BB009008,C0508,PET0631,2025-04-22,P08,6.0,15.5,93.0,Delivered,5,Web
BB009009,C0508,PET0631,2025-05-01,P10,7.0,13.0,91.0,Delivered,,Web
BB009010,C0508,PET0631,2025-05-09,P10,5.0,13.0,65.0,Delivered,4,Web
BB009011,C0508,PET0631,2025-05-18,P10,6.0,13.0,78.0,Delivered,5,Web
BB009012,C0508,PET0631,2025-05-31,P01,4.0,14.5,58.0,Delivered,,Web
BB009013,C0508,PET0631,2025-06-09,P10,3.0,13.0,39.0,Delivered,,Web
BB009014,C0508,PET0631,2025-06-16,P10,5.0,13.0,65.0,Delivered,,Web
BB009015,C0508,PET0631,2025-06-29,P10,3.0,13.0,39.0,Delivered,,Web
BB009016,C0508,PET0631,2025-07-07,P10,6.0,13.0,78.0,Delivered,,Web
BB009017,C0508,PET0631,2025-07-17,P01,4.0,14.5,58.0,Delivered,,Web
BB009018,C0508,PET0631,2025-07-30,P10,5.0,13.0,65.0,Delivered,5,Web
BB009019,C0508,PET0631,2025-08-07,P10,4.0,13.0,52.0,Delivered,,Re-order Email
BB009020,C0508,PET0631,2025-08-15,P10,4.0,13.0,52.0,Delivered,,Pickup
BB009021,C0508,PET0631,2025-08-23,P10,4.0,13.0,52.0,Delivered,,Re-order Email
BB009022,C0508,PET0631,2025-08-30,P10,4.0,13.0,52.0,Delivered,4,Re-order Email
BB009023,C0508,PET0631,2025-09-06,P12,6.0,12.5,75.0,Delivered,,Web
BB009024,C0508,PET0631,2025-09-16,P10,5.0,13.0,65.0,Delivered,,Web
BB009025,C0508,PET0631,2025-09-29,P10,3.0,13.0,39.0,Delivered,5,Web
BB009026,C0508,PET0631,2025-10-12,P10,6.0,13.0,78.0,Delivered,,Re-order Email
BB009027,C0508,PET0631,2025-10-24,P10,4.0,13.0,52.0,Delivered,5,Web
BB009028,C0508,PET0631,2025-11-02,P01,4.0,14.5,58.0,Delivered,,Pickup
BB009029,C0508,PET0631,2025-11-12,P03,6.0,13.5,81.0,Delivered,5,Web
BB009030,C0508,PET0631,2025-11-24,P08,6.0,15.5,93.0,Delivered,5,Web
BB009031,C0508,PET0631,2025-12-05,P10,5.0,13.0,65.0,Delivered,,Re-order Email
BB009032,C0508,PET0631,2025-12-14,P10,4.0,13.0,52.0,Delivered,5,Web
BB009033,C0508,PET0631,2025-12-27,P10,5.0,13.0,65.0,Delivered,,Web
BB009034,C0508,PET0631,2026-01-08,P10,4.0,13.0,52.0,Delivered,,Web
BB009035,C0508,PET0631,2026-01-16,P10,4.0,13.0,52.0,Delivered,,Web
BB009036,C0508,PET0631,2026-01-24,P10,5.0,13.0,65.0,Delivered,,Web
BB009037,C0508,PET0631,2026-02-05,P10,4.0,13.0,52.0,Delivered,4,Web
BB009038,C0508,PET0631,2026-02-16,P10,6.0,13.0,78.0,Delivered,5,Web
BB009039,C0508,PET0631,2026-02-28,P08,5.0,15.5,77.5,Delivered,,Pickup
BB009040,C0508,PET0631,2026-03-13,P10,7.0,13.0,91.0,Delivered,5,Web
BB009041,C0508,PET0631,2026-03-27,P12,3.0,12.5,37.5,Delivered,,Web
BB009042,C0508,PET0631,2026-04-06,P10,4.0,13.0,52.0,Delivered,,Web
BB009043,C0508,PET0631,2026-04-15,P10,5.0,13.0,65.0,Delivered,,Re-order Email
BB009044,C0508,PET0631,2026-04-29,P01,4.0,14.5,58.0,Delivered,5,Web
BB009045,C0509,PET0632,2026-01-08,P08,4.0,15.5,62.0,Delivered,,Pickup
BB009046,C0509,PET0632,2026-01-15,P09,4.0,12.5,50.0,Delivered,,Web
BB009047,C0509,PET0632,2026-01-23,P08,4.0,15.5,62.0,Delivered,,Web
BB009048,C0509,PET0632,2026-02-05,P08,2.0,15.5,31.0,Delivered,,Web
BB009049,C0509,PET0632,2026-02-18,P08,5.0,15.5,77.5,Delivered,,Web
BB009050,C0509,PET0632,2026-03-01,P08,4.0,15.5,62.0,Delivered,4,Pickup
BB009051,C0509,PET0632,2026-03-12,P02,3.0,13.0,39.0,Delivered,,Web
BB009052,C0509,PET0632,2026-03-24,P08,7.0,15.5,108.5,Delivered,,Pickup
BB009053,C0509,PET0632,2026-04-01,P08,2.0,15.5,31.0,Delivered,,Web
BB009054,C0509,PET0632,2026-04-14,P08,4.0,15.5,62.0,Delivered,,Pickup
BB009055,C0509,PET0632,2026-04-26,P08,5.0,15.5,77.5,Delivered,4,Re-order Email
BB009056,C0510,PET0633,2026-02-27,P07,2.0,13.5,27.0,Delivered,,Re-order Email
BB009057,C0510,PET0633,2026-03-06,P07,4.0,13.5,54.0,Delivered,,Re-order Email
BB009058,C0510,PET0633,2026-03-19,P08,3.0,15.5,46.5,Delivered,5,Re-order Email
BB009059,C0510,PET0633,2026-03-26,P08,7.0,15.5,108.5,Delivered,4,Web
BB009060,C0510,PET0633,2026-04-07,P08,4.0,15.5,62.0,Delivered,,Web
BB009061,C0510,PET0633,2026-04-16,P08,5.0,15.5,77.5,Delivered,5,Web
BB009062,C0510,PET0633,2026-04-25,P08,4.0,15.5,62.0,Delivered,4,Re-order Email
BB009063,C0511,PET0634,2026-02-28,P10,3.0,13.0,39.0,Delivered,4,Web
BB009064,C0511,PET0634,2026-03-11,P10,6.0,13.0,78.0,Delivered,,Re-order Email
BB009065,C0511,PET0634,2026-03-23,P10,6.0,13.0,78.0,Delivered,,Web
BB009066,C0511,PET0634,2026-03-30,P10,6.0,13.0,78.0,Delivered,5,Pickup
BB009067,C0511,PET0634,2026-04-12,P10,6.0,13.0,78.0,Delivered,5,Web
BB009068,C0511,PET0634,2026-04-19,P01,5.0,14.5,72.5,Delivered,5,Re-order Email
BB009069,C0511,PET0634,2026-04-26,P10,6.0,13.0,78.0,Delivered,4,Web
BB009070,C0511,PET0635,2026-03-01,P06,7.0,14.5,101.5,Delivered,,Pickup
BB009071,C0511,PET0635,2026-03-11,P06,6.0,14.5,87.0,Delivered,,Web
BB009072,C0511,PET0635,2026-03-24,P06,6.0,14.5,87.0,Delivered,,Web
BB009073,C0511,PET0635,2026-04-03,P06,4.0,14.5,58.0,Delivered,5,Web
BB009074,C0511,PET0635,2026-04-13,P06,6.0,14.5,87.0,Delivered,,Re-order Email
BB009075,C0511,PET0635,2026-04-20,P06,4.0,14.5,58.0,Delivered,,Web
BB009076,C0512,PET0636,2026-03-08,P06,6.0,14.5,87.0,Delivered,,Web
BB009077,C0512,PET0636,2026-03-22,P07,4.0,13.5,54.0,Delivered,,Web
BB009078,C0512,PET0636,2026-03-29,P06,5.0,14.5,72.5,Delivered,5,Pickup
BB009079,C0512,PET0636,2026-04-12,P06,4.0,14.5,58.0,Delivered,,Web
BB009080,C0512,PET0636,2026-04-24,P06,5.0,14.5,72.5,Delivered,4,Web
BB009081,C0514,PET0638,2025-12-24,P01,4.0,14.5,58.0,Delivered,,Re-order Email
BB009082,C0514,PET0638,2026-01-06,P01,6.0,14.5,87.0,Delivered,5,Web
BB009083,C0514,PET0638,2026-01-13,P12,6.0,12.5,75.0,Delivered,,Web
BB009084,C0514,PET0638,2026-01-23,P01,3.0,14.5,43.5,Delivered,5,Web
BB009085,C0514,PET0638,2026-02-02,P01,4.0,14.5,58.0,Delivered,5,Re-order Email
BB009086,C0514,PET0638,2026-02-12,P01,5.0,14.5,72.5,Delivered,,Web
BB009087,C0514,PET0638,2026-02-19,P03,6.0,13.5,81.0,Delivered,,Web
BB009088,C0514,PET0638,2026-02-27,P01,3.0,14.5,43.5,Delivered,5,Web
BB009089,C0514,PET0638,2026-03-07,P01,6.0,14.5,87.0,Delivered,,Web
BB009090,C0514,PET0639,2025-12-24,P07,5.0,13.5,67.5,Delivered,4,Web
BB009091,C0514,PET0639,2026-01-01,P07,7.0,13.5,94.5,Delivered,,Re-order Email
BB009092,C0514,PET0639,2026-01-08,P07,5.0,13.5,67.5,Delivered,,Web
BB009093,C0514,PET0639,2026-01-22,P07,5.0,13.5,67.5,Delivered,4,Web
BB009094,C0514,PET0639,2026-02-01,P07,4.0,13.5,54.0,Delivered,,Web
BB009095,C0514,PET0639,2026-02-12,P03,6.0,13.5,81.0,Delivered,,Web
BB009096,C0514,PET0639,2026-02-20,P01,4.0,14.5,58.0,Delivered,5,Web
BB009097,C0514,PET0639,2026-02-27,P07,5.0,13.5,67.5,Delivered,5,Re-order Email
BB009098,C0514,PET0639,2026-03-06,P07,4.0,13.5,54.0,Delivered,3,Web
BB009099,C0514,PET0639,2026-03-15,P07,7.0,13.5,94.5,Delivered,,Re-order Email
BB009100,C0514,PET0639,2026-03-28,P10,4.0,13.0,52.0,Delivered,5,Web
BB009101,C0514,PET0639,2026-04-07,P07,2.0,13.5,27.0,Delivered,,Pickup
BB009102,C0514,PET0639,2026-04-19,P01,5.0,14.5,72.5,Delivered,,Web
BB009103,C0515,PET0640,2025-12-05,P09,7.0,12.5,87.5,Delivered,,Web
BB009104,C0515,PET0640,2025-12-12,P12,4.0,12.5,50.0,Delivered,,Web
BB009105,C0515,PET0640,2025-12-26,P09,3.0,12.5,37.5,Delivered,,Re-order Email
BB009106,C0515,PET0640,2026-01-03,P09,6.0,12.5,75.0,Delivered,4,Web
BB009107,C0515,PET0640,2026-01-16,P09,5.0,12.5,62.5,Delivered,,Web
BB009108,C0515,PET0640,2026-01-27,P09,4.0,12.5,50.0,Delivered,4,Web
BB009109,C0515,PET0640,2026-02-09,P09,6.0,12.5,75.0,Delivered,5,Web
BB009110,C0515,PET0640,2026-02-23,P09,6.0,12.5,75.0,Delivered,5,Web
BB009111,C0515,PET0640,2026-03-04,P09,4.0,12.5,50.0,Delivered,,Web
BB009112,C0515,PET0640,2026-03-18,P08,4.0,15.5,62.0,Delivered,,Re-order Email
BB009113,C0515,PET0640,2026-03-26,P09,4.0,12.5,50.0,Delivered,,Pickup
BB009114,C0515,PET0640,2026-04-02,P11,4.0,12.0,48.0,Delivered,,Web
BB009115,C0515,PET0640,2026-04-14,P10,7.0,13.0,91.0,Delivered,4,Web
BB009116,C0515,PET0640,2026-04-26,P09,4.0,12.5,50.0,Delivered,,Web
BB009117,C0516,PET0642,2026-01-07,P09,6.0,12.5,75.0,Delivered,,Re-order Email
BB009118,C0516,PET0642,2026-01-16,P09,6.0,12.5,75.0,Delivered,,Web
BB009119,C0516,PET0642,2026-01-23,P09,5.0,12.5,62.5,Delivered,,Pickup
BB009120,C0516,PET0642,2026-02-05,P01,4.0,14.5,58.0,Delivered,5,Re-order Email
BB009121,C0516,PET0642,2026-02-14,P09,5.0,12.5,62.5,Delivered,5,Web
BB009122,C0516,PET0642,2026-02-24,P12,5.0,12.5,62.5,Delivered,5,Web
BB009123,C0516,PET0642,2026-03-03,P09,4.0,12.5,50.0,Delivered,5,Web
BB009124,C0516,PET0642,2026-03-15,P09,4.0,12.5,50.0,Delivered,,Web
BB009125,C0516,PET0642,2026-04-19,P09,3.0,12.5,37.5,Delivered,,Web
BB009126,C0516,PET0642,2026-04-27,P09,3.0,12.5,37.5,Delivered,,Pickup
BB009127,C0516,PET0643,2026-01-07,P09,6.0,12.5,75.0,Delivered,5,Web
BB009128,C0516,PET0643,2026-01-21,P01,5.0,14.5,72.5,Delivered,,Web
BB009129,C0516,PET0643,2026-02-02,P10,6.0,13.0,78.0,Delivered,,Web
BB009130,C0516,PET0643,2026-02-16,P01,4.0,14.5,58.0,Delivered,,Web
BB009131,C0516,PET0643,2026-02-27,P01,5.0,14.5,72.5,Delivered,,Pickup
BB009132,C0516,PET0643,2026-03-13,P10,4.0,13.0,52.0,Delivered,,Web
BB009133,C0516,PET0643,2026-03-26,P09,6.0,12.5,75.0,Delivered,,Web
BB009134,C0516,PET0643,2026-04-06,P01,7.0,14.5,101.5,Delivered,5,Web
BB009135,C0516,PET0643,2026-04-14,P03,6.0,13.5,81.0,Delivered,,Web
BB009136,C0516,PET0643,2026-04-28,P01,7.0,14.5,101.5,Delivered,5,Web
BB009137,C0518,PET0645,2025-11-21,P02,6.0,13.0,78.0,Delivered,,Web
BB009138,C0518,PET0645,2025-12-05,P02,7.0,13.0,91.0,Delivered,,Web
BB009139,C0518,PET0645,2025-12-16,P02,3.0,13.0,39.0,Delivered,5,Re-order Email
BB009140,C0518,PET0645,2025-12-28,P12,4.0,12.5,50.0,Delivered,5,Re-order Email
BB009141,C0518,PET0645,2026-01-05,P04,4.0,14.0,56.0,Delivered,,Pickup
BB009142,C0518,PET0645,2026-01-15,P02,5.0,13.0,65.0,Delivered,,Pickup
BB009143,C0518,PET0645,2026-01-26,P02,4.0,13.0,52.0,Delivered,,Web
BB009144,C0518,PET0645,2026-02-06,P07,6.0,13.5,81.0,Delivered,,Web
BB009145,C0518,PET0645,2026-02-17,P02,3.0,13.0,39.0,Delivered,,Web
BB009146,C0518,PET0645,2026-03-03,P02,4.0,13.0,52.0,Delivered,,Web
BB009147,C0518,PET0645,2026-03-10,P02,3.0,13.0,39.0,Delivered,,Web
BB009148,C0518,PET0645,2026-03-19,P02,2.0,13.0,26.0,Delivered,4,Web
BB009149,C0518,PET0645,2026-04-01,P09,4.0,12.5,50.0,Delivered,,Re-order Email
BB009150,C0518,PET0645,2026-04-10,P02,4.0,13.0,52.0,Delivered,,Re-order Email
BB009151,C0518,PET0645,2026-04-21,P02,5.0,13.0,65.0,Delivered,,Web
BB009152,C0519,PET0646,2026-03-22,P11,5.0,12.0,60.0,Delivered,5,Web
BB009153,C0519,PET0646,2026-04-03,P11,3.0,12.0,36.0,Delivered,5,Web
BB009154,C0519,PET0646,2026-04-15,P11,6.0,12.0,72.0,Delivered,,Pickup
BB009155,C0520,PET0647,2026-01-31,P08,6.0,15.5,93.0,Delivered,,Web
BB009156,C0520,PET0647,2026-02-08,P08,4.0,15.5,62.0,Delivered,5,Web
BB009157,C0520,PET0647,2026-02-19,P08,4.0,15.5,62.0,Delivered,,Web
BB009158,C0520,PET0647,2026-02-26,P08,4.0,15.5,62.0,Delivered,,Re-order Email
BB009159,C0520,PET0647,2026-03-11,P08,4.0,15.5,62.0,Delivered,,Web
BB009160,C0520,PET0647,2026-03-22,P08,4.0,15.5,62.0,Delivered,,Re-order Email
BB009161,C0520,PET0647,2026-04-05,P08,3.0,15.5,46.5,Delivered,,Web
BB009162,C0520,PET0647,2026-04-15,P08,6.0,15.5,93.0,Delivered,5,Web
BB009163,C0520,PET0647,2026-04-24,P08,6.0,15.5,93.0,Delivered,,Web
BB009164,C0521,PET0648,2026-02-19,P03,3.0,13.5,40.5,Delivered,3,Pickup
BB009165,C0521,PET0648,2026-03-05,P03,6.0,13.5,81.0,Delivered,5,Web
BB009166,C0521,PET0648,2026-03-14,P03,6.0,13.5,81.0,Delivered,,Web
BB009167,C0521,PET0648,2026-03-21,P12,5.0,12.5,62.5,Delivered,,Web
BB009168,C0521,PET0648,2026-03-31,P07,3.0,13.5,40.5,Delivered,,Web
BB009169,C0521,PET0648,2026-04-09,P03,7.0,13.5,94.5,Delivered,4,Web
BB009170,C0521,PET0648,2026-04-22,P08,5.0,15.5,77.5,Delivered,5,Web
BB009171,C0521,PET0649,2026-02-19,P04,6.0,14.0,84.0,Delivered,,Pickup
BB009172,C0521,PET0649,2026-02-27,P08,7.0,15.5,108.5,Delivered,,Web
BB009173,C0521,PET0649,2026-03-10,P08,5.0,15.5,77.5,Delivered,5,Web
BB009174,C0521,PET0649,2026-03-21,P08,2.0,15.5,31.0,Delivered,4,Pickup
BB009175,C0521,PET0649,2026-03-31,P08,5.0,15.5,77.5,Delivered,,Web
BB009176,C0521,PET0649,2026-04-07,P08,6.0,15.5,93.0,Delivered,,Web
BB009177,C0521,PET0649,2026-04-15,P08,4.0,15.5,62.0,Delivered,5,Pickup
BB009178,C0521,PET0649,2026-04-22,P08,4.0,15.5,62.0,Delivered,4,Web
BB009179,C0522,PET0651,2026-03-09,P11,6.0,12.0,72.0,Delivered,4,Re-order Email
BB009180,C0522,PET0651,2026-03-21,P06,5.0,14.5,72.5,Delivered,5,Re-order Email
BB009181,C0522,PET0651,2026-04-03,P02,4.0,13.0,52.0,Delivered,,Web
BB009182,C0522,PET0651,2026-04-13,P02,4.0,13.0,52.0,Delivered,,Web
BB009183,C0522,PET0651,2026-04-23,P02,6.0,13.0,78.0,Delivered,5,Web
BB009184,C0523,PET0652,2025-10-18,P07,5.0,13.5,67.5,Delivered,5,Web
BB009185,C0523,PET0652,2025-10-28,P07,6.0,13.5,81.0,Delivered,,Web
BB009186,C0523,PET0652,2025-11-07,P07,4.0,13.5,54.0,Delivered,4,Web
BB009187,C0523,PET0652,2025-11-17,P07,4.0,13.5,54.0,Delivered,,Web
BB009188,C0523,PET0652,2025-11-26,P01,4.0,14.5,58.0,Delivered,5,Web
BB009189,C0523,PET0652,2025-12-07,P07,5.0,13.5,67.5,Delivered,,Re-order Email
BB009190,C0523,PET0652,2025-12-18,P07,4.0,13.5,54.0,Delivered,,Pickup
BB009191,C0523,PET0652,2025-12-25,P07,5.0,13.5,67.5,Delivered,,Web
BB009192,C0523,PET0652,2026-01-06,P07,6.0,13.5,81.0,Delivered,5,Web
BB009193,C0523,PET0652,2026-01-13,P12,6.0,12.5,75.0,Delivered,,Web
BB009194,C0523,PET0652,2026-01-26,P09,4.0,12.5,50.0,Delivered,,Web
BB009195,C0523,PET0652,2026-02-05,P07,3.0,13.5,40.5,Delivered,,Re-order Email
BB009196,C0523,PET0652,2026-02-18,P07,5.0,13.5,67.5,Delivered,,Web
BB009197,C0523,PET0652,2026-02-28,P07,6.0,13.5,81.0,Delivered,,Web
BB009198,C0523,PET0652,2026-03-10,P06,4.0,14.5,58.0,Delivered,,Re-order Email
BB009199,C0523,PET0652,2026-03-17,P07,2.0,13.5,27.0,Delivered,,Pickup
BB009200,C0523,PET0652,2026-03-28,P07,5.0,13.5,67.5,Delivered,5,Web
BB009201,C0523,PET0652,2026-04-04,P12,2.0,12.5,25.0,Delivered,5,Web
BB009202,C0523,PET0652,2026-04-16,P07,6.0,13.5,81.0,Delivered,5,Web
BB009203,C0523,PET0653,2025-10-20,P02,7.0,13.0,91.0,Delivered,4,Web
BB009204,C0523,PET0653,2025-10-29,P02,4.0,13.0,52.0,Delivered,5,Pickup
BB009205,C0523,PET0653,2025-11-06,P02,5.0,13.0,65.0,Delivered,,Re-order Email
BB009206,C0523,PET0653,2025-11-16,P02,3.0,13.0,39.0,Delivered,,Web
BB009207,C0523,PET0653,2025-11-29,P02,2.0,13.0,26.0,Delivered,,Pickup
BB009208,C0523,PET0653,2025-12-10,P02,4.0,13.0,52.0,Delivered,3,Web
BB009209,C0523,PET0653,2025-12-19,P02,7.0,13.0,91.0,Delivered,,Web
BB009210,C0523,PET0653,2025-12-30,P02,5.0,13.0,65.0,Delivered,5,Web
BB009211,C0523,PET0653,2026-01-09,P02,5.0,13.0,65.0,Delivered,5,Re-order Email
BB009212,C0523,PET0653,2026-01-20,P02,6.0,13.0,78.0,Delivered,,Web
BB009213,C0523,PET0653,2026-01-28,P02,5.0,13.0,65.0,Delivered,,Web
BB009214,C0523,PET0653,2026-02-07,P02,5.0,13.0,65.0,Delivered,,Web
BB009215,C0523,PET0653,2026-02-20,P12,6.0,12.5,75.0,Delivered,5,Re-order Email
BB009216,C0523,PET0653,2026-03-04,P02,6.0,13.0,78.0,Delivered,4,Web
BB009217,C0523,PET0653,2026-03-17,P02,3.0,13.0,39.0,Delivered,,Web
BB009218,C0523,PET0653,2026-03-27,P02,4.0,13.0,52.0,Delivered,,Web
BB009219,C0523,PET0653,2026-04-03,P12,6.0,12.5,75.0,Delivered,5,Web
BB009220,C0523,PET0653,2026-04-10,P08,3.0,15.5,46.5,Delivered,,Web
BB009221,C0523,PET0653,2026-04-22,P07,3.0,13.5,40.5,Delivered,,Re-order Email
BB009222,C0524,PET0654,2026-01-16,P02,4.0,13.0,52.0,Delivered,,Web
BB009223,C0524,PET0654,2026-01-27,P02,6.0,13.0,78.0,Delivered,4,Web
BB009224,C0524,PET0654,2026-02-08,P02,4.0,13.0,52.0,Delivered,,Web
BB009225,C0524,PET0654,2026-02-16,P02,3.0,13.0,39.0,Delivered,5,Re-order Email
BB009226,C0524,PET0654,2026-02-23,P12,2.0,12.5,25.0,Delivered,3,Pickup
BB009227,C0524,PET0654,2026-03-03,P11,5.0,12.0,60.0,Delivered,,Web
BB009228,C0524,PET0654,2026-03-13,P10,5.0,13.0,65.0,Delivered,,Web
BB009229,C0524,PET0654,2026-03-24,P02,5.0,13.0,65.0,Delivered,5,Web
BB009230,C0524,PET0654,2026-04-07,P02,2.0,13.0,26.0,Delivered,,Web
BB009231,C0524,PET0654,2026-04-18,P09,3.0,12.5,37.5,Delivered,5,Web
BB009232,C0524,PET0654,2026-04-26,P02,7.0,13.0,91.0,Delivered,,Web
BB009233,C0525,PET0655,2025-09-09,P07,3.0,13.5,40.5,Delivered,4,Web
BB009234,C0525,PET0655,2025-09-21,P04,3.0,14.0,42.0,Delivered,,Web
BB009235,C0525,PET0655,2025-09-28,P04,7.0,14.0,98.0,Delivered,,Web
BB009236,C0525,PET0655,2025-10-10,P04,6.0,14.0,84.0,Delivered,,Web
BB009237,C0525,PET0655,2025-10-19,P02,2.0,13.0,26.0,Delivered,,Pickup
BB009238,C0525,PET0655,2025-10-30,P12,6.0,12.5,75.0,Delivered,,Pickup
BB009239,C0525,PET0655,2025-11-07,P04,4.0,14.0,56.0,Delivered,4,Pickup
BB009240,C0525,PET0655,2025-11-15,P04,5.0,14.0,70.0,Delivered,,Web
BB009241,C0525,PET0655,2025-11-22,P04,5.0,14.0,70.0,Delivered,,Pickup
BB009242,C0525,PET0655,2025-12-05,P04,7.0,14.0,98.0,Delivered,5,Re-order Email
BB009243,C0525,PET0655,2025-12-16,P04,4.0,14.0,56.0,Delivered,,Pickup
BB009244,C0525,PET0655,2025-12-26,P04,6.0,14.0,84.0,Delivered,5,Web
BB009245,C0525,PET0655,2026-01-06,P04,4.0,14.0,56.0,Delivered,5,Web
BB009246,C0525,PET0655,2026-01-18,P06,6.0,14.5,87.0,Delivered,,Web
BB009247,C0525,PET0655,2026-01-29,P10,6.0,13.0,78.0,Delivered,,Web
BB009248,C0525,PET0655,2026-02-06,P04,3.0,14.0,42.0,Delivered,5,Pickup
BB009249,C0525,PET0655,2026-02-17,P06,2.0,14.5,29.0,Delivered,,Web
BB009250,C0525,PET0655,2026-02-26,P04,4.0,14.0,56.0,Delivered,,Pickup
BB009251,C0525,PET0655,2026-03-06,P08,4.0,15.5,62.0,Delivered,4,Web
BB009252,C0525,PET0655,2026-03-18,P04,3.0,14.0,42.0,Delivered,,Web
BB009253,C0525,PET0655,2026-03-29,P04,2.0,14.0,28.0,Delivered,,Web
BB009254,C0525,PET0655,2026-04-08,P04,5.0,14.0,70.0,Delivered,,Web
BB009255,C0525,PET0655,2026-04-17,P04,4.0,14.0,56.0,Delivered,,Web
BB009256,C0525,PET0656,2025-09-11,P11,3.0,12.0,36.0,Delivered,3,Web
BB009257,C0525,PET0656,2025-09-20,P11,4.0,12.0,48.0,Delivered,5,Pickup
BB009258,C0525,PET0656,2025-10-02,P11,7.0,12.0,84.0,Delivered,,Re-order Email
BB009259,C0525,PET0656,2025-10-15,P11,2.0,12.0,24.0,Delivered,,Web
BB009260,C0525,PET0656,2025-10-27,P11,6.0,12.0,72.0,Delivered,,Pickup
BB009261,C0525,PET0656,2025-11-06,P11,3.0,12.0,36.0,Delivered,,Web
BB009262,C0525,PET0656,2025-11-14,P08,6.0,15.5,93.0,Delivered,,Re-order Email
BB009263,C0525,PET0656,2025-11-25,P11,5.0,12.0,60.0,Delivered,,Web
BB009264,C0525,PET0656,2025-12-03,P11,6.0,12.0,72.0,Delivered,,Re-order Email
BB009265,C0525,PET0656,2025-12-14,P11,4.0,12.0,48.0,Delivered,5,Web
BB009266,C0525,PET0656,2025-12-27,P11,6.0,12.0,72.0,Delivered,5,Web
BB009267,C0525,PET0656,2026-01-04,P11,6.0,12.0,72.0,Delivered,,Re-order Email
BB009268,C0525,PET0656,2026-01-14,P11,7.0,12.0,84.0,Delivered,,Web
BB009269,C0525,PET0656,2026-01-22,P11,4.0,12.0,48.0,Delivered,,Web
BB009270,C0525,PET0656,2026-02-04,P11,4.0,12.0,48.0,Delivered,,Web
BB009271,C0527,PET0658,2025-11-17,P08,4.0,15.5,62.0,Delivered,,Web
BB009272,C0527,PET0658,2025-11-26,P08,5.0,15.5,77.5,Delivered,,Web
BB009273,C0527,PET0658,2025-12-07,P06,4.0,14.5,58.0,Delivered,,Pickup
BB009274,C0527,PET0658,2025-12-18,P08,6.0,15.5,93.0,Delivered,4,Web
BB009275,C0527,PET0658,2025-12-26,P11,3.0,12.0,36.0,Delivered,,Pickup
BB009276,C0527,PET0658,2026-01-05,P08,3.0,15.5,46.5,Delivered,,Web
BB009277,C0527,PET0658,2026-01-13,P10,4.0,13.0,52.0,Delivered,,Web
BB009278,C0527,PET0658,2026-01-24,P09,4.0,12.5,50.0,Delivered,4,Web
BB009279,C0527,PET0658,2026-02-03,P08,5.0,15.5,77.5,Delivered,,Web
BB009280,C0527,PET0658,2026-02-12,P12,4.0,12.5,50.0,Delivered,,Web
BB009281,C0527,PET0658,2026-02-24,P10,3.0,13.0,39.0,Delivered,5,Pickup
BB009282,C0527,PET0658,2026-03-08,P08,3.0,15.5,46.5,Delivered,,Pickup
BB009283,C0527,PET0658,2026-03-15,P08,4.0,15.5,62.0,Delivered,,Web
BB009284,C0527,PET0658,2026-03-26,P08,6.0,15.5,93.0,Delivered,,Re-order Email
BB009285,C0527,PET0658,2026-04-04,P08,2.0,15.5,31.0,Delivered,4,Re-order Email
BB009286,C0527,PET0658,2026-04-14,P03,6.0,13.5,81.0,Delivered,,Web
BB009287,C0527,PET0658,2026-04-21,P08,3.0,15.5,46.5,Delivered,,Web
BB009288,C0528,PET0659,2026-02-07,P11,3.0,12.0,36.0,Delivered,5,Web
BB009289,C0528,PET0659,2026-02-17,P03,6.0,13.5,81.0,Delivered,,Re-order Email
BB009290,C0528,PET0659,2026-02-25,P01,4.0,14.5,58.0,Delivered,,Web
BB009291,C0528,PET0659,2026-03-06,P12,7.0,12.5,87.5,Delivered,,Web
BB009292,C0528,PET0659,2026-03-15,P10,4.0,13.0,52.0,Delivered,,Web
BB009293,C0528,PET0659,2026-03-28,P01,2.0,14.5,29.0,Delivered,,Re-order Email
BB009294,C0528,PET0659,2026-04-11,P06,6.0,14.5,87.0,Delivered,5,Pickup
BB009295,C0528,PET0659,2026-04-25,P01,3.0,14.5,43.5,Delivered,5,Re-order Email
BB009296,C0529,PET0660,2024-11-13,P12,7.0,12.5,87.5,Delivered,4,Web
BB009297,C0529,PET0660,2024-11-23,P12,7.0,12.5,87.5,Delivered,,Web
BB009298,C0529,PET0660,2024-12-03,P09,5.0,12.5,62.5,Delivered,,Web
BB009299,C0529,PET0660,2024-12-12,P06,4.0,14.5,58.0,Delivered,5,Re-order Email
BB009300,C0529,PET0660,2024-12-25,P12,4.0,12.5,50.0,Delivered,,Pickup
BB009301,C0529,PET0660,2025-01-03,P12,6.0,12.5,75.0,Delivered,5,Web
BB009302,C0529,PET0660,2025-02-15,P12,4.0,12.5,50.0,Delivered,3,Pickup
BB009303,C0529,PET0660,2025-02-26,P12,5.0,12.5,62.5,Delivered,5,Re-order Email
BB009304,C0529,PET0660,2025-03-10,P12,6.0,12.5,75.0,Delivered,4,Web
BB009305,C0529,PET0660,2025-03-18,P12,6.0,12.5,75.0,Delivered,,Pickup
BB009306,C0529,PET0660,2025-03-28,P12,3.0,12.5,37.5,Delivered,,Web
BB009307,C0529,PET0660,2025-04-08,P12,5.0,12.5,62.5,Delivered,,Web
BB009308,C0529,PET0660,2025-04-18,P12,5.0,12.5,62.5,Delivered,4,Pickup
BB009309,C0529,PET0660,2025-04-30,P12,4.0,12.5,50.0,Delivered,,Re-order Email
BB009310,C0529,PET0660,2025-05-11,P12,4.0,12.5,50.0,Delivered,,Web
BB009311,C0529,PET0660,2025-05-18,P12,4.0,12.5,50.0,Delivered,,Pickup
BB009312,C0529,PET0660,2025-05-31,P10,6.0,13.0,78.0,Delivered,4,Web
BB009313,C0529,PET0660,2025-06-07,P11,5.0,12.0,60.0,Delivered,,Web
BB009314,C0529,PET0660,2025-06-14,P12,4.0,12.5,50.0,Delivered,,Web
BB009315,C0529,PET0660,2025-06-25,P12,6.0,12.5,75.0,Delivered,,Web
BB009316,C0529,PET0660,2025-07-05,P12,7.0,12.5,87.5,Delivered,,Web
BB009317,C0529,PET0660,2025-07-13,P12,5.0,12.5,62.5,Delivered,,Web
BB009318,C0529,PET0660,2025-07-20,P12,6.0,12.5,75.0,Delivered,,Pickup
BB009319,C0529,PET0660,2025-08-01,P12,6.0,12.5,75.0,Delivered,5,Web
BB009320,C0529,PET0660,2025-08-10,P08,2.0,15.5,31.0,Delivered,,Web
BB009321,C0529,PET0660,2025-08-20,P12,3.0,12.5,37.5,Delivered,5,Web
BB009322,C0529,PET0660,2025-09-02,P12,3.0,12.5,37.5,Delivered,,Web
BB009323,C0529,PET0660,2025-09-09,P12,7.0,12.5,87.5,Delivered,,Web
BB009324,C0529,PET0660,2025-09-17,P12,5.0,12.5,62.5,Delivered,,Web
BB009325,C0529,PET0660,2025-09-25,P12,4.0,12.5,50.0,Delivered,,Web
BB009326,C0529,PET0660,2025-10-04,P11,3.0,12.0,36.0,Delivered,,Pickup
BB009327,C0529,PET0660,2025-10-12,P12,3.0,12.5,37.5,Delivered,5,Re-order Email
BB009328,C0529,PET0660,2025-10-23,P12,4.0,12.5,50.0,Delivered,4,Web
BB009329,C0529,PET0660,2025-11-01,P12,5.0,12.5,62.5,Delivered,5,Web
BB009330,C0529,PET0660,2025-11-10,P12,7.0,12.5,87.5,Delivered,,Web
BB009331,C0529,PET0660,2025-11-18,P12,4.0,12.5,50.0,Delivered,,Web
BB009332,C0529,PET0660,2025-11-29,P12,5.0,12.5,62.5,Delivered,,Web
BB009333,C0529,PET0660,2025-12-06,P12,7.0,12.5,87.5,Delivered,,Web
BB009334,C0529,PET0660,2025-12-13,P12,4.0,12.5,50.0,Delivered,,Pickup
BB009335,C0529,PET0660,2025-12-20,P12,5.0,12.5,62.5,Delivered,,Pickup
BB009336,C0529,PET0660,2026-01-01,P01,6.0,14.5,87.0,Delivered,5,Pickup
BB009337,C0529,PET0660,2026-01-10,P12,6.0,12.5,75.0,Delivered,,Web
BB009338,C0529,PET0660,2026-01-22,P12,5.0,12.5,62.5,Delivered,5,Web
BB009339,C0529,PET0660,2026-02-02,P12,7.0,12.5,87.5,Delivered,5,Web
BB009340,C0529,PET0660,2026-02-09,P10,4.0,13.0,52.0,Delivered,5,Web
BB009341,C0529,PET0660,2026-02-16,P04,4.0,14.0,56.0,Delivered,5,Web
BB009342,C0529,PET0660,2026-02-27,P12,6.0,12.5,75.0,Delivered,,Web
BB009343,C0529,PET0660,2026-03-10,P12,6.0,12.5,75.0,Delivered,5,Web
BB009344,C0529,PET0660,2026-03-17,P07,4.0,13.5,54.0,Delivered,,Pickup
BB009345,C0529,PET0660,2026-03-25,P09,4.0,12.5,50.0,Delivered,,Web
BB009346,C0529,PET0660,2026-04-07,P12,7.0,12.5,87.5,Delivered,,Web
BB009347,C0529,PET0660,2026-04-14,P12,3.0,12.5,37.5,Delivered,,Web
BB009348,C0529,PET0660,2026-04-21,P12,2.0,12.5,25.0,Delivered,5,Web
BB009349,C0530,PET0662,2026-02-04,P04,4.0,14.0,56.0,Delivered,,Web
BB009350,C0530,PET0662,2026-02-11,P04,4.0,14.0,56.0,Delivered,,Web
BB009351,C0530,PET0662,2026-02-22,P04,3.0,14.0,42.0,Delivered,,Web
BB009352,C0530,PET0662,2026-03-07,P04,3.0,14.0,42.0,Delivered,,Pickup
BB009353,C0530,PET0662,2026-03-19,P04,3.0,14.0,42.0,Delivered,5,Pickup
BB009354,C0531,PET0663,2025-10-05,P07,7.0,13.5,94.5,Delivered,,Pickup
BB009355,C0531,PET0663,2025-10-17,P03,6.0,13.5,81.0,Delivered,,Web
BB009356,C0531,PET0663,2025-10-24,P03,4.0,13.5,54.0,Delivered,,Web
BB009357,C0531,PET0663,2025-11-02,P03,3.0,13.5,40.5,Delivered,,Web
BB009358,C0531,PET0663,2025-11-13,P03,2.0,13.5,27.0,Delivered,4,Web
BB009359,C0531,PET0663,2025-11-20,P03,3.0,13.5,40.5,Delivered,,Web
BB009360,C0531,PET0663,2025-12-03,P09,5.0,12.5,62.5,Delivered,,Web
BB009361,C0531,PET0663,2025-12-12,P03,6.0,13.5,81.0,Delivered,,Web
BB009362,C0531,PET0663,2025-12-25,P03,4.0,13.5,54.0,Delivered,,Pickup
BB009363,C0531,PET0663,2026-01-01,P03,6.0,13.5,81.0,Delivered,,Web
BB009364,C0531,PET0663,2026-01-09,P09,5.0,12.5,62.5,Delivered,,Web
BB009365,C0531,PET0663,2026-01-17,P03,6.0,13.5,81.0,Delivered,5,Web
BB009366,C0531,PET0663,2026-01-25,P03,5.0,13.5,67.5,Delivered,4,Re-order Email
BB009367,C0531,PET0663,2026-02-04,P03,5.0,13.5,67.5,Delivered,,Web
BB009368,C0531,PET0663,2026-02-12,P03,5.0,13.5,67.5,Delivered,,Web
BB009369,C0531,PET0663,2026-02-21,P03,6.0,13.5,81.0,Delivered,4,Web
BB009370,C0531,PET0663,2026-03-04,P08,5.0,15.5,77.5,Delivered,,Re-order Email
BB009371,C0531,PET0663,2026-03-14,P02,5.0,13.0,65.0,Delivered,,Pickup
BB009372,C0531,PET0663,2026-03-27,P03,2.0,13.5,27.0,Delivered,5,Web
BB009373,C0531,PET0663,2026-04-06,P06,6.0,14.5,87.0,Delivered,4,Web
BB009374,C0531,PET0663,2026-04-16,P03,5.0,13.5,67.5,Delivered,,Re-order Email
BB009375,C0531,PET0663,2026-04-23,P03,5.0,13.5,67.5,Delivered,,Pickup
BB009376,C0531,PET0664,2025-10-07,P09,5.0,12.5,62.5,Delivered,5,Web
BB009377,C0531,PET0664,2025-10-16,P09,4.0,12.5,50.0,Delivered,,Web
BB009378,C0531,PET0664,2025-10-26,P09,5.0,12.5,62.5,Delivered,,Web
BB009379,C0531,PET0664,2025-11-02,P07,6.0,13.5,81.0,Delivered,,Pickup
BB009380,C0531,PET0664,2025-11-12,P07,4.0,13.5,54.0,Delivered,,Web
BB009381,C0531,PET0664,2025-11-21,P09,7.0,12.5,87.5,Delivered,,Web
BB009382,C0531,PET0664,2025-11-29,P03,4.0,13.5,54.0,Delivered,4,Web
BB009383,C0531,PET0664,2025-12-12,P09,5.0,12.5,62.5,Delivered,5,Pickup
BB009384,C0531,PET0664,2025-12-22,P09,6.0,12.5,75.0,Delivered,4,Pickup
BB009385,C0531,PET0664,2026-01-03,P07,7.0,13.5,94.5,Delivered,,Web
BB009386,C0531,PET0664,2026-01-15,P09,5.0,12.5,62.5,Delivered,,Web
BB009387,C0531,PET0664,2026-01-25,P09,7.0,12.5,87.5,Delivered,,Web
BB009388,C0531,PET0664,2026-02-01,P12,6.0,12.5,75.0,Delivered,,Web
BB009389,C0531,PET0664,2026-02-09,P09,6.0,12.5,75.0,Delivered,,Web
BB009390,C0531,PET0664,2026-02-22,P09,5.0,12.5,62.5,Delivered,,Pickup
BB009391,C0531,PET0664,2026-03-07,P06,3.0,14.5,43.5,Delivered,,Pickup
BB009392,C0531,PET0664,2026-03-17,P09,4.0,12.5,50.0,Delivered,,Web
BB009393,C0531,PET0664,2026-03-27,P09,4.0,12.5,50.0,Delivered,,Re-order Email
BB009394,C0531,PET0664,2026-04-07,P09,7.0,12.5,87.5,Delivered,,Web
BB009395,C0531,PET0664,2026-04-15,P06,5.0,14.5,72.5,Delivered,,Web
BB009396,C0531,PET0664,2026-04-22,P09,4.0,12.5,50.0,Delivered,,Re-order Email
BB009397,C0532,PET0665,2026-04-16,P02,4.0,13.0,52.0,Delivered,,Re-order Email
BB009398,C0532,PET0665,2026-04-29,P02,2.0,13.0,26.0,Delivered,5,Web
BB009399,C0533,PET0666,2026-03-09,P02,4.0,13.0,52.0,Delivered,,Pickup
BB009400,C0533,PET0666,2026-03-19,P02,5.0,13.0,65.0,Delivered,,Web
BB009401,C0533,PET0666,2026-03-31,P02,6.0,13.0,78.0,Delivered,,Pickup
BB009402,C0533,PET0666,2026-04-11,P02,6.0,13.0,78.0,Delivered,5,Pickup
BB009403,C0533,PET0667,2026-03-09,P01,4.0,14.5,58.0,Delivered,,Web
BB009404,C0533,PET0667,2026-03-17,P06,4.0,14.5,58.0,Delivered,,Web
BB009405,C0533,PET0667,2026-03-29,P06,3.0,14.5,43.5,Delivered,,Web
BB009406,C0533,PET0668,2026-04-28,P03,3.0,13.5,40.5,Delivered,,Web
BB009407,C0534,PET0669,2025-03-30,P10,4.0,13.0,52.0,Delivered,,Web
BB009408,C0534,PET0669,2025-04-09,P10,7.0,13.0,91.0,Delivered,,Web
BB009409,C0534,PET0669,2025-04-22,P10,4.0,13.0,52.0,Delivered,3,Web
BB009410,C0534,PET0669,2025-05-03,P10,6.0,13.0,78.0,Delivered,,Re-order Email
BB009411,C0534,PET0669,2025-05-15,P10,5.0,13.0,65.0,Delivered,5,Web
BB009412,C0534,PET0669,2025-05-22,P10,4.0,13.0,52.0,Delivered,,Web
BB009413,C0534,PET0669,2025-06-03,P11,4.0,12.0,48.0,Delivered,5,Web
BB009414,C0534,PET0669,2025-06-14,P10,5.0,13.0,65.0,Delivered,,Web
BB009415,C0534,PET0669,2025-06-21,P10,4.0,13.0,52.0,Delivered,,Web
BB009416,C0534,PET0669,2025-07-01,P10,6.0,13.0,78.0,Delivered,,Web
BB009417,C0534,PET0669,2025-07-11,P10,7.0,13.0,91.0,Delivered,5,Web
BB009418,C0534,PET0669,2025-07-22,P10,5.0,13.0,65.0,Delivered,,Web
BB009419,C0534,PET0669,2025-08-01,P09,6.0,12.5,75.0,Delivered,,Web
BB009420,C0534,PET0669,2025-08-12,P10,6.0,13.0,78.0,Delivered,5,Web
BB009421,C0534,PET0669,2025-08-21,P10,4.0,13.0,52.0,Delivered,,Web
BB009422,C0534,PET0669,2025-08-28,P10,6.0,13.0,78.0,Delivered,,Web
BB009423,C0534,PET0669,2025-09-10,P10,5.0,13.0,65.0,Delivered,4,Web
BB009424,C0534,PET0669,2025-09-21,P10,4.0,13.0,52.0,Delivered,,Web
BB009425,C0534,PET0669,2025-10-05,P10,5.0,13.0,65.0,Delivered,4,Web
BB009426,C0534,PET0669,2025-10-13,P10,4.0,13.0,52.0,Delivered,,Re-order Email
BB009427,C0534,PET0669,2025-10-26,P09,5.0,12.5,62.5,Delivered,5,Web
BB009428,C0534,PET0669,2025-11-02,P10,7.0,13.0,91.0,Delivered,,Web
BB009429,C0534,PET0669,2025-11-10,P10,2.0,13.0,26.0,Delivered,,Web
BB009430,C0534,PET0669,2025-11-22,P10,5.0,13.0,65.0,Delivered,,Web
BB009431,C0534,PET0669,2025-12-04,P10,4.0,13.0,52.0,Delivered,,Web
BB009432,C0534,PET0669,2025-12-13,P10,2.0,13.0,26.0,Delivered,,Web
BB009433,C0534,PET0669,2025-12-27,P01,5.0,14.5,72.5,Delivered,5,Web
BB009434,C0534,PET0669,2026-01-08,P10,5.0,13.0,65.0,Delivered,5,Re-order Email
BB009435,C0534,PET0669,2026-01-16,P10,6.0,13.0,78.0,Delivered,4,Web
BB009436,C0534,PET0669,2026-01-25,P10,5.0,13.0,65.0,Delivered,,Web
BB009437,C0534,PET0669,2026-02-05,P10,3.0,13.0,39.0,Delivered,,Web
BB009438,C0534,PET0669,2026-02-13,P06,5.0,14.5,72.5,Delivered,5,Web
BB009439,C0534,PET0669,2026-02-23,P10,4.0,13.0,52.0,Delivered,,Web
BB009440,C0534,PET0669,2026-03-05,P10,6.0,13.0,78.0,Delivered,,Web
BB009441,C0534,PET0669,2026-03-18,P03,3.0,13.5,40.5,Delivered,,Web
BB009442,C0534,PET0669,2026-03-29,P10,6.0,13.0,78.0,Delivered,5,Web
BB009443,C0534,PET0669,2026-04-08,P10,4.0,13.0,52.0,Delivered,,Web
BB009444,C0534,PET0669,2026-04-15,P07,4.0,13.5,54.0,Delivered,,Web
BB009445,C0534,PET0669,2026-04-23,P03,6.0,13.5,81.0,Delivered,,Re-order Email
BB009446,C0535,PET0670,2026-03-22,P01,7.0,14.5,101.5,Delivered,5,Re-order Email
BB009447,C0535,PET0670,2026-03-29,P06,5.0,14.5,72.5,Delivered,,Pickup
BB009448,C0535,PET0670,2026-04-10,P01,6.0,14.5,87.0,Delivered,,Web
BB009449,C0535,PET0670,2026-04-22,P06,4.0,14.5,58.0,Delivered,,Web
BB009450,C0536,PET0671,2025-12-27,P11,4.0,12.0,48.0,Delivered,,Web
BB009451,C0536,PET0671,2026-01-03,P11,6.0,12.0,72.0,Delivered,,Web
BB009452,C0536,PET0671,2026-01-13,P11,4.0,12.0,48.0,Delivered,5,Web
BB009453,C0536,PET0671,2026-01-27,P03,4.0,13.5,54.0,Delivered,,Re-order Email
BB009454,C0536,PET0671,2026-02-09,P01,2.0,14.5,29.0,Delivered,,Web
BB009455,C0536,PET0671,2026-02-21,P11,5.0,12.0,60.0,Delivered,,Web
BB009456,C0536,PET0671,2026-02-28,P11,3.0,12.0,36.0,Delivered,,Web
BB009457,C0536,PET0671,2026-03-12,P11,6.0,12.0,72.0,Delivered,,Pickup
BB009458,C0536,PET0671,2026-03-22,P10,6.0,13.0,78.0,Delivered,,Web
BB009459,C0536,PET0671,2026-04-05,P11,3.0,12.0,36.0,Delivered,5,Web
BB009460,C0536,PET0671,2026-04-14,P01,4.0,14.5,58.0,Delivered,,Pickup
BB009461,C0536,PET0671,2026-04-25,P11,6.0,12.0,72.0,Delivered,,Re-order Email
BB009462,C0536,PET0672,2025-12-30,P02,4.0,13.0,52.0,Delivered,4,Web
BB009463,C0536,PET0672,2026-01-09,P01,7.0,14.5,101.5,Delivered,,Web
BB009464,C0536,PET0672,2026-01-18,P08,4.0,15.5,62.0,Delivered,5,Web
BB009465,C0536,PET0672,2026-01-28,P12,7.0,12.5,87.5,Delivered,,Web
BB009466,C0536,PET0672,2026-02-09,P07,5.0,13.5,67.5,Delivered,,Web
BB009467,C0536,PET0672,2026-02-20,P01,4.0,14.5,58.0,Delivered,5,Web
BB009468,C0536,PET0672,2026-03-03,P01,5.0,14.5,72.5,Delivered,5,Web
BB009469,C0536,PET0672,2026-03-16,P02,4.0,13.0,52.0,Delivered,5,Re-order Email
BB009470,C0536,PET0672,2026-03-27,P01,7.0,14.5,101.5,Delivered,,Pickup
BB009471,C0536,PET0672,2026-04-07,P01,5.0,14.5,72.5,Delivered,,Re-order Email
BB009472,C0536,PET0673,2025-12-24,P09,3.0,12.5,37.5,Delivered,,Web
BB009473,C0536,PET0673,2025-12-31,P09,3.0,12.5,37.5,Delivered,5,Web
BB009474,C0536,PET0673,2026-01-12,P09,3.0,12.5,37.5,Delivered,5,Web
BB009475,C0536,PET0673,2026-01-19,P08,4.0,15.5,62.0,Delivered,5,Web
BB009476,C0536,PET0673,2026-01-27,P09,3.0,12.5,37.5,Delivered,,Re-order Email
BB009477,C0536,PET0673,2026-02-06,P02,5.0,13.0,65.0,Delivered,,Web
BB009478,C0536,PET0673,2026-02-13,P09,7.0,12.5,87.5,Delivered,,Pickup
BB009479,C0536,PET0673,2026-02-22,P03,6.0,13.5,81.0,Delivered,,Web
BB009480,C0536,PET0673,2026-03-06,P06,3.0,14.5,43.5,Delivered,,Web
BB009481,C0536,PET0673,2026-03-18,P02,6.0,13.0,78.0,Delivered,,Web
BB009482,C0536,PET0673,2026-03-31,P12,6.0,12.5,75.0,Delivered,,Re-order Email
BB009483,C0536,PET0673,2026-04-10,P09,6.0,12.5,75.0,Delivered,,Web
BB009484,C0536,PET0673,2026-04-20,P09,6.0,12.5,75.0,Delivered,5,Web
BB009485,C0537,PET0674,2026-03-19,P10,4.0,13.0,52.0,Delivered,5,Web
BB009486,C0537,PET0674,2026-03-30,P10,3.0,13.0,39.0,Delivered,3,Web
BB009487,C0537,PET0674,2026-04-10,P10,4.0,13.0,52.0,Delivered,4,Web
BB009488,C0537,PET0674,2026-04-19,P02,5.0,13.0,65.0,Delivered,,Web
BB009489,C0537,PET0675,2026-03-19,P10,5.0,13.0,65.0,Delivered,,Web
BB009490,C0537,PET0675,2026-03-27,P10,5.0,13.0,65.0,Delivered,5,Pickup
BB009491,C0537,PET0675,2026-04-08,P10,3.0,13.0,39.0,Delivered,,Re-order Email
BB009492,C0537,PET0675,2026-04-16,P12,4.0,12.5,50.0,Delivered,,Web
BB009493,C0538,PET0676,2025-10-28,P12,5.0,12.5,62.5,Delivered,,Web
BB009494,C0538,PET0676,2025-11-05,P12,6.0,12.5,75.0,Delivered,5,Web
BB009495,C0538,PET0676,2025-11-12,P12,6.0,12.5,75.0,Delivered,5,Web
BB009496,C0538,PET0676,2025-11-23,P12,4.0,12.5,50.0,Delivered,5,Web
BB009497,C0538,PET0676,2025-12-07,P12,7.0,12.5,87.5,Delivered,5,Re-order Email
BB009498,C0538,PET0676,2025-12-14,P11,2.0,12.0,24.0,Delivered,,Web
BB009499,C0538,PET0676,2025-12-25,P12,7.0,12.5,87.5,Delivered,,Web
BB009500,C0538,PET0676,2026-01-03,P12,4.0,12.5,50.0,Delivered,,Re-order Email
BB009501,C0538,PET0676,2026-01-17,P12,4.0,12.5,50.0,Delivered,4,Web
BB009502,C0538,PET0676,2026-01-25,P12,5.0,12.5,62.5,Delivered,5,Web
BB009503,C0538,PET0676,2026-02-03,P07,4.0,13.5,54.0,Delivered,5,Web
BB009504,C0538,PET0676,2026-02-12,P10,4.0,13.0,52.0,Delivered,,Web
BB009505,C0538,PET0676,2026-02-21,P12,4.0,12.5,50.0,Delivered,,Web
BB009506,C0538,PET0676,2026-03-01,P12,5.0,12.5,62.5,Delivered,,Pickup
BB009507,C0538,PET0676,2026-03-08,P12,2.0,12.5,25.0,Delivered,,Re-order Email
BB009508,C0538,PET0676,2026-03-19,P12,5.0,12.5,62.5,Delivered,,Web
BB009509,C0538,PET0676,2026-04-02,P02,3.0,13.0,39.0,Delivered,5,Web
BB009510,C0538,PET0676,2026-04-12,P12,6.0,12.5,75.0,Delivered,,Web
BB009511,C0538,PET0676,2026-04-25,P12,5.0,12.5,62.5,Delivered,,Re-order Email
BB009512,C0539,PET0677,2026-02-22,P06,3.0,14.5,43.5,Delivered,,Pickup
BB009513,C0539,PET0677,2026-03-02,P12,6.0,12.5,75.0,Delivered,,Web
BB009514,C0539,PET0677,2026-03-16,P02,3.0,13.0,39.0,Delivered,,Re-order Email
BB009515,C0539,PET0677,2026-03-23,P06,3.0,14.5,43.5,Delivered,,Web
BB009516,C0539,PET0677,2026-04-05,P08,4.0,15.5,62.0,Delivered,5,Web
BB009517,C0539,PET0677,2026-04-12,P08,4.0,15.5,62.0,Delivered,,Web
BB009518,C0539,PET0677,2026-04-23,P06,5.0,14.5,72.5,Delivered,,Web
BB009519,C0540,PET0678,2025-10-25,P12,6.0,12.5,75.0,Delivered,,Web
BB009520,C0540,PET0678,2025-11-07,P09,6.0,12.5,75.0,Delivered,5,Re-order Email
BB009521,C0540,PET0678,2025-11-16,P06,4.0,14.5,58.0,Delivered,5,Web
BB009522,C0540,PET0678,2025-11-30,P12,4.0,12.5,50.0,Delivered,,Web
BB009523,C0540,PET0678,2025-12-13,P12,6.0,12.5,75.0,Delivered,5,Re-order Email
BB009524,C0540,PET0678,2025-12-23,P09,6.0,12.5,75.0,Delivered,,Web
BB009525,C0540,PET0678,2025-12-31,P12,6.0,12.5,75.0,Delivered,4,Web
BB009526,C0540,PET0678,2026-01-09,P12,7.0,12.5,87.5,Delivered,5,Pickup
BB009527,C0540,PET0678,2026-01-18,P12,5.0,12.5,62.5,Delivered,,Web
BB009528,C0540,PET0678,2026-01-31,P06,3.0,14.5,43.5,Delivered,5,Pickup
BB009529,C0540,PET0678,2026-02-07,P12,2.0,12.5,25.0,Delivered,4,Web
BB009530,C0540,PET0678,2026-02-19,P12,3.0,12.5,37.5,Delivered,5,Pickup
BB009531,C0540,PET0678,2026-03-01,P12,5.0,12.5,62.5,Delivered,,Re-order Email
BB009532,C0540,PET0678,2026-03-13,P12,4.0,12.5,50.0,Delivered,,Web
BB009533,C0540,PET0678,2026-03-24,P12,5.0,12.5,62.5,Delivered,,Web
BB009534,C0540,PET0678,2026-04-01,P12,7.0,12.5,87.5,Delivered,,Web
BB009535,C0540,PET0678,2026-04-12,P12,5.0,12.5,62.5,Delivered,5,Web
BB009536,C0540,PET0678,2026-04-26,P03,3.0,13.5,40.5,Delivered,,Web
BB009537,C0541,PET0679,2026-01-16,P03,5.0,13.5,67.5,Delivered,,Web
BB009538,C0541,PET0679,2026-01-24,P02,5.0,13.0,65.0,Delivered,,Web
BB009539,C0541,PET0679,2026-02-03,P02,7.0,13.0,91.0,Delivered,5,Web
BB009540,C0541,PET0679,2026-02-16,P02,5.0,13.0,65.0,Delivered,,Web
BB009541,C0541,PET0679,2026-03-02,P02,5.0,13.0,65.0,Delivered,,Re-order Email
BB009542,C0541,PET0679,2026-03-10,P02,3.0,13.0,39.0,Delivered,,Web
BB009543,C0541,PET0679,2026-03-18,P06,4.0,14.5,58.0,Delivered,,Web
BB009544,C0541,PET0679,2026-03-27,P02,3.0,13.0,39.0,Delivered,,Web
BB009545,C0541,PET0679,2026-04-10,P07,2.0,13.5,27.0,Delivered,,Web
BB009546,C0541,PET0679,2026-04-24,P02,4.0,13.0,52.0,Delivered,4,Web
BB009547,C0542,PET0680,2024-11-12,P10,7.0,13.0,91.0,Delivered,,Web
BB009548,C0542,PET0680,2024-11-23,P09,4.0,12.5,50.0,Delivered,4,Web
BB009549,C0542,PET0680,2024-12-03,P07,6.0,13.5,81.0,Delivered,,Web
BB009550,C0542,PET0680,2024-12-10,P10,4.0,13.0,52.0,Delivered,5,Re-order Email
BB009551,C0542,PET0680,2024-12-17,P12,7.0,12.5,87.5,Delivered,4,Re-order Email
BB009552,C0542,PET0680,2024-12-26,P01,4.0,14.5,58.0,Delivered,,Web
BB009553,C0542,PET0680,2025-01-05,P10,7.0,13.0,91.0,Delivered,,Pickup
BB009554,C0542,PET0680,2025-01-16,P10,3.0,13.0,39.0,Delivered,5,Web
BB009555,C0542,PET0680,2025-01-25,P10,4.0,13.0,52.0,Delivered,5,Web
BB009556,C0542,PET0680,2025-02-02,P10,4.0,13.0,52.0,Delivered,,Pickup
BB009557,C0542,PET0680,2025-02-11,P10,4.0,13.0,52.0,Delivered,,Web
BB009558,C0542,PET0680,2025-02-24,P10,4.0,13.0,52.0,Delivered,5,Web
BB009559,C0542,PET0680,2025-03-04,P10,2.0,13.0,26.0,Delivered,,Web
BB009560,C0542,PET0680,2025-03-11,P11,6.0,12.0,72.0,Delivered,,Web
BB009561,C0542,PET0680,2025-03-24,P08,2.0,15.5,31.0,Delivered,5,Web
BB009562,C0542,PET0680,2025-04-02,P02,4.0,13.0,52.0,Delivered,,Web
BB009563,C0542,PET0680,2025-04-11,P10,5.0,13.0,65.0,Delivered,,Pickup
BB009564,C0542,PET0680,2025-04-18,P08,5.0,15.5,77.5,Delivered,,Pickup
BB009565,C0542,PET0680,2025-04-29,P10,6.0,13.0,78.0,Delivered,,Pickup
BB009566,C0542,PET0680,2025-05-11,P10,3.0,13.0,39.0,Delivered,5,Re-order Email
BB009567,C0542,PET0680,2025-05-20,P10,3.0,13.0,39.0,Delivered,,Re-order Email
BB009568,C0542,PET0680,2025-05-30,P10,3.0,13.0,39.0,Delivered,,Web
BB009569,C0542,PET0680,2025-06-11,P10,6.0,13.0,78.0,Delivered,,Pickup
BB009570,C0542,PET0680,2025-06-18,P11,5.0,12.0,60.0,Delivered,,Pickup
BB009571,C0542,PET0680,2025-06-29,P10,5.0,13.0,65.0,Delivered,,Web
BB009572,C0542,PET0680,2025-07-11,P10,7.0,13.0,91.0,Delivered,5,Pickup
BB009573,C0542,PET0680,2025-07-18,P10,6.0,13.0,78.0,Delivered,4,Re-order Email
BB009574,C0542,PET0680,2025-07-31,P10,3.0,13.0,39.0,Delivered,,Web
BB009575,C0542,PET0680,2025-08-07,P10,3.0,13.0,39.0,Delivered,5,Web
BB009576,C0542,PET0680,2025-08-18,P10,5.0,13.0,65.0,Delivered,5,Web
BB009577,C0542,PET0680,2025-08-30,P09,6.0,12.5,75.0,Delivered,,Web
BB009578,C0542,PET0680,2025-09-10,P10,4.0,13.0,52.0,Delivered,,Web
BB009579,C0542,PET0680,2025-09-21,P10,5.0,13.0,65.0,Delivered,5,Pickup
BB009580,C0542,PET0680,2025-10-03,P10,4.0,13.0,52.0,Delivered,,Web
BB009581,C0542,PET0680,2025-10-16,P10,4.0,13.0,52.0,Delivered,,Pickup
BB009582,C0542,PET0680,2025-10-28,P10,6.0,13.0,78.0,Delivered,4,Web
BB009583,C0542,PET0680,2025-11-10,P10,6.0,13.0,78.0,Delivered,,Pickup
BB009584,C0542,PET0680,2025-11-23,P10,2.0,13.0,26.0,Delivered,,Web
BB009585,C0542,PET0680,2025-12-03,P06,6.0,14.5,87.0,Delivered,,Web
BB009586,C0542,PET0680,2025-12-11,P10,4.0,13.0,52.0,Delivered,5,Web
BB009587,C0542,PET0680,2025-12-23,P10,6.0,13.0,78.0,Delivered,,Web
BB009588,C0542,PET0680,2026-01-04,P10,4.0,13.0,52.0,Delivered,,Web
BB009589,C0542,PET0680,2026-01-11,P10,7.0,13.0,91.0,Delivered,,Web
BB009590,C0542,PET0680,2026-01-24,P07,7.0,13.5,94.5,Delivered,5,Web
BB009591,C0542,PET0680,2026-02-06,P10,5.0,13.0,65.0,Delivered,4,Web
BB009592,C0542,PET0680,2026-02-15,P03,5.0,13.5,67.5,Delivered,,Web
BB009593,C0542,PET0680,2026-02-23,P10,4.0,13.0,52.0,Delivered,,Web
BB009594,C0542,PET0680,2026-03-08,P10,6.0,13.0,78.0,Delivered,,Re-order Email
BB009595,C0542,PET0680,2026-03-17,P08,3.0,15.5,46.5,Delivered,5,Web
BB009596,C0542,PET0680,2026-03-26,P10,5.0,13.0,65.0,Delivered,,Pickup
BB009597,C0542,PET0680,2026-04-04,P10,7.0,13.0,91.0,Delivered,,Web
BB009598,C0542,PET0680,2026-04-14,P10,6.0,13.0,78.0,Delivered,4,Web
BB009599,C0543,PET0681,2026-03-26,P08,4.0,15.5,62.0,Delivered,,Pickup
BB009600,C0543,PET0681,2026-04-05,P08,4.0,15.5,62.0,Delivered,4,Web
BB009601,C0543,PET0681,2026-04-12,P08,5.0,15.5,77.5,Delivered,5,Web
BB009602,C0543,PET0681,2026-04-21,P08,4.0,15.5,62.0,Delivered,,Pickup
BB009603,C0544,PET0682,2026-01-23,P06,3.0,14.5,43.5,Delivered,,Pickup
BB009604,C0544,PET0682,2026-02-03,P06,4.0,14.5,58.0,Delivered,5,Web
BB009605,C0545,PET0683,2025-10-21,P12,6.0,12.5,75.0,Delivered,4,Pickup
BB009606,C0545,PET0683,2025-10-28,P01,5.0,14.5,72.5,Delivered,,Re-order Email
BB009607,C0545,PET0683,2025-11-05,P01,4.0,14.5,58.0,Delivered,5,Pickup
BB009608,C0545,PET0683,2025-11-13,P01,3.0,14.5,43.5,Delivered,,Web
BB009609,C0545,PET0683,2025-11-21,P01,3.0,14.5,43.5,Delivered,,Pickup
BB009610,C0545,PET0683,2025-12-02,P01,5.0,14.5,72.5,Delivered,,Web
BB009611,C0545,PET0683,2025-12-14,P01,2.0,14.5,29.0,Delivered,,Web
BB009612,C0545,PET0683,2025-12-25,P11,4.0,12.0,48.0,Delivered,,Pickup
BB009613,C0545,PET0683,2026-01-04,P01,7.0,14.5,101.5,Delivered,,Web
BB009614,C0545,PET0683,2026-01-12,P01,5.0,14.5,72.5,Delivered,4,Web
BB009615,C0545,PET0683,2026-01-23,P01,6.0,14.5,87.0,Delivered,,Web
BB009616,C0545,PET0683,2026-02-06,P01,5.0,14.5,72.5,Delivered,4,Pickup
BB009617,C0545,PET0683,2026-02-15,P12,3.0,12.5,37.5,Delivered,4,Pickup
BB009618,C0545,PET0683,2026-02-22,P01,5.0,14.5,72.5,Delivered,5,Re-order Email
BB009619,C0545,PET0683,2026-03-04,P12,7.0,12.5,87.5,Delivered,,Web
BB009620,C0545,PET0683,2026-03-14,P04,6.0,14.0,84.0,Delivered,5,Re-order Email
BB009621,C0545,PET0683,2026-03-27,P06,6.0,14.5,87.0,Delivered,,Pickup
BB009622,C0545,PET0683,2026-04-03,P01,4.0,14.5,58.0,Delivered,5,Web
BB009623,C0545,PET0683,2026-04-17,P01,4.0,14.5,58.0,Delivered,,Web
BB009624,C0546,PET0684,2026-03-21,P11,5.0,12.0,60.0,Delivered,,Web
BB009625,C0546,PET0684,2026-03-28,P11,4.0,12.0,48.0,Delivered,5,Re-order Email
BB009626,C0546,PET0684,2026-04-06,P11,5.0,12.0,60.0,Delivered,,Web
BB009627,C0546,PET0684,2026-04-17,P09,7.0,12.5,87.5,Delivered,,Web
BB009628,C0546,PET0684,2026-04-27,P07,3.0,13.5,40.5,Delivered,,Web
BB009629,C0547,PET0685,2024-11-11,P03,5.0,13.5,67.5,Delivered,5,Web
BB009630,C0547,PET0685,2024-11-21,P12,5.0,12.5,62.5,Delivered,,Web
BB009631,C0547,PET0685,2024-11-29,P09,5.0,12.5,62.5,Delivered,,Pickup
BB009632,C0547,PET0685,2024-12-12,P07,5.0,13.5,67.5,Delivered,,Web
BB009633,C0547,PET0685,2024-12-20,P09,5.0,12.5,62.5,Delivered,,Web
BB009634,C0547,PET0685,2024-12-28,P09,5.0,12.5,62.5,Delivered,4,Web
BB009635,C0547,PET0685,2025-01-08,P09,3.0,12.5,37.5,Delivered,,Pickup
BB009636,C0547,PET0685,2025-01-18,P09,5.0,12.5,62.5,Delivered,5,Web
BB009637,C0547,PET0685,2025-01-29,P09,6.0,12.5,75.0,Delivered,5,Pickup
BB009638,C0547,PET0685,2025-02-06,P11,4.0,12.0,48.0,Delivered,,Web
BB009639,C0547,PET0685,2025-02-17,P09,5.0,12.5,62.5,Delivered,5,Web
BB009640,C0547,PET0685,2025-02-28,P10,4.0,13.0,52.0,Delivered,5,Web
BB009641,C0547,PET0685,2025-03-08,P09,3.0,12.5,37.5,Delivered,4,Pickup
BB009642,C0547,PET0685,2025-03-15,P01,2.0,14.5,29.0,Delivered,,Web
BB009643,C0547,PET0685,2025-03-22,P09,5.0,12.5,62.5,Delivered,,Web
BB009644,C0547,PET0685,2025-03-29,P10,5.0,13.0,65.0,Delivered,5,Web
BB009645,C0547,PET0685,2025-04-06,P08,5.0,15.5,77.5,Delivered,,Web
BB009646,C0547,PET0685,2025-04-13,P09,4.0,12.5,50.0,Delivered,,Web
BB009647,C0547,PET0685,2025-04-26,P08,5.0,15.5,77.5,Delivered,3,Pickup
BB009648,C0547,PET0685,2025-05-09,P03,5.0,13.5,67.5,Delivered,,Re-order Email
BB009649,C0547,PET0685,2025-05-22,P09,4.0,12.5,50.0,Delivered,,Web
BB009650,C0547,PET0685,2025-05-30,P09,3.0,12.5,37.5,Delivered,5,Web
BB009651,C0547,PET0685,2025-06-07,P09,4.0,12.5,50.0,Delivered,3,Web
BB009652,C0547,PET0685,2025-06-14,P09,3.0,12.5,37.5,Delivered,,Web
BB009653,C0547,PET0685,2025-06-25,P07,5.0,13.5,67.5,Delivered,5,Re-order Email
BB009654,C0547,PET0685,2025-07-07,P09,5.0,12.5,62.5,Delivered,,Web
BB009655,C0547,PET0685,2025-07-17,P09,3.0,12.5,37.5,Delivered,,Re-order Email
BB009656,C0547,PET0685,2025-07-26,P09,5.0,12.5,62.5,Delivered,,Web
BB009657,C0547,PET0685,2025-08-03,P09,4.0,12.5,50.0,Delivered,5,Web
BB009658,C0547,PET0685,2025-08-14,P09,6.0,12.5,75.0,Delivered,,Re-order Email
BB009659,C0547,PET0685,2025-08-22,P08,6.0,15.5,93.0,Delivered,4,Web
BB009660,C0547,PET0685,2025-09-03,P09,3.0,12.5,37.5,Delivered,,Pickup
BB009661,C0547,PET0685,2025-09-13,P09,5.0,12.5,62.5,Delivered,5,Web
BB009662,C0547,PET0685,2025-09-26,P07,7.0,13.5,94.5,Delivered,5,Web
BB009663,C0547,PET0685,2025-10-07,P09,5.0,12.5,62.5,Delivered,,Web
BB009664,C0547,PET0685,2025-10-14,P09,4.0,12.5,50.0,Delivered,,Web
BB009665,C0547,PET0685,2025-10-21,P04,2.0,14.0,28.0,Delivered,,Re-order Email
BB009666,C0547,PET0685,2025-10-30,P09,4.0,12.5,50.0,Delivered,,Web
BB009667,C0547,PET0685,2025-11-08,P09,4.0,12.5,50.0,Delivered,,Web
BB009668,C0547,PET0685,2025-11-19,P09,5.0,12.5,62.5,Delivered,,Web
BB009669,C0547,PET0685,2025-12-02,P09,4.0,12.5,50.0,Delivered,,Pickup
BB009670,C0547,PET0685,2025-12-12,P09,5.0,12.5,62.5,Delivered,,Web
BB009671,C0547,PET0685,2025-12-24,P11,6.0,12.0,72.0,Delivered,,Re-order Email
BB009672,C0547,PET0685,2026-01-05,P09,4.0,12.5,50.0,Delivered,5,Web
BB009673,C0547,PET0685,2026-01-15,P09,3.0,12.5,37.5,Delivered,5,Pickup
BB009674,C0547,PET0685,2026-01-25,P09,2.0,12.5,25.0,Delivered,,Web
BB009675,C0547,PET0685,2026-02-07,P10,7.0,13.0,91.0,Delivered,5,Pickup
BB009676,C0547,PET0685,2026-02-14,P09,5.0,12.5,62.5,Delivered,4,Re-order Email
BB009677,C0547,PET0685,2026-02-25,P09,6.0,12.5,75.0,Delivered,,Web
BB009678,C0547,PET0685,2026-03-05,P09,6.0,12.5,75.0,Delivered,4,Web
BB009679,C0547,PET0685,2026-03-13,P09,3.0,12.5,37.5,Delivered,,Web
BB009680,C0547,PET0685,2026-03-22,P01,4.0,14.5,58.0,Delivered,,Web
BB009681,C0547,PET0685,2026-03-29,P08,6.0,15.5,93.0,Delivered,,Pickup
BB009682,C0547,PET0685,2026-04-07,P09,5.0,12.5,62.5,Delivered,,Web
BB009683,C0547,PET0685,2026-04-19,P09,5.0,12.5,62.5,Delivered,,Web
BB009684,C0547,PET0686,2024-11-10,P02,6.0,13.0,78.0,Delivered,,Web
BB009685,C0547,PET0686,2024-11-18,P02,5.0,13.0,65.0,Delivered,5,Web
BB009686,C0547,PET0686,2024-11-30,P02,5.0,13.0,65.0,Delivered,5,Web
BB009687,C0547,PET0686,2024-12-07,P10,4.0,13.0,52.0,Delivered,,Pickup
BB009688,C0547,PET0686,2024-12-15,P02,3.0,13.0,39.0,Delivered,4,Web
BB009689,C0547,PET0686,2024-12-25,P02,5.0,13.0,65.0,Delivered,4,Web
BB009690,C0547,PET0686,2025-01-03,P10,3.0,13.0,39.0,Delivered,,Web
BB009691,C0547,PET0686,2025-01-10,P02,3.0,13.0,39.0,Delivered,5,Pickup
BB009692,C0547,PET0686,2025-01-23,P02,7.0,13.0,91.0,Delivered,,Pickup
BB009693,C0547,PET0686,2025-02-05,P02,3.0,13.0,39.0,Delivered,,Re-order Email
BB009694,C0547,PET0686,2025-02-14,P09,5.0,12.5,62.5,Delivered,,Web
BB009695,C0547,PET0686,2025-02-27,P02,6.0,13.0,78.0,Delivered,5,Web
BB009696,C0547,PET0686,2025-03-07,P02,4.0,13.0,52.0,Delivered,5,Re-order Email
BB009697,C0547,PET0686,2025-03-19,P08,5.0,15.5,77.5,Delivered,4,Web
BB009698,C0547,PET0686,2025-03-27,P02,6.0,13.0,78.0,Delivered,,Pickup
BB009699,C0547,PET0686,2025-04-09,P02,6.0,13.0,78.0,Delivered,,Web
BB009700,C0547,PET0686,2025-04-16,P02,4.0,13.0,52.0,Delivered,,Re-order Email
BB009701,C0547,PET0686,2025-04-24,P02,3.0,13.0,39.0,Delivered,5,Web
BB009702,C0547,PET0686,2025-05-07,P09,7.0,12.5,87.5,Delivered,,Web
BB009703,C0547,PET0686,2025-05-14,P02,4.0,13.0,52.0,Delivered,5,Re-order Email
BB009704,C0547,PET0686,2025-05-21,P02,7.0,13.0,91.0,Delivered,,Web
BB009705,C0547,PET0686,2025-05-29,P02,4.0,13.0,52.0,Delivered,4,Web
BB009706,C0547,PET0686,2025-06-12,P02,6.0,13.0,78.0,Delivered,,Pickup
BB009707,C0547,PET0686,2025-06-20,P02,6.0,13.0,78.0,Delivered,5,Re-order Email
BB009708,C0547,PET0686,2025-07-02,P02,6.0,13.0,78.0,Delivered,,Web
BB009709,C0547,PET0686,2025-07-10,P02,6.0,13.0,78.0,Delivered,5,Web
BB009710,C0547,PET0686,2025-07-17,P02,4.0,13.0,52.0,Delivered,,Re-order Email
BB009711,C0547,PET0686,2025-07-24,P02,6.0,13.0,78.0,Delivered,,Pickup
BB009712,C0547,PET0686,2025-08-02,P03,4.0,13.5,54.0,Delivered,5,Pickup
BB009713,C0547,PET0686,2025-08-11,P02,5.0,13.0,65.0,Delivered,,Web
BB009714,C0547,PET0686,2025-08-22,P02,2.0,13.0,26.0,Delivered,4,Web
BB009715,C0547,PET0686,2025-08-29,P02,2.0,13.0,26.0,Delivered,,Web
BB009716,C0547,PET0686,2025-09-09,P02,4.0,13.0,52.0,Delivered,,Web
BB009717,C0547,PET0686,2025-09-20,P02,3.0,13.0,39.0,Delivered,,Pickup
BB009718,C0547,PET0686,2025-09-28,P07,4.0,13.5,54.0,Delivered,,Pickup
BB009719,C0547,PET0686,2025-10-10,P02,5.0,13.0,65.0,Delivered,5,Web
BB009720,C0547,PET0686,2025-10-22,P02,7.0,13.0,91.0,Delivered,,Re-order Email
BB009721,C0547,PET0686,2025-11-04,P02,3.0,13.0,39.0,Delivered,5,Re-order Email
BB009722,C0547,PET0686,2025-11-17,P02,3.0,13.0,39.0,Delivered,,Pickup
BB009723,C0547,PET0686,2025-11-26,P02,5.0,13.0,65.0,Delivered,,Re-order Email
BB009724,C0547,PET0686,2025-12-03,P02,6.0,13.0,78.0,Delivered,,Web
BB009725,C0547,PET0686,2025-12-14,P11,5.0,12.0,60.0,Delivered,,Pickup
BB009726,C0547,PET0686,2025-12-27,P02,5.0,13.0,65.0,Delivered,,Pickup
BB009727,C0547,PET0686,2026-01-03,P02,6.0,13.0,78.0,Delivered,4,Pickup
BB009728,C0547,PET0686,2026-01-10,P02,4.0,13.0,52.0,Delivered,,Web
BB009729,C0547,PET0686,2026-01-22,P02,7.0,13.0,91.0,Delivered,5,Web
BB009730,C0547,PET0686,2026-02-01,P02,4.0,13.0,52.0,Delivered,5,Web
BB009731,C0547,PET0686,2026-02-15,P08,7.0,15.5,108.5,Delivered,5,Web
BB009732,C0547,PET0686,2026-02-25,P02,5.0,13.0,65.0,Delivered,5,Re-order Email
BB009733,C0547,PET0686,2026-03-08,P02,5.0,13.0,65.0,Delivered,,Pickup
BB009734,C0547,PET0686,2026-03-15,P09,3.0,12.5,37.5,Delivered,,Pickup
BB009735,C0547,PET0686,2026-03-26,P12,7.0,12.5,87.5,Delivered,,Web
BB009736,C0547,PET0686,2026-04-09,P11,6.0,12.0,72.0,Delivered,,Re-order Email
BB009737,C0547,PET0686,2026-04-20,P02,5.0,13.0,65.0,Delivered,5,Web
BB009738,C0548,PET0687,2026-04-28,P12,5.0,12.5,62.5,Delivered,4,Web
BB009739,C0550,PET0689,2025-06-28,P01,5.0,14.5,72.5,Delivered,5,Pickup
BB009740,C0550,PET0689,2025-07-11,P10,5.0,13.0,65.0,Delivered,,Web
BB009741,C0550,PET0689,2025-07-21,P01,4.0,14.5,58.0,Delivered,,Web
BB009742,C0550,PET0689,2025-07-29,P10,6.0,13.0,78.0,Delivered,,Pickup
BB009743,C0550,PET0689,2025-08-11,P10,6.0,13.0,78.0,Delivered,,Web
BB009744,C0550,PET0689,2025-08-21,P10,3.0,13.0,39.0,Delivered,,Web
BB009745,C0550,PET0689,2025-08-30,P10,3.0,13.0,39.0,Delivered,,Pickup
BB009746,C0550,PET0689,2025-09-11,P03,6.0,13.5,81.0,Delivered,,Web
BB009747,C0550,PET0689,2025-09-24,P10,5.0,13.0,65.0,Delivered,,Web
BB009748,C0550,PET0689,2025-10-01,P10,3.0,13.0,39.0,Delivered,,Web
BB009749,C0550,PET0689,2025-10-09,P10,4.0,13.0,52.0,Delivered,,Re-order Email
BB009750,C0550,PET0689,2025-10-17,P10,4.0,13.0,52.0,Delivered,5,Web
BB009751,C0550,PET0689,2025-10-28,P10,5.0,13.0,65.0,Delivered,,Web
BB009752,C0550,PET0689,2025-11-10,P10,5.0,13.0,65.0,Delivered,5,Web
BB009753,C0550,PET0689,2025-11-22,P03,2.0,13.5,27.0,Delivered,,Web
BB009754,C0550,PET0689,2025-12-02,P01,5.0,14.5,72.5,Delivered,,Re-order Email
BB009755,C0550,PET0689,2025-12-14,P10,6.0,13.0,78.0,Delivered,,Web
BB009756,C0550,PET0689,2025-12-23,P10,6.0,13.0,78.0,Delivered,,Web
BB009757,C0550,PET0689,2026-01-03,P09,7.0,12.5,87.5,Delivered,5,Re-order Email
BB009758,C0550,PET0689,2026-01-11,P06,6.0,14.5,87.0,Delivered,5,Web
BB009759,C0550,PET0689,2026-01-19,P10,6.0,13.0,78.0,Delivered,5,Web
BB009760,C0550,PET0689,2026-01-28,P10,5.0,13.0,65.0,Delivered,4,Web
BB009761,C0550,PET0689,2026-02-05,P10,3.0,13.0,39.0,Delivered,5,Web
BB009762,C0550,PET0689,2026-02-17,P10,3.0,13.0,39.0,Delivered,,Web
BB009763,C0550,PET0689,2026-03-01,P10,6.0,13.0,78.0,Delivered,,Re-order Email
BB009764,C0550,PET0689,2026-03-10,P07,3.0,13.5,40.5,Delivered,,Web
BB009765,C0550,PET0689,2026-03-19,P08,5.0,15.5,77.5,Delivered,,Web
BB009766,C0550,PET0689,2026-04-01,P10,4.0,13.0,52.0,Delivered,,Web
BB009767,C0550,PET0689,2026-04-08,P02,3.0,13.0,39.0,Delivered,5,Pickup
BB009768,C0550,PET0689,2026-04-16,P10,5.0,13.0,65.0,Delivered,,Web
BB009769,C0550,PET0689,2026-04-29,P10,5.0,13.0,65.0,Delivered,,Web
BB009770,C0552,PET0691,2026-02-13,P03,6.0,13.5,81.0,Delivered,5,Web
BB009771,C0552,PET0691,2026-02-21,P06,7.0,14.5,101.5,Delivered,4,Web
BB009772,C0552,PET0691,2026-03-04,P03,6.0,13.5,81.0,Delivered,,Pickup
BB009773,C0552,PET0691,2026-03-14,P03,4.0,13.5,54.0,Delivered,,Web
BB009774,C0552,PET0691,2026-03-27,P03,6.0,13.5,81.0,Delivered,5,Web
BB009775,C0552,PET0691,2026-04-04,P03,6.0,13.5,81.0,Delivered,,Re-order Email
BB009776,C0552,PET0691,2026-04-11,P09,4.0,12.5,50.0,Delivered,3,Web
BB009777,C0552,PET0691,2026-04-18,P08,3.0,15.5,46.5,Delivered,,Pickup
BB009778,C0552,PET0691,2026-05-01,P03,6.0,13.5,81.0,Delivered,,Web
BB009779,C0553,PET0692,2025-12-14,P09,4.0,12.5,50.0,Delivered,5,Web
BB009780,C0553,PET0692,2025-12-26,P09,6.0,12.5,75.0,Delivered,5,Web
BB009781,C0553,PET0692,2026-01-02,P09,4.0,12.5,50.0,Delivered,,Web
BB009782,C0553,PET0692,2026-01-15,P03,4.0,13.5,54.0,Delivered,,Web
BB009783,C0553,PET0692,2026-01-28,P09,4.0,12.5,50.0,Delivered,,Pickup
BB009784,C0553,PET0692,2026-02-06,P09,3.0,12.5,37.5,Delivered,,Web
BB009785,C0553,PET0692,2026-02-20,P09,4.0,12.5,50.0,Delivered,5,Web
BB009786,C0553,PET0692,2026-03-01,P06,2.0,14.5,29.0,Delivered,,Web
BB009787,C0553,PET0692,2026-03-13,P09,3.0,12.5,37.5,Delivered,4,Web
BB009788,C0553,PET0692,2026-03-25,P03,5.0,13.5,67.5,Delivered,4,Web
BB009789,C0553,PET0692,2026-04-05,P09,3.0,12.5,37.5,Delivered,4,Pickup
BB009790,C0553,PET0692,2026-04-13,P09,4.0,12.5,50.0,Delivered,,Re-order Email
BB009791,C0553,PET0692,2026-04-24,P09,3.0,12.5,37.5,Delivered,5,Re-order Email
BB009792,C0553,PET0693,2025-12-10,P11,4.0,12.0,48.0,Delivered,5,Web
BB009793,C0553,PET0693,2025-12-20,P12,5.0,12.5,62.5,Delivered,,Web
BB009794,C0553,PET0693,2025-12-28,P12,3.0,12.5,37.5,Delivered,,Web
BB009795,C0553,PET0693,2026-01-05,P12,6.0,12.5,75.0,Delivered,5,Web
BB009796,C0553,PET0693,2026-01-16,P12,3.0,12.5,37.5,Delivered,,Re-order Email
BB009797,C0553,PET0693,2026-01-23,P07,4.0,13.5,54.0,Delivered,,Pickup
BB009798,C0553,PET0693,2026-02-01,P12,6.0,12.5,75.0,Delivered,5,Web
BB009799,C0553,PET0693,2026-02-13,P06,6.0,14.5,87.0,Delivered,4,Web
BB009800,C0553,PET0693,2026-02-22,P12,6.0,12.5,75.0,Delivered,5,Web
BB009801,C0553,PET0693,2026-03-04,P04,6.0,14.0,84.0,Delivered,,Web
BB009802,C0553,PET0693,2026-03-17,P02,6.0,13.0,78.0,Delivered,,Web
BB009803,C0553,PET0693,2026-03-28,P08,3.0,15.5,46.5,Delivered,,Web
BB009804,C0553,PET0693,2026-04-10,P12,5.0,12.5,62.5,Delivered,,Web
BB009805,C0553,PET0693,2026-04-23,P12,7.0,12.5,87.5,Delivered,,Web
BB009806,C0554,PET0694,2026-01-21,P03,3.0,13.5,40.5,Delivered,5,Web
BB009807,C0554,PET0694,2026-02-01,P08,5.0,15.5,77.5,Delivered,,Pickup
BB009808,C0554,PET0694,2026-02-15,P08,3.0,15.5,46.5,Delivered,3,Pickup
BB009809,C0554,PET0694,2026-02-26,P08,6.0,15.5,93.0,Delivered,,Pickup
BB009810,C0554,PET0694,2026-03-11,P08,6.0,15.5,93.0,Delivered,,Pickup
BB009811,C0554,PET0694,2026-03-19,P08,5.0,15.5,77.5,Delivered,,Web
BB009812,C0554,PET0694,2026-03-31,P08,7.0,15.5,108.5,Delivered,5,Web
BB009813,C0554,PET0694,2026-04-10,P08,5.0,15.5,77.5,Delivered,4,Web
BB009814,C0554,PET0694,2026-04-23,P09,5.0,12.5,62.5,Delivered,5,Web
BB009815,C0555,PET0695,2025-02-06,P09,6.0,12.5,75.0,Delivered,,Web
BB009816,C0555,PET0695,2025-02-18,P12,5.0,12.5,62.5,Delivered,4,Web
BB009817,C0555,PET0695,2025-03-04,P09,6.0,12.5,75.0,Delivered,,Web
BB009818,C0555,PET0695,2025-03-16,P09,4.0,12.5,50.0,Delivered,4,Re-order Email
BB009819,C0555,PET0695,2025-03-28,P09,6.0,12.5,75.0,Delivered,5,Re-order Email
BB009820,C0555,PET0695,2025-04-07,P09,5.0,12.5,62.5,Delivered,,Web
BB009821,C0555,PET0695,2025-04-14,P06,6.0,14.5,87.0,Delivered,,Web
BB009822,C0555,PET0695,2025-04-25,P09,5.0,12.5,62.5,Delivered,,Web
BB009823,C0555,PET0695,2025-05-02,P01,2.0,14.5,29.0,Delivered,,Re-order Email
BB009824,C0555,PET0695,2025-05-13,P09,5.0,12.5,62.5,Delivered,4,Pickup
BB009825,C0555,PET0695,2025-05-25,P09,3.0,12.5,37.5,Delivered,,Pickup
BB009826,C0555,PET0695,2025-06-01,P09,4.0,12.5,50.0,Delivered,,Web
BB009827,C0555,PET0695,2025-06-14,P09,5.0,12.5,62.5,Delivered,,Web
BB009828,C0555,PET0695,2025-06-28,P01,4.0,14.5,58.0,Delivered,,Web
BB009829,C0555,PET0695,2025-07-05,P09,2.0,12.5,25.0,Delivered,,Web
BB009830,C0555,PET0695,2025-07-16,P09,3.0,12.5,37.5,Delivered,,Web
BB009831,C0555,PET0695,2025-07-27,P09,5.0,12.5,62.5,Delivered,,Web
BB009832,C0555,PET0695,2025-08-10,P11,7.0,12.0,84.0,Delivered,,Web
BB009833,C0555,PET0695,2025-08-20,P12,4.0,12.5,50.0,Delivered,,Web
BB009834,C0555,PET0695,2025-09-03,P09,4.0,12.5,50.0,Delivered,,Web
BB009835,C0555,PET0695,2025-09-14,P09,5.0,12.5,62.5,Delivered,,Web
BB009836,C0555,PET0695,2025-09-27,P09,7.0,12.5,87.5,Delivered,,Web
BB009837,C0555,PET0695,2025-10-08,P09,5.0,12.5,62.5,Delivered,,Web
BB009838,C0555,PET0695,2025-10-16,P06,4.0,14.5,58.0,Delivered,,Web
BB009839,C0555,PET0695,2025-10-28,P02,2.0,13.0,26.0,Delivered,,Re-order Email
BB009840,C0555,PET0695,2025-11-10,P09,3.0,12.5,37.5,Delivered,,Web
BB009841,C0555,PET0695,2025-11-18,P10,6.0,13.0,78.0,Delivered,5,Web
BB009842,C0555,PET0695,2025-11-25,P06,4.0,14.5,58.0,Delivered,,Web
BB009843,C0555,PET0695,2025-12-03,P09,7.0,12.5,87.5,Delivered,4,Pickup
BB009844,C0555,PET0695,2025-12-16,P09,5.0,12.5,62.5,Delivered,,Pickup
BB009845,C0555,PET0695,2025-12-27,P09,4.0,12.5,50.0,Delivered,,Web
BB009846,C0555,PET0695,2026-01-08,P07,3.0,13.5,40.5,Delivered,5,Web
BB009847,C0555,PET0695,2026-01-15,P09,4.0,12.5,50.0,Delivered,,Web
BB009848,C0555,PET0695,2026-01-28,P03,3.0,13.5,40.5,Delivered,4,Web
BB009849,C0555,PET0695,2026-02-08,P09,5.0,12.5,62.5,Delivered,,Re-order Email
BB009850,C0555,PET0695,2026-02-20,P01,6.0,14.5,87.0,Delivered,4,Pickup
BB009851,C0555,PET0695,2026-03-05,P09,4.0,12.5,50.0,Delivered,,Web
BB009852,C0555,PET0695,2026-03-18,P09,3.0,12.5,37.5,Delivered,5,Web
BB009853,C0555,PET0695,2026-03-26,P12,6.0,12.5,75.0,Delivered,,Re-order Email
BB009854,C0555,PET0695,2026-04-06,P09,5.0,12.5,62.5,Delivered,5,Web
BB009855,C0555,PET0695,2026-04-20,P09,4.0,12.5,50.0,Delivered,,Web
BB009856,C0555,PET0696,2025-02-08,P09,6.0,12.5,75.0,Delivered,5,Web
BB009857,C0555,PET0696,2025-02-16,P09,4.0,12.5,50.0,Delivered,,Pickup
BB009858,C0555,PET0696,2025-02-25,P09,5.0,12.5,62.5,Delivered,5,Web
BB009859,C0555,PET0696,2025-03-04,P09,2.0,12.5,25.0,Delivered,5,Web
BB009860,C0555,PET0696,2025-03-12,P09,5.0,12.5,62.5,Delivered,,Web
BB009861,C0555,PET0696,2025-03-26,P12,5.0,12.5,62.5,Delivered,,Web
BB009862,C0555,PET0696,2025-04-02,P09,5.0,12.5,62.5,Delivered,,Pickup
BB009863,C0555,PET0696,2025-04-15,P09,7.0,12.5,87.5,Delivered,,Re-order Email
BB009864,C0555,PET0696,2025-04-27,P09,5.0,12.5,62.5,Delivered,,Web
BB009865,C0555,PET0696,2025-05-08,P09,7.0,12.5,87.5,Delivered,,Web
BB009866,C0555,PET0696,2025-05-16,P09,5.0,12.5,62.5,Delivered,,Web
BB009867,C0555,PET0696,2025-05-23,P09,3.0,12.5,37.5,Delivered,,Pickup
BB009868,C0555,PET0696,2025-06-06,P07,4.0,13.5,54.0,Delivered,,Pickup
BB009869,C0555,PET0696,2025-06-15,P09,5.0,12.5,62.5,Delivered,,Web
BB009870,C0555,PET0696,2025-06-25,P03,5.0,13.5,67.5,Delivered,,Web
BB009871,C0555,PET0696,2025-07-05,P09,6.0,12.5,75.0,Delivered,5,Pickup
BB009872,C0555,PET0696,2025-07-18,P09,3.0,12.5,37.5,Delivered,4,Web
BB009873,C0555,PET0696,2025-07-28,P09,6.0,12.5,75.0,Delivered,,Web
BB009874,C0555,PET0696,2025-08-05,P09,7.0,12.5,87.5,Delivered,3,Web
BB009875,C0555,PET0696,2025-08-14,P09,6.0,12.5,75.0,Delivered,5,Web
BB009876,C0555,PET0696,2025-08-28,P02,5.0,13.0,65.0,Delivered,5,Re-order Email
BB009877,C0555,PET0696,2025-09-04,P09,4.0,12.5,50.0,Delivered,,Pickup
BB009878,C0555,PET0696,2025-09-12,P09,6.0,12.5,75.0,Delivered,5,Re-order Email
BB009879,C0555,PET0696,2025-09-20,P08,4.0,15.5,62.0,Delivered,,Web
BB009880,C0555,PET0696,2025-09-29,P09,3.0,12.5,37.5,Delivered,,Web
BB009881,C0555,PET0696,2025-10-10,P09,5.0,12.5,62.5,Delivered,3,Web
BB009882,C0555,PET0696,2025-10-17,P09,4.0,12.5,50.0,Delivered,,Web
BB009883,C0555,PET0696,2025-10-31,P09,4.0,12.5,50.0,Delivered,,Web
BB009884,C0555,PET0696,2025-11-14,P09,7.0,12.5,87.5,Delivered,,Web
BB009885,C0555,PET0696,2025-11-25,P03,5.0,13.5,67.5,Delivered,5,Web
BB009886,C0555,PET0696,2025-12-05,P12,3.0,12.5,37.5,Delivered,,Web
BB009887,C0555,PET0696,2025-12-13,P09,3.0,12.5,37.5,Delivered,4,Web
BB009888,C0555,PET0696,2025-12-26,P02,4.0,13.0,52.0,Delivered,,Web
BB009889,C0555,PET0696,2026-01-06,P09,4.0,12.5,50.0,Delivered,5,Web
BB009890,C0555,PET0696,2026-01-19,P01,4.0,14.5,58.0,Delivered,3,Web
BB009891,C0555,PET0696,2026-01-29,P09,4.0,12.5,50.0,Delivered,,Web
BB009892,C0555,PET0696,2026-02-12,P09,5.0,12.5,62.5,Delivered,,Web
BB009893,C0555,PET0696,2026-02-25,P09,4.0,12.5,50.0,Delivered,5,Web
BB009894,C0555,PET0696,2026-03-09,P09,4.0,12.5,50.0,Delivered,5,Web
BB009895,C0555,PET0696,2026-03-21,P09,5.0,12.5,62.5,Delivered,,Web
BB009896,C0555,PET0696,2026-04-04,P11,4.0,12.0,48.0,Delivered,,Web
BB009897,C0555,PET0696,2026-04-11,P09,6.0,12.5,75.0,Delivered,5,Web
BB009898,C0555,PET0696,2026-04-25,P09,2.0,12.5,25.0,Delivered,,Web
BB009899,C0555,PET0697,2025-02-09,P10,4.0,13.0,52.0,Delivered,,Web
BB009900,C0555,PET0697,2025-02-20,P10,6.0,13.0,78.0,Delivered,5,Web
BB009901,C0555,PET0697,2025-03-05,P10,4.0,13.0,52.0,Delivered,,Web
BB009902,C0555,PET0697,2025-03-17,P10,3.0,13.0,39.0,Delivered,,Web
BB009903,C0555,PET0697,2025-03-29,P02,4.0,13.0,52.0,Delivered,,Pickup
BB009904,C0555,PET0697,2025-04-07,P10,3.0,13.0,39.0,Delivered,5,Web
BB009905,C0555,PET0697,2025-04-15,P10,2.0,13.0,26.0,Delivered,,Web
BB009906,C0555,PET0697,2025-04-23,P10,4.0,13.0,52.0,Delivered,,Web
BB009907,C0555,PET0697,2025-05-07,P10,4.0,13.0,52.0,Delivered,5,Web
BB009908,C0555,PET0697,2025-05-16,P10,4.0,13.0,52.0,Delivered,,Web
BB009909,C0555,PET0697,2025-05-30,P10,7.0,13.0,91.0,Delivered,,Web
BB009910,C0555,PET0697,2025-06-10,P10,6.0,13.0,78.0,Delivered,,Web
BB009911,C0555,PET0697,2025-06-19,P10,5.0,13.0,65.0,Delivered,,Re-order Email
BB009912,C0555,PET0697,2025-07-02,P10,5.0,13.0,65.0,Delivered,,Re-order Email
BB009913,C0555,PET0697,2025-07-14,P10,6.0,13.0,78.0,Delivered,,Pickup
BB009914,C0555,PET0697,2025-07-26,P10,6.0,13.0,78.0,Delivered,5,Pickup
BB009915,C0555,PET0697,2025-08-07,P06,5.0,14.5,72.5,Delivered,,Web
BB009916,C0555,PET0697,2025-08-16,P10,2.0,13.0,26.0,Delivered,,Web
BB009917,C0555,PET0697,2025-08-30,P10,3.0,13.0,39.0,Delivered,,Web
BB009918,C0555,PET0697,2025-09-07,P10,5.0,13.0,65.0,Delivered,,Re-order Email
BB009919,C0555,PET0697,2025-09-14,P10,5.0,13.0,65.0,Delivered,,Web
BB009920,C0555,PET0697,2025-09-23,P10,6.0,13.0,78.0,Delivered,,Web
BB009921,C0555,PET0697,2025-10-02,P10,4.0,13.0,52.0,Delivered,,Re-order Email
BB009922,C0555,PET0697,2025-10-09,P06,5.0,14.5,72.5,Delivered,5,Pickup
BB009923,C0555,PET0697,2025-10-21,P10,6.0,13.0,78.0,Delivered,,Re-order Email
BB009924,C0555,PET0697,2025-11-01,P06,3.0,14.5,43.5,Delivered,,Web
BB009925,C0555,PET0697,2025-11-11,P10,5.0,13.0,65.0,Delivered,,Re-order Email
BB009926,C0555,PET0697,2025-11-25,P10,2.0,13.0,26.0,Delivered,,Web
BB009927,C0555,PET0697,2025-12-09,P10,4.0,13.0,52.0,Delivered,4,Web
BB009928,C0555,PET0697,2025-12-18,P10,6.0,13.0,78.0,Delivered,4,Pickup
BB009929,C0555,PET0697,2025-12-31,P07,3.0,13.5,40.5,Delivered,5,Web
BB009930,C0555,PET0697,2026-01-14,P10,4.0,13.0,52.0,Delivered,,Re-order Email
BB009931,C0555,PET0697,2026-01-24,P10,4.0,13.0,52.0,Delivered,,Web
BB009932,C0555,PET0697,2026-02-06,P10,3.0,13.0,39.0,Delivered,4,Web
BB009933,C0555,PET0697,2026-02-17,P10,6.0,13.0,78.0,Delivered,,Web
BB009934,C0555,PET0697,2026-02-27,P10,6.0,13.0,78.0,Delivered,5,Web
BB009935,C0555,PET0697,2026-03-13,P10,7.0,13.0,91.0,Delivered,4,Web
BB009936,C0555,PET0697,2026-03-25,P10,6.0,13.0,78.0,Delivered,4,Web
BB009937,C0555,PET0697,2026-04-02,P10,7.0,13.0,91.0,Delivered,,Web
BB009938,C0555,PET0697,2026-04-09,P07,5.0,13.5,67.5,Delivered,,Web
BB009939,C0555,PET0697,2026-04-18,P10,4.0,13.0,52.0,Delivered,,Pickup
BB009940,C0556,PET0698,2025-05-30,P09,3.0,12.5,37.5,Delivered,,Web
BB009941,C0556,PET0698,2025-06-06,P03,5.0,13.5,67.5,Delivered,4,Web
BB009942,C0556,PET0698,2025-06-17,P09,6.0,12.5,75.0,Delivered,,Pickup
BB009943,C0556,PET0698,2025-06-30,P10,5.0,13.0,65.0,Delivered,,Web
BB009944,C0556,PET0698,2025-07-07,P10,4.0,13.0,52.0,Delivered,,Web
BB009945,C0556,PET0698,2025-07-18,P10,4.0,13.0,52.0,Delivered,4,Web
BB009946,C0556,PET0698,2025-07-30,P06,5.0,14.5,72.5,Delivered,5,Web
BB009947,C0556,PET0698,2025-08-06,P10,2.0,13.0,26.0,Delivered,,Web
BB009948,C0556,PET0698,2025-08-19,P10,4.0,13.0,52.0,Delivered,,Re-order Email
BB009949,C0556,PET0698,2025-08-26,P10,6.0,13.0,78.0,Delivered,5,Web
BB009950,C0556,PET0698,2025-09-04,P12,3.0,12.5,37.5,Delivered,5,Web
BB009951,C0556,PET0698,2025-09-18,P10,4.0,13.0,52.0,Delivered,,Web
BB009952,C0556,PET0698,2025-09-30,P10,5.0,13.0,65.0,Delivered,5,Re-order Email
BB009953,C0556,PET0698,2025-10-10,P10,4.0,13.0,52.0,Delivered,,Web
BB009954,C0556,PET0698,2025-10-23,P10,6.0,13.0,78.0,Delivered,,Web
BB009955,C0556,PET0698,2025-11-04,P06,6.0,14.5,87.0,Delivered,,Web
BB009956,C0556,PET0698,2025-11-18,P10,5.0,13.0,65.0,Delivered,,Web
BB009957,C0556,PET0698,2025-12-01,P07,7.0,13.5,94.5,Delivered,,Re-order Email
BB009958,C0556,PET0698,2025-12-08,P10,2.0,13.0,26.0,Delivered,4,Web
BB009959,C0556,PET0698,2025-12-19,P10,3.0,13.0,39.0,Delivered,,Re-order Email
BB009960,C0556,PET0698,2026-01-01,P10,3.0,13.0,39.0,Delivered,,Web
BB009961,C0556,PET0698,2026-01-15,P06,5.0,14.5,72.5,Delivered,5,Web
BB009962,C0556,PET0698,2026-01-22,P09,5.0,12.5,62.5,Delivered,,Web
BB009963,C0556,PET0698,2026-01-31,P10,4.0,13.0,52.0,Delivered,,Web
BB009964,C0556,PET0698,2026-02-10,P03,4.0,13.5,54.0,Delivered,4,Web
BB009965,C0556,PET0698,2026-02-19,P09,5.0,12.5,62.5,Delivered,5,Web
BB009966,C0556,PET0698,2026-03-05,P10,3.0,13.0,39.0,Delivered,,Pickup
BB009967,C0556,PET0698,2026-03-16,P10,2.0,13.0,26.0,Delivered,4,Web
BB009968,C0556,PET0698,2026-03-23,P10,6.0,13.0,78.0,Delivered,,Web
BB009969,C0556,PET0698,2026-04-04,P10,5.0,13.0,65.0,Delivered,,Web
BB009970,C0556,PET0698,2026-04-12,P10,6.0,13.0,78.0,Delivered,5,Re-order Email
BB009971,C0556,PET0698,2026-04-23,P10,7.0,13.0,91.0,Delivered,,Web
BB009972,C0557,PET0699,2026-04-14,P03,6.0,13.5,81.0,Delivered,5,Re-order Email
BB009973,C0557,PET0699,2026-04-23,P01,6.0,14.5,87.0,Delivered,,Pickup
BB009974,C0558,PET0700,2025-04-27,P03,4.0,13.5,54.0,Delivered,,Web
BB009975,C0558,PET0700,2025-05-05,P03,7.0,13.5,94.5,Delivered,,Web
BB009976,C0558,PET0700,2025-05-18,P03,5.0,13.5,67.5,Delivered,,Re-order Email
BB009977,C0558,PET0700,2025-05-27,P03,4.0,13.5,54.0,Delivered,5,Web
BB009978,C0558,PET0700,2025-06-09,P02,6.0,13.0,78.0,Delivered,,Re-order Email
BB009979,C0558,PET0700,2025-06-20,P08,4.0,15.5,62.0,Delivered,,Web
BB009980,C0558,PET0700,2025-07-02,P05,6.0,15.0,90.0,Delivered,5,Web
BB009981,C0558,PET0700,2025-07-09,P02,5.0,13.0,65.0,Delivered,4,Web
BB009982,C0558,PET0700,2025-07-19,P03,3.0,13.5,40.5,Delivered,,Web
BB009983,C0558,PET0700,2025-07-29,P03,4.0,13.5,54.0,Delivered,,Web
BB009984,C0558,PET0700,2025-08-09,P03,6.0,13.5,81.0,Delivered,,Web
BB009985,C0558,PET0700,2025-08-18,P03,4.0,13.5,54.0,Delivered,5,Web
BB009986,C0558,PET0700,2025-08-25,P03,6.0,13.5,81.0,Delivered,,Web
BB009987,C0558,PET0700,2025-09-03,P03,2.0,13.5,27.0,Delivered,5,Re-order Email
BB009988,C0558,PET0700,2025-09-16,P03,4.0,13.5,54.0,Delivered,,Web
BB009989,C0558,PET0700,2025-09-26,P03,6.0,13.5,81.0,Delivered,,Pickup
BB009990,C0558,PET0700,2025-10-03,P03,4.0,13.5,54.0,Delivered,,Web
BB009991,C0558,PET0700,2025-10-11,P03,4.0,13.5,54.0,Delivered,5,Web
BB009992,C0558,PET0700,2025-10-23,P08,3.0,15.5,46.5,Delivered,,Re-order Email
BB009993,C0558,PET0700,2025-11-02,P05,5.0,15.0,75.0,Delivered,4,Pickup
BB009994,C0558,PET0700,2025-11-11,P01,3.0,14.5,43.5,Delivered,,Web
BB009995,C0559,PET0702,2025-07-31,P10,5.0,13.0,65.0,Delivered,,Web
BB009996,C0559,PET0702,2025-08-10,P10,2.0,13.0,26.0,Delivered,,Web
BB009997,C0559,PET0702,2025-08-23,P10,4.0,13.0,52.0,Delivered,,Pickup
BB009998,C0559,PET0702,2025-09-03,P10,5.0,13.0,65.0,Delivered,,Pickup
BB009999,C0559,PET0702,2025-09-14,P10,4.0,13.0,52.0,Delivered,4,Web
BB010000,C0559,PET0702,2025-09-27,P10,5.0,13.0,65.0,Delivered,3,Pickup
BB010001,C0559,PET0702,2025-10-04,P10,6.0,13.0,78.0,Delivered,5,Web
BB010002,C0559,PET0702,2025-10-13,P03,6.0,13.5,81.0,Delivered,,Pickup
BB010003,C0559,PET0702,2025-10-23,P10,6.0,13.0,78.0,Delivered,,Re-order Email
BB010004,C0559,PET0702,2025-11-06,P10,4.0,13.0,52.0,Delivered,5,Web
BB010005,C0559,PET0702,2025-11-16,P10,4.0,13.0,52.0,Delivered,,Web
BB010006,C0559,PET0702,2025-11-29,P10,7.0,13.0,91.0,Delivered,5,Web
BB010007,C0559,PET0702,2025-12-12,P10,4.0,13.0,52.0,Delivered,,Web
BB010008,C0559,PET0702,2025-12-19,P10,7.0,13.0,91.0,Delivered,,Web
BB010009,C0559,PET0702,2025-12-29,P10,4.0,13.0,52.0,Delivered,,Web
BB010010,C0559,PET0702,2026-01-06,P10,5.0,13.0,65.0,Delivered,5,Re-order Email
BB010011,C0559,PET0702,2026-01-15,P08,4.0,15.5,62.0,Delivered,5,Pickup
BB010012,C0559,PET0702,2026-01-29,P09,5.0,12.5,62.5,Delivered,,Pickup
BB010013,C0559,PET0702,2026-02-05,P10,6.0,13.0,78.0,Delivered,5,Web
BB010014,C0559,PET0702,2026-02-17,P10,2.0,13.0,26.0,Delivered,,Web
BB010015,C0559,PET0702,2026-03-01,P10,5.0,13.0,65.0,Delivered,,Web
BB010016,C0559,PET0702,2026-03-13,P10,4.0,13.0,52.0,Delivered,,Re-order Email
BB010017,C0559,PET0702,2026-03-23,P10,7.0,13.0,91.0,Delivered,,Web
BB010018,C0559,PET0702,2026-03-30,P06,6.0,14.5,87.0,Delivered,,Web
BB010019,C0559,PET0702,2026-04-09,P09,4.0,12.5,50.0,Delivered,,Web
BB010020,C0559,PET0702,2026-04-18,P10,5.0,13.0,65.0,Delivered,,Pickup
BB010021,C0559,PET0702,2026-04-25,P09,3.0,12.5,37.5,Delivered,5,Web
BB010022,C0560,PET0703,2026-02-04,P07,4.0,13.5,54.0,Delivered,,Web
BB010023,C0560,PET0703,2026-02-13,P12,4.0,12.5,50.0,Delivered,,Web
BB010024,C0560,PET0703,2026-02-24,P12,4.0,12.5,50.0,Delivered,,Web
BB010025,C0560,PET0703,2026-03-06,P02,6.0,13.0,78.0,Delivered,,Pickup
BB010026,C0560,PET0703,2026-03-14,P12,3.0,12.5,37.5,Delivered,5,Web
BB010027,C0560,PET0703,2026-03-26,P12,6.0,12.5,75.0,Delivered,,Re-order Email
BB010028,C0560,PET0703,2026-04-06,P12,6.0,12.5,75.0,Delivered,5,Web
BB010029,C0561,PET0704,2026-02-18,P02,4.0,13.0,52.0,Delivered,,Web
BB010030,C0561,PET0704,2026-02-26,P02,6.0,13.0,78.0,Delivered,,Web
BB010031,C0561,PET0704,2026-03-05,P11,5.0,12.0,60.0,Delivered,5,Web
BB010032,C0561,PET0704,2026-03-18,P01,3.0,14.5,43.5,Delivered,4,Pickup
BB010033,C0561,PET0704,2026-03-26,P01,5.0,14.5,72.5,Delivered,,Pickup
BB010034,C0561,PET0704,2026-04-06,P02,5.0,13.0,65.0,Delivered,,Web
BB010035,C0561,PET0704,2026-04-18,P02,4.0,13.0,52.0,Delivered,,Web
BB010036,C0562,PET0705,2025-06-27,P08,5.0,15.5,77.5,Delivered,5,Pickup
BB010037,C0562,PET0705,2025-07-04,P08,5.0,15.5,77.5,Delivered,,Re-order Email
BB010038,C0562,PET0705,2025-07-17,P06,4.0,14.5,58.0,Delivered,,Web
BB010039,C0562,PET0705,2025-07-25,P08,3.0,15.5,46.5,Delivered,,Re-order Email
BB010040,C0562,PET0705,2025-08-02,P08,6.0,15.5,93.0,Delivered,,Web
BB010041,C0562,PET0705,2025-08-09,P08,3.0,15.5,46.5,Delivered,,Web
BB010042,C0562,PET0705,2025-08-16,P10,3.0,13.0,39.0,Delivered,,Re-order Email
BB010043,C0562,PET0705,2025-08-30,P08,5.0,15.5,77.5,Delivered,,Re-order Email
BB010044,C0562,PET0705,2025-09-12,P08,4.0,15.5,62.0,Delivered,4,Web
BB010045,C0562,PET0705,2025-09-25,P08,6.0,15.5,93.0,Delivered,5,Pickup
BB010046,C0562,PET0705,2025-10-08,P08,7.0,15.5,108.5,Delivered,4,Web
BB010047,C0562,PET0705,2025-10-15,P08,4.0,15.5,62.0,Delivered,,Re-order Email
BB010048,C0562,PET0705,2025-10-27,P12,6.0,12.5,75.0,Delivered,,Web
BB010049,C0562,PET0705,2025-11-10,P08,4.0,15.5,62.0,Delivered,,Web
BB010050,C0562,PET0705,2025-11-19,P08,4.0,15.5,62.0,Delivered,,Web
BB010051,C0562,PET0705,2025-12-01,P08,7.0,15.5,108.5,Delivered,5,Web
BB010052,C0562,PET0705,2025-12-09,P08,4.0,15.5,62.0,Delivered,,Web
BB010053,C0562,PET0705,2025-12-23,P08,6.0,15.5,93.0,Delivered,4,Web
BB010054,C0562,PET0705,2025-12-30,P08,3.0,15.5,46.5,Delivered,,Web
BB010055,C0562,PET0705,2026-01-08,P08,4.0,15.5,62.0,Delivered,,Web
BB010056,C0562,PET0705,2026-01-21,P08,7.0,15.5,108.5,Delivered,4,Pickup
BB010057,C0562,PET0705,2026-02-01,P08,6.0,15.5,93.0,Delivered,,Web
BB010058,C0562,PET0705,2026-02-14,P08,6.0,15.5,93.0,Delivered,,Web
BB010059,C0562,PET0705,2026-02-26,P08,7.0,15.5,108.5,Delivered,,Web
BB010060,C0562,PET0705,2026-03-10,P12,3.0,12.5,37.5,Delivered,,Web
BB010061,C0562,PET0705,2026-03-22,P01,3.0,14.5,43.5,Delivered,,Web
BB010062,C0562,PET0705,2026-04-02,P08,5.0,15.5,77.5,Delivered,5,Web
BB010063,C0562,PET0705,2026-04-09,P08,3.0,15.5,46.5,Delivered,5,Web
BB010064,C0562,PET0705,2026-04-19,P01,4.0,14.5,58.0,Delivered,,Web
BB010065,C0563,PET0706,2026-04-28,P03,4.0,13.5,54.0,Delivered,,Web
BB010066,C0564,PET0707,2025-08-21,P11,2.0,12.0,24.0,Delivered,5,Web
BB010067,C0564,PET0707,2025-08-29,P11,4.0,12.0,48.0,Delivered,5,Re-order Email
BB010068,C0564,PET0707,2025-09-10,P11,6.0,12.0,72.0,Delivered,,Web
BB010069,C0564,PET0707,2025-09-22,P12,4.0,12.5,50.0,Delivered,,Re-order Email
BB010070,C0564,PET0707,2025-10-01,P09,3.0,12.5,37.5,Delivered,,Re-order Email
BB010071,C0564,PET0707,2025-10-12,P07,3.0,13.5,40.5,Delivered,5,Pickup
BB010072,C0564,PET0707,2025-10-23,P11,7.0,12.0,84.0,Delivered,,Web
BB010073,C0564,PET0707,2025-11-03,P11,6.0,12.0,72.0,Delivered,4,Web
BB010074,C0564,PET0707,2025-11-12,P11,6.0,12.0,72.0,Delivered,5,Web
BB010075,C0564,PET0707,2025-11-23,P11,5.0,12.0,60.0,Delivered,,Web
BB010076,C0564,PET0707,2025-12-06,P11,4.0,12.0,48.0,Delivered,,Web
BB010077,C0564,PET0707,2025-12-18,P11,2.0,12.0,24.0,Delivered,5,Web
BB010078,C0564,PET0707,2025-12-28,P11,7.0,12.0,84.0,Delivered,5,Web
BB010079,C0564,PET0707,2026-01-05,P09,7.0,12.5,87.5,Delivered,,Web
BB010080,C0564,PET0707,2026-01-19,P08,6.0,15.5,93.0,Delivered,,Web
BB010081,C0564,PET0707,2026-01-31,P11,6.0,12.0,72.0,Delivered,5,Web
BB010082,C0564,PET0707,2026-02-14,P11,6.0,12.0,72.0,Delivered,,Pickup
BB010083,C0564,PET0707,2026-02-26,P11,5.0,12.0,60.0,Delivered,,Web
BB010084,C0564,PET0707,2026-03-05,P03,3.0,13.5,40.5,Delivered,,Web
BB010085,C0564,PET0707,2026-03-16,P11,7.0,12.0,84.0,Delivered,5,Pickup
BB010086,C0564,PET0707,2026-03-23,P11,5.0,12.0,60.0,Delivered,4,Web
BB010087,C0564,PET0707,2026-03-31,P11,5.0,12.0,60.0,Delivered,,Web
BB010088,C0564,PET0707,2026-04-11,P01,7.0,14.5,101.5,Delivered,5,Web
BB010089,C0564,PET0707,2026-04-25,P11,5.0,12.0,60.0,Delivered,,Web
BB010090,C0564,PET0708,2025-08-20,P11,3.0,12.0,36.0,Delivered,,Re-order Email
BB010091,C0564,PET0708,2025-09-02,P11,5.0,12.0,60.0,Delivered,,Web
BB010092,C0564,PET0708,2025-09-15,P03,6.0,13.5,81.0,Delivered,5,Pickup
BB010093,C0564,PET0708,2025-09-28,P11,6.0,12.0,72.0,Delivered,,Pickup
BB010094,C0564,PET0708,2025-10-07,P11,4.0,12.0,48.0,Delivered,,Web
BB010095,C0564,PET0708,2025-10-21,P06,6.0,14.5,87.0,Delivered,,Re-order Email
BB010096,C0564,PET0708,2025-11-04,P03,7.0,13.5,94.5,Delivered,5,Web
BB010097,C0564,PET0708,2025-11-17,P11,7.0,12.0,84.0,Delivered,5,Web
BB010098,C0564,PET0708,2025-11-28,P10,2.0,13.0,26.0,Delivered,,Web
BB010099,C0564,PET0708,2025-12-07,P11,4.0,12.0,48.0,Delivered,,Web
BB010100,C0564,PET0708,2025-12-21,P09,3.0,12.5,37.5,Delivered,5,Web
BB010101,C0564,PET0708,2026-01-04,P11,3.0,12.0,36.0,Delivered,,Web
BB010102,C0564,PET0708,2026-01-17,P07,5.0,13.5,67.5,Delivered,,Re-order Email
BB010103,C0564,PET0708,2026-01-29,P09,6.0,12.5,75.0,Delivered,,Web
BB010104,C0564,PET0708,2026-02-12,P03,4.0,13.5,54.0,Delivered,3,Re-order Email
BB010105,C0564,PET0708,2026-02-25,P02,3.0,13.0,39.0,Delivered,5,Web
BB010106,C0564,PET0708,2026-03-05,P11,5.0,12.0,60.0,Delivered,,Re-order Email
BB010107,C0564,PET0708,2026-03-15,P11,6.0,12.0,72.0,Delivered,4,Web
BB010108,C0564,PET0708,2026-03-25,P11,7.0,12.0,84.0,Delivered,,Web
BB010109,C0564,PET0708,2026-04-06,P11,4.0,12.0,48.0,Delivered,5,Web
BB010110,C0564,PET0708,2026-04-14,P07,5.0,13.5,67.5,Delivered,,Web
BB010111,C0564,PET0708,2026-04-24,P11,4.0,12.0,48.0,Delivered,,Web
BB010112,C0564,PET0709,2025-08-17,P11,7.0,12.0,84.0,Delivered,,Web
BB010113,C0564,PET0709,2025-08-26,P11,4.0,12.0,48.0,Delivered,,Web
BB010114,C0564,PET0709,2025-09-09,P09,3.0,12.5,37.5,Delivered,4,Pickup
BB010115,C0564,PET0709,2025-09-22,P11,4.0,12.0,48.0,Delivered,,Web
BB010116,C0564,PET0709,2025-10-03,P03,6.0,13.5,81.0,Delivered,,Web
BB010117,C0564,PET0709,2025-10-16,P11,4.0,12.0,48.0,Delivered,,Web
BB010118,C0564,PET0709,2025-10-29,P11,5.0,12.0,60.0,Delivered,4,Web
BB010119,C0564,PET0709,2025-11-12,P07,5.0,13.5,67.5,Delivered,,Web
BB010120,C0564,PET0709,2025-11-19,P11,6.0,12.0,72.0,Delivered,5,Web
BB010121,C0564,PET0709,2025-12-02,P02,4.0,13.0,52.0,Delivered,,Web
BB010122,C0564,PET0709,2025-12-11,P08,5.0,15.5,77.5,Delivered,,Web
BB010123,C0564,PET0709,2025-12-22,P11,3.0,12.0,36.0,Delivered,,Web
BB010124,C0564,PET0709,2025-12-29,P11,5.0,12.0,60.0,Delivered,,Web
BB010125,C0564,PET0709,2026-01-07,P11,6.0,12.0,72.0,Delivered,5,Re-order Email
BB010126,C0564,PET0709,2026-01-16,P01,2.0,14.5,29.0,Delivered,5,Pickup
BB010127,C0564,PET0709,2026-01-27,P11,4.0,12.0,48.0,Delivered,5,Web
BB010128,C0564,PET0709,2026-02-05,P03,5.0,13.5,67.5,Delivered,5,Web
BB010129,C0564,PET0709,2026-02-12,P11,3.0,12.0,36.0,Delivered,,Re-order Email
BB010130,C0564,PET0709,2026-02-23,P11,6.0,12.0,72.0,Delivered,4,Web
BB010131,C0564,PET0709,2026-03-05,P10,6.0,13.0,78.0,Delivered,,Web
BB010132,C0564,PET0709,2026-03-14,P11,6.0,12.0,72.0,Delivered,,Web
BB010133,C0564,PET0709,2026-03-23,P11,3.0,12.0,36.0,Delivered,,Web
BB010134,C0564,PET0709,2026-04-01,P11,3.0,12.0,36.0,Delivered,5,Re-order Email
BB010135,C0564,PET0709,2026-04-08,P07,2.0,13.5,27.0,Delivered,,Web
BB010136,C0564,PET0709,2026-04-20,P08,7.0,15.5,108.5,Delivered,,Web
BB010137,C0565,PET0710,2026-05-03,P05,7.0,15.0,105.0,Scheduled,,Web
BB010138,C0566,PET0711,2026-04-26,P07,6.0,13.5,81.0,Delivered,5,Pickup
BB010139,C0567,PET0712,2024-11-13,P12,7.0,12.5,87.5,Delivered,,Web
BB010140,C0567,PET0712,2024-11-22,P07,5.0,13.5,67.5,Delivered,,Pickup
BB010141,C0567,PET0712,2024-11-30,P12,5.0,12.5,62.5,Delivered,,Web
BB010142,C0567,PET0712,2024-12-07,P12,6.0,12.5,75.0,Delivered,,Pickup
BB010143,C0567,PET0712,2024-12-20,P11,4.0,12.0,48.0,Delivered,,Web
BB010144,C0567,PET0712,2024-12-27,P08,7.0,15.5,108.5,Delivered,,Web
BB010145,C0567,PET0712,2025-01-10,P12,7.0,12.5,87.5,Delivered,5,Re-order Email
BB010146,C0567,PET0712,2025-01-20,P09,4.0,12.5,50.0,Delivered,5,Re-order Email
BB010147,C0567,PET0712,2025-01-27,P12,5.0,12.5,62.5,Delivered,,Web
BB010148,C0567,PET0712,2025-02-04,P12,4.0,12.5,50.0,Delivered,,Web
BB010149,C0567,PET0712,2025-02-14,P12,6.0,12.5,75.0,Delivered,4,Web
BB010150,C0567,PET0712,2025-02-24,P12,5.0,12.5,62.5,Delivered,,Web
BB010151,C0567,PET0712,2025-03-09,P12,2.0,12.5,25.0,Delivered,,Web
BB010152,C0567,PET0712,2025-03-19,P12,4.0,12.5,50.0,Delivered,,Web
BB010153,C0567,PET0712,2025-04-02,P03,4.0,13.5,54.0,Delivered,,Re-order Email
BB010154,C0567,PET0712,2025-04-13,P12,5.0,12.5,62.5,Delivered,,Web
BB010155,C0567,PET0712,2025-04-21,P12,3.0,12.5,37.5,Delivered,5,Re-order Email
BB010156,C0567,PET0712,2025-04-30,P12,3.0,12.5,37.5,Delivered,,Web
BB010157,C0567,PET0712,2025-05-08,P12,6.0,12.5,75.0,Delivered,,Web
BB010158,C0567,PET0712,2025-05-19,P12,6.0,12.5,75.0,Delivered,,Re-order Email
BB010159,C0567,PET0712,2025-05-27,P12,5.0,12.5,62.5,Delivered,,Web
BB010160,C0567,PET0712,2025-06-05,P12,7.0,12.5,87.5,Delivered,4,Web
BB010161,C0567,PET0712,2025-06-19,P12,2.0,12.5,25.0,Delivered,,Web
BB010162,C0567,PET0712,2025-06-27,P08,6.0,15.5,93.0,Delivered,,Pickup
BB010163,C0567,PET0712,2025-07-09,P10,6.0,13.0,78.0,Delivered,5,Web
BB010164,C0567,PET0712,2025-07-23,P03,5.0,13.5,67.5,Delivered,5,Pickup
BB010165,C0567,PET0712,2025-08-02,P11,6.0,12.0,72.0,Delivered,,Web
BB010166,C0567,PET0712,2025-08-11,P12,7.0,12.5,87.5,Delivered,5,Web
BB010167,C0567,PET0712,2025-08-25,P10,5.0,13.0,65.0,Delivered,,Web
BB010168,C0567,PET0712,2025-09-04,P12,6.0,12.5,75.0,Delivered,5,Web
BB010169,C0567,PET0712,2025-09-17,P01,4.0,14.5,58.0,Delivered,,Web
BB010170,C0567,PET0712,2025-09-26,P12,6.0,12.5,75.0,Delivered,,Web
BB010171,C0567,PET0712,2025-10-05,P12,3.0,12.5,37.5,Delivered,,Web
BB010172,C0567,PET0712,2025-10-17,P12,4.0,12.5,50.0,Delivered,,Pickup
BB010173,C0567,PET0712,2025-10-28,P12,3.0,12.5,37.5,Delivered,,Web
BB010174,C0567,PET0712,2025-11-11,P12,3.0,12.5,37.5,Delivered,,Pickup
BB010175,C0567,PET0712,2025-11-18,P12,2.0,12.5,25.0,Delivered,,Web
BB010176,C0567,PET0712,2025-11-29,P12,5.0,12.5,62.5,Delivered,,Web
BB010177,C0567,PET0712,2025-12-13,P12,5.0,12.5,62.5,Delivered,5,Web
BB010178,C0567,PET0712,2025-12-24,P06,4.0,14.5,58.0,Delivered,,Web
BB010179,C0567,PET0712,2026-01-05,P12,5.0,12.5,62.5,Delivered,,Web
BB010180,C0567,PET0712,2026-01-13,P03,2.0,13.5,27.0,Delivered,4,Web
BB010181,C0567,PET0712,2026-01-21,P12,3.0,12.5,37.5,Delivered,,Web
BB010182,C0567,PET0712,2026-01-31,P12,5.0,12.5,62.5,Delivered,,Re-order Email
BB010183,C0567,PET0712,2026-02-12,P12,6.0,12.5,75.0,Delivered,,Web
BB010184,C0567,PET0712,2026-02-26,P12,6.0,12.5,75.0,Delivered,,Web
BB010185,C0567,PET0712,2026-03-12,P12,7.0,12.5,87.5,Delivered,,Re-order Email
BB010186,C0567,PET0712,2026-03-24,P12,5.0,12.5,62.5,Delivered,,Web
BB010187,C0567,PET0712,2026-04-05,P12,4.0,12.5,50.0,Delivered,,Web
BB010188,C0567,PET0712,2026-04-13,P12,5.0,12.5,62.5,Delivered,,Web
BB010189,C0567,PET0712,2026-04-27,P01,6.0,14.5,87.0,Delivered,,Web
BB010190,C0567,PET0713,2024-11-13,P03,4.0,13.5,54.0,Delivered,5,Pickup
BB010191,C0567,PET0713,2024-11-21,P06,6.0,14.5,87.0,Delivered,,Web
BB010192,C0567,PET0713,2024-12-03,P06,5.0,14.5,72.5,Delivered,4,Re-order Email
BB010193,C0567,PET0713,2024-12-15,P06,6.0,14.5,87.0,Delivered,5,Re-order Email
BB010194,C0567,PET0713,2024-12-24,P06,4.0,14.5,58.0,Delivered,,Web
BB010195,C0567,PET0713,2025-01-06,P01,4.0,14.5,58.0,Delivered,,Re-order Email
BB010196,C0567,PET0713,2025-01-16,P06,7.0,14.5,101.5,Delivered,,Re-order Email
BB010197,C0567,PET0713,2025-01-27,P10,3.0,13.0,39.0,Delivered,,Web
BB010198,C0567,PET0713,2025-02-05,P06,4.0,14.5,58.0,Delivered,,Web
BB010199,C0567,PET0713,2025-02-17,P06,5.0,14.5,72.5,Delivered,5,Pickup
BB010200,C0567,PET0713,2025-02-26,P06,5.0,14.5,72.5,Delivered,,Pickup
BB010201,C0567,PET0713,2025-03-11,P06,5.0,14.5,72.5,Delivered,,Re-order Email
BB010202,C0567,PET0713,2025-03-21,P06,4.0,14.5,58.0,Delivered,,Web
BB010203,C0567,PET0713,2025-04-23,P06,7.0,14.5,101.5,Delivered,,Web
BB010204,C0567,PET0713,2025-04-30,P06,4.0,14.5,58.0,Delivered,,Web
BB010205,C0567,PET0713,2025-05-12,P06,4.0,14.5,58.0,Delivered,,Re-order Email
BB010206,C0567,PET0713,2025-05-19,P06,3.0,14.5,43.5,Delivered,,Web
BB010207,C0567,PET0713,2025-05-29,P06,6.0,14.5,87.0,Delivered,,Web
BB010208,C0567,PET0713,2025-06-09,P07,6.0,13.5,81.0,Delivered,5,Re-order Email
BB010209,C0567,PET0713,2025-06-19,P06,3.0,14.5,43.5,Delivered,,Re-order Email
BB010210,C0567,PET0713,2025-06-26,P06,4.0,14.5,58.0,Delivered,5,Re-order Email
BB010211,C0567,PET0713,2025-07-06,P03,5.0,13.5,67.5,Delivered,,Web
BB010212,C0567,PET0713,2025-07-13,P06,6.0,14.5,87.0,Delivered,,Pickup
BB010213,C0567,PET0713,2025-07-26,P06,5.0,14.5,72.5,Delivered,5,Pickup
BB010214,C0567,PET0713,2025-08-07,P06,5.0,14.5,72.5,Delivered,,Pickup
BB010215,C0567,PET0713,2025-08-15,P06,5.0,14.5,72.5,Delivered,5,Web
BB010216,C0567,PET0713,2025-08-25,P06,4.0,14.5,58.0,Delivered,,Pickup
BB010217,C0567,PET0713,2025-09-01,P06,4.0,14.5,58.0,Delivered,,Web
BB010218,C0567,PET0713,2025-09-14,P10,4.0,13.0,52.0,Delivered,,Web
BB010219,C0567,PET0713,2025-09-22,P06,3.0,14.5,43.5,Delivered,5,Web
BB010220,C0567,PET0713,2025-10-04,P06,3.0,14.5,43.5,Delivered,5,Re-order Email
BB010221,C0567,PET0713,2025-10-11,P06,6.0,14.5,87.0,Delivered,5,Re-order Email
BB010222,C0567,PET0713,2025-10-18,P06,5.0,14.5,72.5,Delivered,,Web
BB010223,C0567,PET0713,2025-10-30,P06,5.0,14.5,72.5,Delivered,5,Web
BB010224,C0567,PET0713,2025-11-07,P06,6.0,14.5,87.0,Delivered,,Re-order Email
BB010225,C0567,PET0713,2025-11-15,P06,7.0,14.5,101.5,Delivered,,Web
BB010226,C0567,PET0713,2025-11-24,P09,7.0,12.5,87.5,Delivered,,Web
BB010227,C0567,PET0713,2025-12-05,P06,3.0,14.5,43.5,Delivered,,Pickup
BB010228,C0567,PET0713,2025-12-12,P06,5.0,14.5,72.5,Delivered,,Web
BB010229,C0567,PET0713,2025-12-20,P02,7.0,13.0,91.0,Delivered,,Re-order Email
BB010230,C0567,PET0713,2026-01-01,P06,4.0,14.5,58.0,Delivered,,Web
BB010231,C0567,PET0713,2026-01-10,P06,5.0,14.5,72.5,Delivered,,Re-order Email
BB010232,C0567,PET0713,2026-01-17,P06,3.0,14.5,43.5,Delivered,5,Pickup
BB010233,C0567,PET0713,2026-01-25,P06,4.0,14.5,58.0,Delivered,4,Web
BB010234,C0567,PET0713,2026-02-04,P06,5.0,14.5,72.5,Delivered,5,Web
BB010235,C0567,PET0713,2026-02-15,P06,4.0,14.5,58.0,Delivered,,Pickup
BB010236,C0567,PET0713,2026-02-24,P10,3.0,13.0,39.0,Delivered,,Web
BB010237,C0567,PET0713,2026-03-03,P06,3.0,14.5,43.5,Delivered,4,Web
BB010238,C0567,PET0713,2026-03-15,P06,5.0,14.5,72.5,Delivered,,Web
BB010239,C0567,PET0713,2026-03-22,P06,6.0,14.5,87.0,Delivered,4,Web
BB010240,C0567,PET0713,2026-04-03,P06,7.0,14.5,101.5,Delivered,5,Web
BB010241,C0567,PET0713,2026-04-12,P06,4.0,14.5,58.0,Delivered,,Web
BB010242,C0567,PET0713,2026-04-23,P06,4.0,14.5,58.0,Delivered,,Re-order Email
BB010243,C0568,PET0714,2026-01-23,P09,5.0,12.5,62.5,Delivered,,Web
BB010244,C0568,PET0714,2026-02-02,P01,6.0,14.5,87.0,Delivered,,Re-order Email
BB010245,C0568,PET0714,2026-02-15,P01,3.0,14.5,43.5,Delivered,3,Web
BB010246,C0568,PET0714,2026-03-01,P01,6.0,14.5,87.0,Delivered,4,Web
BB010247,C0568,PET0714,2026-03-15,P07,3.0,13.5,40.5,Delivered,5,Web
BB010248,C0568,PET0714,2026-03-23,P10,5.0,13.0,65.0,Delivered,,Re-order Email
BB010249,C0568,PET0714,2026-04-06,P01,4.0,14.5,58.0,Delivered,5,Web
BB010250,C0568,PET0714,2026-04-14,P09,3.0,12.5,37.5,Delivered,,Web
BB010251,C0568,PET0714,2026-04-27,P01,5.0,14.5,72.5,Delivered,,Web
BB010252,C0569,PET0715,2026-01-26,P09,5.0,12.5,62.5,Delivered,,Web
BB010253,C0569,PET0715,2026-02-08,P09,4.0,12.5,50.0,Delivered,,Web
BB010254,C0569,PET0715,2026-02-20,P02,4.0,13.0,52.0,Delivered,,Web
BB010255,C0569,PET0715,2026-03-04,P09,5.0,12.5,62.5,Delivered,,Web
BB010256,C0569,PET0715,2026-03-14,P03,4.0,13.5,54.0,Delivered,3,Re-order Email
BB010257,C0569,PET0715,2026-03-27,P09,5.0,12.5,62.5,Delivered,5,Web
BB010258,C0571,PET0717,2026-04-07,P02,5.0,13.0,65.0,Delivered,,Web
BB010259,C0571,PET0717,2026-04-18,P07,4.0,13.5,54.0,Delivered,,Re-order Email
BB010260,C0571,PET0717,2026-04-26,P07,6.0,13.5,81.0,Delivered,,Web
BB010261,C0572,PET0718,2026-01-17,P07,5.0,13.5,67.5,Delivered,,Web
BB010262,C0572,PET0718,2026-01-24,P06,4.0,14.5,58.0,Delivered,,Web
BB010263,C0572,PET0718,2026-02-04,P06,4.0,14.5,58.0,Delivered,,Re-order Email
BB010264,C0572,PET0718,2026-02-14,P06,5.0,14.5,72.5,Delivered,,Web
BB010265,C0572,PET0718,2026-02-27,P06,5.0,14.5,72.5,Delivered,,Web
BB010266,C0572,PET0718,2026-03-09,P06,4.0,14.5,58.0,Delivered,,Web
BB010267,C0572,PET0718,2026-03-21,P06,5.0,14.5,72.5,Delivered,,Web
BB010268,C0572,PET0718,2026-04-03,P06,6.0,14.5,87.0,Delivered,,Web
BB010269,C0572,PET0718,2026-04-17,P03,3.0,13.5,40.5,Delivered,3,Pickup
BB010270,C0572,PET0718,2026-04-27,P03,5.0,13.5,67.5,Delivered,5,Web
BB010271,C0572,PET0719,2026-01-17,P06,3.0,14.5,43.5,Delivered,,Pickup
BB010272,C0572,PET0719,2026-01-29,P10,7.0,13.0,91.0,Delivered,,Web
BB010273,C0572,PET0719,2026-02-09,P11,7.0,12.0,84.0,Delivered,5,Re-order Email
BB010274,C0572,PET0719,2026-02-19,P10,4.0,13.0,52.0,Delivered,,Re-order Email
BB010275,C0572,PET0719,2026-02-28,P10,5.0,13.0,65.0,Delivered,5,Web
BB010276,C0572,PET0719,2026-03-13,P10,5.0,13.0,65.0,Delivered,,Web
BB010277,C0572,PET0719,2026-03-21,P10,3.0,13.0,39.0,Delivered,5,Web
BB010278,C0572,PET0719,2026-03-28,P12,6.0,12.5,75.0,Delivered,,Web
BB010279,C0572,PET0719,2026-04-04,P10,5.0,13.0,65.0,Delivered,,Pickup
BB010280,C0572,PET0719,2026-04-14,P10,3.0,13.0,39.0,Delivered,4,Re-order Email
BB010281,C0572,PET0719,2026-04-22,P10,3.0,13.0,39.0,Delivered,,Web
BB010282,C0572,PET0720,2026-01-17,P12,3.0,12.5,37.5,Delivered,,Web
BB010283,C0572,PET0720,2026-01-30,P12,5.0,12.5,62.5,Delivered,5,Web
BB010284,C0572,PET0720,2026-02-07,P06,2.0,14.5,29.0,Delivered,,Web
BB010285,C0572,PET0720,2026-02-17,P12,3.0,12.5,37.5,Delivered,,Web
BB010286,C0572,PET0720,2026-02-24,P12,5.0,12.5,62.5,Delivered,,Web
BB010287,C0572,PET0720,2026-03-10,P12,5.0,12.5,62.5,Delivered,,Pickup
BB010288,C0572,PET0720,2026-03-17,P12,5.0,12.5,62.5,Delivered,5,Web
BB010289,C0572,PET0720,2026-03-26,P12,5.0,12.5,62.5,Delivered,4,Web
BB010290,C0572,PET0720,2026-04-05,P12,6.0,12.5,75.0,Delivered,,Web
BB010291,C0572,PET0720,2026-04-14,P12,5.0,12.5,62.5,Delivered,5,Web
BB010292,C0572,PET0720,2026-04-21,P01,5.0,14.5,72.5,Delivered,,Web
BB010293,C0573,PET0721,2026-04-27,P10,5.0,13.0,65.0,Delivered,,Web
BB010294,C0574,PET0722,2026-03-18,P12,6.0,12.5,75.0,Delivered,,Web
BB010295,C0574,PET0722,2026-03-30,P03,5.0,13.5,67.5,Delivered,4,Re-order Email
BB010296,C0574,PET0722,2026-04-11,P12,7.0,12.5,87.5,Delivered,,Web
BB010297,C0574,PET0722,2026-04-20,P12,3.0,12.5,37.5,Delivered,,Web
BB010298,C0574,PET0722,2026-04-28,P09,5.0,12.5,62.5,Delivered,5,Web
BB010299,C0575,PET0723,2026-03-01,P02,4.0,13.0,52.0,Delivered,,Web
BB010300,C0575,PET0723,2026-03-09,P02,2.0,13.0,26.0,Delivered,,Web
BB010301,C0575,PET0723,2026-03-23,P04,5.0,14.0,70.0,Delivered,,Re-order Email
BB010302,C0575,PET0723,2026-04-06,P02,5.0,13.0,65.0,Delivered,,Web
BB010303,C0575,PET0723,2026-04-18,P02,4.0,13.0,52.0,Delivered,,Web
BB010304,C0575,PET0723,2026-04-25,P02,4.0,13.0,52.0,Delivered,,Pickup
BB010305,C0576,PET0724,2026-04-25,P12,4.0,12.5,50.0,Delivered,5,Web
BB010306,C0577,PET0725,2025-07-08,P02,4.0,13.0,52.0,Delivered,5,Re-order Email
BB010307,C0577,PET0725,2025-07-19,P02,4.0,13.0,52.0,Delivered,,Web
BB010308,C0577,PET0725,2025-07-28,P07,7.0,13.5,94.5,Delivered,,Web
BB010309,C0577,PET0725,2025-08-11,P02,6.0,13.0,78.0,Delivered,,Web
BB010310,C0577,PET0725,2025-08-18,P02,5.0,13.0,65.0,Delivered,5,Web
BB010311,C0577,PET0725,2025-08-29,P02,5.0,13.0,65.0,Delivered,,Web
BB010312,C0577,PET0725,2025-09-07,P02,4.0,13.0,52.0,Delivered,,Web
BB010313,C0577,PET0725,2025-09-16,P02,5.0,13.0,65.0,Delivered,,Web
BB010314,C0577,PET0725,2025-09-25,P01,5.0,14.5,72.5,Delivered,5,Re-order Email
BB010315,C0577,PET0725,2025-10-06,P02,6.0,13.0,78.0,Delivered,,Web
BB010316,C0577,PET0725,2025-10-15,P02,4.0,13.0,52.0,Delivered,,Pickup
BB010317,C0577,PET0725,2025-10-23,P02,5.0,13.0,65.0,Delivered,4,Web
BB010318,C0577,PET0725,2025-11-02,P02,3.0,13.0,39.0,Delivered,5,Web
BB010319,C0577,PET0725,2025-11-16,P06,3.0,14.5,43.5,Delivered,,Web
BB010320,C0577,PET0725,2025-11-29,P02,4.0,13.0,52.0,Delivered,4,Web
BB010321,C0577,PET0725,2025-12-07,P02,6.0,13.0,78.0,Delivered,5,Re-order Email
BB010322,C0577,PET0725,2025-12-16,P02,3.0,13.0,39.0,Delivered,,Web
BB010323,C0577,PET0725,2025-12-23,P02,4.0,13.0,52.0,Delivered,,Web
BB010324,C0577,PET0725,2026-01-04,P02,6.0,13.0,78.0,Delivered,,Re-order Email
BB010325,C0577,PET0725,2026-01-17,P12,6.0,12.5,75.0,Delivered,,Web
BB010326,C0577,PET0725,2026-01-26,P02,4.0,13.0,52.0,Delivered,,Web
BB010327,C0577,PET0725,2026-02-06,P12,3.0,12.5,37.5,Delivered,,Re-order Email
BB010328,C0577,PET0725,2026-02-16,P02,4.0,13.0,52.0,Delivered,,Pickup
BB010329,C0577,PET0725,2026-02-28,P02,5.0,13.0,65.0,Delivered,,Web
BB010330,C0577,PET0725,2026-03-09,P02,5.0,13.0,65.0,Delivered,,Web
BB010331,C0577,PET0725,2026-03-20,P02,4.0,13.0,52.0,Delivered,,Web
BB010332,C0577,PET0725,2026-03-31,P02,4.0,13.0,52.0,Delivered,,Web
BB010333,C0577,PET0725,2026-04-10,P02,5.0,13.0,65.0,Delivered,5,Pickup
BB010334,C0577,PET0725,2026-04-18,P02,2.0,13.0,26.0,Delivered,,Pickup
BB010335,C0578,PET0726,2025-11-09,P09,5.0,12.5,62.5,Delivered,5,Web
BB010336,C0578,PET0726,2025-11-20,P09,6.0,12.5,75.0,Delivered,5,Web
BB010337,C0578,PET0726,2025-12-02,P09,5.0,12.5,62.5,Delivered,5,Web
BB010338,C0578,PET0726,2025-12-09,P09,4.0,12.5,50.0,Delivered,5,Web
BB010339,C0578,PET0726,2025-12-23,P09,6.0,12.5,75.0,Delivered,5,Web
BB010340,C0578,PET0726,2025-12-31,P09,4.0,12.5,50.0,Delivered,,Web
BB010341,C0578,PET0726,2026-01-10,P09,4.0,12.5,50.0,Delivered,5,Web
BB010342,C0578,PET0726,2026-01-24,P09,4.0,12.5,50.0,Delivered,,Web
BB010343,C0578,PET0726,2026-01-31,P08,6.0,15.5,93.0,Delivered,4,Re-order Email
BB010344,C0578,PET0726,2026-02-10,P12,4.0,12.5,50.0,Delivered,,Web
BB010345,C0578,PET0726,2026-02-20,P09,6.0,12.5,75.0,Delivered,,Pickup
BB010346,C0578,PET0726,2026-03-03,P09,6.0,12.5,75.0,Delivered,,Pickup
BB010347,C0578,PET0726,2026-03-13,P09,4.0,12.5,50.0,Delivered,,Web
BB010348,C0578,PET0726,2026-03-24,P02,5.0,13.0,65.0,Delivered,,Web
BB010349,C0578,PET0726,2026-04-04,P09,6.0,12.5,75.0,Delivered,,Re-order Email
BB010350,C0578,PET0726,2026-04-13,P09,5.0,12.5,62.5,Delivered,,Pickup
BB010351,C0578,PET0726,2026-04-27,P08,6.0,15.5,93.0,Delivered,,Pickup
BB010352,C0579,PET0727,2026-05-03,P02,4.0,13.0,52.0,Scheduled,,Web
BB010353,C0579,PET0728,2026-04-29,P01,2.0,14.5,29.0,Delivered,4,Re-order Email
BB010354,C0580,PET0729,2026-03-29,P10,7.0,13.0,91.0,Delivered,5,Web
BB010355,C0580,PET0729,2026-04-05,P10,3.0,13.0,39.0,Delivered,,Re-order Email
BB010356,C0580,PET0729,2026-04-18,P02,3.0,13.0,39.0,Delivered,5,Web
BB010357,C0580,PET0729,2026-04-26,P02,3.0,13.0,39.0,Delivered,,Web
BB010358,C0580,PET0730,2026-03-28,P12,3.0,12.5,37.5,Delivered,,Re-order Email
BB010359,C0580,PET0730,2026-04-08,P09,5.0,12.5,62.5,Delivered,,Web
BB010360,C0580,PET0730,2026-04-18,P06,4.0,14.5,58.0,Delivered,,Web
BB010361,C0581,PET0731,2025-06-24,P11,3.0,12.0,36.0,Delivered,,Re-order Email
BB010362,C0581,PET0731,2025-07-08,P12,5.0,12.5,62.5,Delivered,,Re-order Email
BB010363,C0581,PET0731,2025-07-16,P11,3.0,12.0,36.0,Delivered,,Web
BB010364,C0581,PET0731,2025-07-23,P11,3.0,12.0,36.0,Delivered,,Pickup
BB010365,C0581,PET0731,2025-08-04,P11,5.0,12.0,60.0,Delivered,,Web
BB010366,C0581,PET0731,2025-08-13,P11,5.0,12.0,60.0,Delivered,,Pickup
BB010367,C0581,PET0731,2025-08-22,P11,5.0,12.0,60.0,Delivered,5,Web
BB010368,C0581,PET0731,2025-09-02,P11,3.0,12.0,36.0,Delivered,4,Pickup
BB010369,C0581,PET0731,2025-09-09,P11,4.0,12.0,48.0,Delivered,,Web
BB010370,C0581,PET0731,2025-09-17,P11,4.0,12.0,48.0,Delivered,5,Web
BB010371,C0581,PET0731,2025-09-28,P11,7.0,12.0,84.0,Delivered,5,Re-order Email
BB010372,C0581,PET0731,2025-10-11,P01,4.0,14.5,58.0,Delivered,,Pickup
BB010373,C0581,PET0731,2025-10-25,P11,5.0,12.0,60.0,Delivered,,Web
BB010374,C0581,PET0731,2025-11-03,P11,4.0,12.0,48.0,Delivered,,Web
BB010375,C0581,PET0731,2025-11-15,P07,3.0,13.5,40.5,Delivered,5,Web
BB010376,C0581,PET0731,2025-11-26,P01,6.0,14.5,87.0,Delivered,4,Web
BB010377,C0581,PET0731,2025-12-09,P12,6.0,12.5,75.0,Delivered,,Web
BB010378,C0581,PET0731,2025-12-19,P11,4.0,12.0,48.0,Delivered,,Web
BB010379,C0581,PET0731,2025-12-27,P11,6.0,12.0,72.0,Delivered,,Web
BB010380,C0581,PET0731,2026-01-07,P11,6.0,12.0,72.0,Delivered,,Web
BB010381,C0581,PET0731,2026-01-21,P11,6.0,12.0,72.0,Delivered,5,Web
BB010382,C0581,PET0731,2026-01-31,P11,5.0,12.0,60.0,Delivered,,Re-order Email
BB010383,C0581,PET0731,2026-02-10,P11,5.0,12.0,60.0,Delivered,,Web
BB010384,C0581,PET0731,2026-02-24,P11,5.0,12.0,60.0,Delivered,,Pickup
BB010385,C0581,PET0731,2026-03-03,P11,5.0,12.0,60.0,Delivered,,Web
BB010386,C0581,PET0731,2026-03-13,P09,3.0,12.5,37.5,Delivered,,Pickup
BB010387,C0581,PET0731,2026-03-20,P11,4.0,12.0,48.0,Delivered,,Pickup
BB010388,C0581,PET0731,2026-03-31,P11,5.0,12.0,60.0,Delivered,5,Web
BB010389,C0581,PET0731,2026-04-11,P11,4.0,12.0,48.0,Delivered,5,Web
BB010390,C0581,PET0731,2026-04-19,P07,4.0,13.5,54.0,Delivered,,Web
BB010391,C0581,PET0732,2025-06-23,P12,2.0,12.5,25.0,Delivered,,Pickup
BB010392,C0581,PET0732,2025-06-30,P12,3.0,12.5,37.5,Delivered,5,Web
BB010393,C0581,PET0732,2025-07-13,P12,5.0,12.5,62.5,Delivered,,Pickup
BB010394,C0581,PET0732,2025-07-21,P12,6.0,12.5,75.0,Delivered,,Web
BB010395,C0581,PET0732,2025-08-04,P03,6.0,13.5,81.0,Delivered,,Web
BB010396,C0581,PET0732,2025-08-12,P12,6.0,12.5,75.0,Delivered,,Web
BB010397,C0581,PET0732,2025-08-19,P12,4.0,12.5,50.0,Delivered,,Web
BB010398,C0581,PET0732,2025-08-29,P06,6.0,14.5,87.0,Delivered,,Re-order Email
BB010399,C0581,PET0732,2025-09-07,P12,7.0,12.5,87.5,Delivered,,Web
BB010400,C0581,PET0732,2025-09-20,P01,7.0,14.5,101.5,Delivered,,Web
BB010401,C0581,PET0732,2025-09-27,P07,5.0,13.5,67.5,Delivered,,Pickup
BB010402,C0581,PET0732,2025-10-04,P08,4.0,15.5,62.0,Delivered,,Web
BB010403,C0581,PET0732,2025-10-16,P01,3.0,14.5,43.5,Delivered,,Web
BB010404,C0581,PET0732,2025-10-24,P12,6.0,12.5,75.0,Delivered,5,Web
BB010405,C0581,PET0732,2025-11-03,P12,3.0,12.5,37.5,Delivered,,Web
BB010406,C0581,PET0732,2025-11-12,P02,3.0,13.0,39.0,Delivered,,Web
BB010407,C0581,PET0732,2025-11-22,P11,3.0,12.0,36.0,Delivered,,Web
BB010408,C0581,PET0732,2025-12-06,P12,3.0,12.5,37.5,Delivered,,Pickup
BB010409,C0581,PET0732,2025-12-17,P12,4.0,12.5,50.0,Delivered,,Web
BB010410,C0581,PET0732,2025-12-25,P12,5.0,12.5,62.5,Delivered,,Web
BB010411,C0581,PET0732,2026-01-01,P12,2.0,12.5,25.0,Delivered,5,Web
BB010412,C0581,PET0732,2026-01-09,P09,4.0,12.5,50.0,Delivered,,Web
BB010413,C0581,PET0732,2026-01-22,P02,5.0,13.0,65.0,Delivered,,Web
BB010414,C0581,PET0732,2026-01-29,P12,4.0,12.5,50.0,Delivered,,Re-order Email
BB010415,C0581,PET0732,2026-02-11,P12,5.0,12.5,62.5,Delivered,,Web
BB010416,C0581,PET0732,2026-02-24,P12,4.0,12.5,50.0,Delivered,,Web
BB010417,C0581,PET0732,2026-03-03,P12,4.0,12.5,50.0,Delivered,4,Pickup
BB010418,C0581,PET0732,2026-03-16,P12,4.0,12.5,50.0,Delivered,4,Web
BB010419,C0581,PET0732,2026-03-23,P09,7.0,12.5,87.5,Delivered,,Web
BB010420,C0581,PET0732,2026-04-04,P12,4.0,12.5,50.0,Delivered,,Web
BB010421,C0581,PET0732,2026-04-17,P12,5.0,12.5,62.5,Delivered,5,Web
BB010422,C0584,PET0735,2026-04-11,P08,6.0,15.5,93.0,Delivered,,Web
BB010423,C0584,PET0735,2026-04-23,P04,5.0,14.0,70.0,Delivered,4,Web
BB010424,C0586,PET0737,2025-07-17,P01,3.0,14.5,43.5,Delivered,5,Pickup
BB010425,C0586,PET0737,2025-07-26,P06,7.0,14.5,101.5,Delivered,,Re-order Email
BB010426,C0586,PET0737,2025-08-03,P01,6.0,14.5,87.0,Delivered,5,Web
BB010427,C0586,PET0737,2025-08-10,P03,4.0,13.5,54.0,Delivered,,Web
BB010428,C0586,PET0737,2025-08-24,P09,3.0,12.5,37.5,Delivered,,Web
BB010429,C0586,PET0737,2025-09-03,P01,4.0,14.5,58.0,Delivered,,Re-order Email
BB010430,C0586,PET0737,2025-09-10,P09,4.0,12.5,50.0,Delivered,3,Pickup
BB010431,C0586,PET0737,2025-09-21,P01,4.0,14.5,58.0,Delivered,5,Re-order Email
BB010432,C0586,PET0737,2025-09-28,P07,6.0,13.5,81.0,Delivered,,Web
BB010433,C0586,PET0737,2025-10-08,P03,2.0,13.5,27.0,Delivered,5,Web
BB010434,C0586,PET0737,2025-10-21,P01,6.0,14.5,87.0,Delivered,,Pickup
BB010435,C0586,PET0737,2025-10-28,P01,4.0,14.5,58.0,Delivered,4,Web
BB010436,C0586,PET0737,2025-11-11,P01,4.0,14.5,58.0,Delivered,5,Web
BB010437,C0586,PET0737,2025-11-23,P02,3.0,13.0,39.0,Delivered,,Web
BB010438,C0586,PET0737,2025-12-07,P07,4.0,13.5,54.0,Delivered,,Web
BB010439,C0586,PET0737,2025-12-21,P10,6.0,13.0,78.0,Delivered,,Web
BB010440,C0586,PET0737,2025-12-30,P01,4.0,14.5,58.0,Delivered,5,Web
BB010441,C0586,PET0737,2026-01-07,P01,5.0,14.5,72.5,Delivered,,Web
BB010442,C0586,PET0737,2026-01-17,P01,2.0,14.5,29.0,Delivered,5,Web
BB010443,C0586,PET0737,2026-01-29,P01,6.0,14.5,87.0,Delivered,,Pickup
BB010444,C0586,PET0737,2026-02-12,P01,4.0,14.5,58.0,Delivered,,Re-order Email
BB010445,C0586,PET0737,2026-02-22,P01,6.0,14.5,87.0,Delivered,,Re-order Email
BB010446,C0586,PET0737,2026-03-04,P01,4.0,14.5,58.0,Delivered,,Web
BB010447,C0586,PET0737,2026-03-15,P01,7.0,14.5,101.5,Delivered,,Web
BB010448,C0586,PET0737,2026-03-25,P01,4.0,14.5,58.0,Delivered,,Web
BB010449,C0586,PET0737,2026-04-06,P01,4.0,14.5,58.0,Delivered,,Web
BB010450,C0586,PET0737,2026-04-20,P01,6.0,14.5,87.0,Delivered,5,Re-order Email
BB010451,C0586,PET0738,2025-07-19,P07,3.0,13.5,40.5,Delivered,5,Web
BB010452,C0586,PET0738,2025-07-30,P12,4.0,12.5,50.0,Delivered,,Web
BB010453,C0586,PET0738,2025-08-12,P03,3.0,13.5,40.5,Delivered,,Re-order Email
BB010454,C0586,PET0738,2025-08-24,P08,5.0,15.5,77.5,Delivered,,Web
BB010455,C0586,PET0738,2025-08-31,P09,6.0,12.5,75.0,Delivered,,Web
BB010456,C0586,PET0738,2025-09-12,P09,4.0,12.5,50.0,Delivered,,Web
BB010457,C0586,PET0738,2025-09-26,P02,7.0,13.0,91.0,Delivered,,Web
BB010458,C0586,PET0738,2025-10-09,P08,5.0,15.5,77.5,Delivered,4,Web
BB010459,C0586,PET0738,2025-10-20,P09,2.0,12.5,25.0,Delivered,,Pickup
BB010460,C0586,PET0738,2025-10-27,P11,3.0,12.0,36.0,Delivered,5,Pickup
BB010461,C0586,PET0738,2025-11-05,P06,6.0,14.5,87.0,Delivered,,Web
BB010462,C0586,PET0738,2025-11-16,P09,4.0,12.5,50.0,Delivered,5,Re-order Email
BB010463,C0586,PET0738,2025-11-24,P09,6.0,12.5,75.0,Delivered,5,Web
BB010464,C0586,PET0738,2025-12-01,P09,6.0,12.5,75.0,Delivered,5,Pickup
BB010465,C0586,PET0738,2025-12-09,P09,6.0,12.5,75.0,Delivered,,Web
BB010466,C0586,PET0738,2025-12-16,P09,4.0,12.5,50.0,Delivered,,Web
BB010467,C0586,PET0738,2025-12-25,P09,6.0,12.5,75.0,Delivered,3,Web
BB010468,C0586,PET0738,2026-01-07,P09,7.0,12.5,87.5,Delivered,,Web
BB010469,C0586,PET0738,2026-01-18,P10,4.0,13.0,52.0,Delivered,,Web
BB010470,C0586,PET0738,2026-01-25,P09,6.0,12.5,75.0,Delivered,,Web
BB010471,C0586,PET0738,2026-02-07,P10,4.0,13.0,52.0,Delivered,5,Pickup
BB010472,C0586,PET0738,2026-02-14,P09,5.0,12.5,62.5,Delivered,3,Web
BB010473,C0586,PET0738,2026-02-24,P09,4.0,12.5,50.0,Delivered,,Web
BB010474,C0586,PET0738,2026-03-09,P09,6.0,12.5,75.0,Delivered,5,Web
BB010475,C0586,PET0738,2026-03-18,P10,2.0,13.0,26.0,Delivered,,Pickup
BB010476,C0586,PET0738,2026-03-29,P09,4.0,12.5,50.0,Delivered,,Re-order Email
BB010477,C0586,PET0738,2026-04-06,P09,4.0,12.5,50.0,Delivered,5,Web
BB010478,C0586,PET0738,2026-04-14,P09,5.0,12.5,62.5,Delivered,3,Pickup
BB010479,C0587,PET0739,2026-04-14,P07,3.0,13.5,40.5,Delivered,,Web
BB010480,C0587,PET0739,2026-04-25,P07,5.0,13.5,67.5,Delivered,4,Web
BB010481,C0588,PET0740,2025-06-08,P11,3.0,12.0,36.0,Delivered,,Web
BB010482,C0588,PET0740,2025-06-19,P11,4.0,12.0,48.0,Delivered,,Web
BB010483,C0588,PET0740,2025-06-30,P11,6.0,12.0,72.0,Delivered,5,Web
BB010484,C0588,PET0740,2025-07-08,P11,2.0,12.0,24.0,Delivered,4,Web
BB010485,C0588,PET0740,2025-07-15,P08,4.0,15.5,62.0,Delivered,,Re-order Email
BB010486,C0588,PET0740,2025-07-28,P11,5.0,12.0,60.0,Delivered,,Web
BB010487,C0588,PET0740,2025-08-05,P11,5.0,12.0,60.0,Delivered,,Re-order Email
BB010488,C0588,PET0740,2025-08-18,P02,4.0,13.0,52.0,Delivered,5,Web
BB010489,C0588,PET0740,2025-08-26,P08,5.0,15.5,77.5,Delivered,,Web
BB010490,C0588,PET0740,2025-09-02,P11,4.0,12.0,48.0,Delivered,,Re-order Email
BB010491,C0588,PET0740,2025-09-13,P11,3.0,12.0,36.0,Delivered,,Web
BB010492,C0588,PET0740,2025-09-23,P11,5.0,12.0,60.0,Delivered,,Web
BB010493,C0588,PET0740,2025-10-04,P11,3.0,12.0,36.0,Delivered,5,Pickup
BB010494,C0588,PET0740,2025-10-15,P11,6.0,12.0,72.0,Delivered,,Web
BB010495,C0588,PET0740,2025-10-23,P11,5.0,12.0,60.0,Delivered,,Web
BB010496,C0588,PET0740,2025-11-01,P11,4.0,12.0,48.0,Delivered,5,Web
BB010497,C0588,PET0740,2025-11-12,P11,7.0,12.0,84.0,Delivered,,Web
BB010498,C0588,PET0740,2025-11-19,P11,4.0,12.0,48.0,Delivered,,Pickup
BB010499,C0588,PET0740,2025-11-26,P11,4.0,12.0,48.0,Delivered,3,Web
BB010500,C0588,PET0740,2025-12-03,P11,4.0,12.0,48.0,Delivered,,Web
BB010501,C0588,PET0740,2025-12-16,P11,6.0,12.0,72.0,Delivered,5,Web
BB010502,C0588,PET0740,2025-12-24,P07,4.0,13.5,54.0,Delivered,3,Web
BB010503,C0588,PET0740,2026-01-03,P11,6.0,12.0,72.0,Delivered,,Re-order Email
BB010504,C0588,PET0740,2026-01-13,P11,5.0,12.0,60.0,Delivered,,Web
BB010505,C0588,PET0740,2026-01-23,P11,6.0,12.0,72.0,Delivered,,Pickup
BB010506,C0588,PET0740,2026-02-03,P11,5.0,12.0,60.0,Delivered,,Pickup
BB010507,C0588,PET0740,2026-02-14,P11,4.0,12.0,48.0,Delivered,,Pickup
BB010508,C0588,PET0740,2026-02-23,P11,6.0,12.0,72.0,Delivered,5,Web
BB010509,C0588,PET0740,2026-03-04,P11,2.0,12.0,24.0,Delivered,,Web
BB010510,C0588,PET0740,2026-03-13,P11,6.0,12.0,72.0,Delivered,5,Web
BB010511,C0588,PET0740,2026-03-21,P11,6.0,12.0,72.0,Delivered,,Pickup
BB010512,C0588,PET0740,2026-03-31,P03,5.0,13.5,67.5,Delivered,,Web
BB010513,C0589,PET0741,2026-04-09,P12,5.0,12.5,62.5,Delivered,4,Web
BB010514,C0589,PET0741,2026-04-16,P08,7.0,15.5,108.5,Delivered,5,Re-order Email
BB010515,C0590,PET0742,2026-01-08,P08,5.0,15.5,77.5,Delivered,4,Pickup
BB010516,C0590,PET0742,2026-01-18,P08,4.0,15.5,62.0,Delivered,,Web
BB010517,C0590,PET0742,2026-01-31,P08,6.0,15.5,93.0,Delivered,,Web
BB010518,C0590,PET0742,2026-02-09,P08,5.0,15.5,77.5,Delivered,,Web
BB010519,C0590,PET0742,2026-02-18,P02,3.0,13.0,39.0,Delivered,,Pickup
BB010520,C0590,PET0742,2026-03-03,P08,7.0,15.5,108.5,Delivered,,Web
BB010521,C0590,PET0742,2026-03-12,P08,2.0,15.5,31.0,Delivered,,Web
BB010522,C0590,PET0742,2026-03-25,P08,2.0,15.5,31.0,Delivered,4,Re-order Email
BB010523,C0590,PET0742,2026-04-05,P01,6.0,14.5,87.0,Delivered,,Web
BB010524,C0590,PET0742,2026-04-14,P10,4.0,13.0,52.0,Delivered,4,Web
BB010525,C0590,PET0742,2026-04-26,P08,6.0,15.5,93.0,Delivered,,Web
BB010526,C0591,PET0743,2026-01-15,P07,7.0,13.5,94.5,Delivered,4,Web
BB010527,C0591,PET0743,2026-01-28,P09,3.0,12.5,37.5,Delivered,,Web
BB010528,C0591,PET0743,2026-02-06,P12,4.0,12.5,50.0,Delivered,,Pickup
BB010529,C0591,PET0743,2026-02-20,P07,7.0,13.5,94.5,Delivered,,Web
BB010530,C0591,PET0743,2026-03-06,P07,5.0,13.5,67.5,Delivered,,Web
BB010531,C0591,PET0743,2026-03-17,P07,2.0,13.5,27.0,Delivered,4,Web
BB010532,C0591,PET0743,2026-03-28,P07,3.0,13.5,40.5,Delivered,,Web
BB010533,C0591,PET0743,2026-04-10,P07,6.0,13.5,81.0,Delivered,,Web
BB010534,C0591,PET0743,2026-04-24,P07,4.0,13.5,54.0,Delivered,,Web
BB010535,C0591,PET0744,2026-01-16,P04,5.0,14.0,70.0,Delivered,,Web
BB010536,C0591,PET0744,2026-01-25,P04,6.0,14.0,84.0,Delivered,4,Web
BB010537,C0591,PET0744,2026-02-01,P04,6.0,14.0,84.0,Delivered,,Web
BB010538,C0591,PET0744,2026-02-13,P12,5.0,12.5,62.5,Delivered,,Web
BB010539,C0591,PET0744,2026-02-23,P04,5.0,14.0,70.0,Delivered,5,Pickup
BB010540,C0591,PET0744,2026-03-09,P12,5.0,12.5,62.5,Delivered,5,Web
BB010541,C0591,PET0744,2026-03-19,P04,2.0,14.0,28.0,Delivered,,Pickup
BB010542,C0591,PET0744,2026-03-28,P04,4.0,14.0,56.0,Delivered,,Web
BB010543,C0591,PET0744,2026-04-07,P03,4.0,13.5,54.0,Delivered,4,Web
BB010544,C0591,PET0744,2026-04-16,P09,7.0,12.5,87.5,Delivered,3,Web
BB010545,C0591,PET0744,2026-04-29,P10,4.0,13.0,52.0,Delivered,,Pickup
BB010546,C0592,PET0745,2024-11-16,P02,3.0,13.0,39.0,Delivered,5,Web
BB010547,C0592,PET0745,2024-11-24,P11,5.0,12.0,60.0,Delivered,5,Web
BB010548,C0592,PET0745,2024-12-01,P11,4.0,12.0,48.0,Delivered,,Web
BB010549,C0592,PET0745,2024-12-14,P11,7.0,12.0,84.0,Delivered,4,Re-order Email
BB010550,C0592,PET0745,2024-12-25,P11,5.0,12.0,60.0,Delivered,,Web
BB010551,C0592,PET0745,2025-01-03,P11,6.0,12.0,72.0,Delivered,,Pickup
BB010552,C0592,PET0745,2025-01-11,P11,5.0,12.0,60.0,Delivered,,Re-order Email
BB010553,C0592,PET0745,2025-01-21,P07,5.0,13.5,67.5,Delivered,,Web
BB010554,C0592,PET0745,2025-02-02,P10,6.0,13.0,78.0,Delivered,,Re-order Email
BB010555,C0592,PET0745,2025-02-14,P09,5.0,12.5,62.5,Delivered,,Re-order Email
BB010556,C0592,PET0745,2025-02-24,P02,4.0,13.0,52.0,Delivered,,Web
BB010557,C0592,PET0745,2025-03-03,P10,5.0,13.0,65.0,Delivered,,Web
BB010558,C0592,PET0745,2025-03-11,P11,6.0,12.0,72.0,Delivered,5,Re-order Email
BB010559,C0592,PET0745,2025-03-21,P11,4.0,12.0,48.0,Delivered,,Pickup
BB010560,C0592,PET0745,2025-03-31,P11,7.0,12.0,84.0,Delivered,,Pickup
BB010561,C0592,PET0745,2025-04-10,P07,5.0,13.5,67.5,Delivered,,Web
BB010562,C0592,PET0745,2025-04-17,P03,7.0,13.5,94.5,Delivered,,Re-order Email
BB010563,C0592,PET0745,2025-04-24,P11,3.0,12.0,36.0,Delivered,5,Web
BB010564,C0592,PET0745,2025-05-02,P11,6.0,12.0,72.0,Delivered,,Re-order Email
BB010565,C0592,PET0745,2025-05-09,P03,5.0,13.5,67.5,Delivered,,Web
BB010566,C0592,PET0745,2025-05-16,P07,7.0,13.5,94.5,Delivered,5,Web
BB010567,C0592,PET0745,2025-05-27,P11,6.0,12.0,72.0,Delivered,3,Web
BB010568,C0592,PET0745,2025-06-03,P11,7.0,12.0,84.0,Delivered,,Pickup
BB010569,C0592,PET0745,2025-06-11,P11,6.0,12.0,72.0,Delivered,,Web
BB010570,C0592,PET0745,2025-06-18,P06,2.0,14.5,29.0,Delivered,,Web
BB010571,C0592,PET0745,2025-06-30,P11,3.0,12.0,36.0,Delivered,5,Web
BB010572,C0592,PET0745,2025-07-12,P11,5.0,12.0,60.0,Delivered,5,Web
BB010573,C0592,PET0745,2025-07-19,P11,5.0,12.0,60.0,Delivered,,Web
BB010574,C0592,PET0745,2025-07-30,P11,2.0,12.0,24.0,Delivered,,Re-order Email
BB010575,C0592,PET0745,2025-08-11,P11,6.0,12.0,72.0,Delivered,4,Pickup
BB010576,C0592,PET0745,2025-08-19,P11,2.0,12.0,24.0,Delivered,,Web
BB010577,C0592,PET0745,2025-08-31,P11,5.0,12.0,60.0,Delivered,5,Web
BB010578,C0592,PET0745,2025-09-10,P11,7.0,12.0,84.0,Delivered,,Web
BB010579,C0592,PET0745,2025-09-21,P11,6.0,12.0,72.0,Delivered,,Web
BB010580,C0592,PET0745,2025-09-28,P09,6.0,12.5,75.0,Delivered,,Re-order Email
BB010581,C0592,PET0745,2025-10-07,P11,4.0,12.0,48.0,Delivered,4,Re-order Email
BB010582,C0592,PET0745,2025-10-18,P07,7.0,13.5,94.5,Delivered,,Web
BB010583,C0592,PET0745,2025-10-29,P11,6.0,12.0,72.0,Delivered,5,Web
BB010584,C0592,PET0745,2025-11-06,P12,3.0,12.5,37.5,Delivered,,Re-order Email
BB010585,C0592,PET0745,2025-11-16,P01,2.0,14.5,29.0,Delivered,,Web
BB010586,C0592,PET0745,2025-11-26,P11,5.0,12.0,60.0,Delivered,,Web
BB010587,C0592,PET0745,2025-12-06,P11,5.0,12.0,60.0,Delivered,5,Re-order Email
BB010588,C0592,PET0745,2025-12-17,P11,3.0,12.0,36.0,Delivered,,Web
BB010589,C0592,PET0745,2025-12-26,P11,5.0,12.0,60.0,Delivered,,Pickup
BB010590,C0592,PET0745,2026-01-03,P02,4.0,13.0,52.0,Delivered,,Re-order Email
BB010591,C0592,PET0745,2026-01-12,P11,7.0,12.0,84.0,Delivered,5,Web
BB010592,C0592,PET0745,2026-01-22,P11,6.0,12.0,72.0,Delivered,4,Web
BB010593,C0592,PET0745,2026-02-02,P11,3.0,12.0,36.0,Delivered,,Pickup
BB010594,C0592,PET0745,2026-02-12,P11,3.0,12.0,36.0,Delivered,4,Web
BB010595,C0592,PET0745,2026-02-21,P11,5.0,12.0,60.0,Delivered,,Web
BB010596,C0592,PET0745,2026-03-03,P11,5.0,12.0,60.0,Delivered,5,Web
BB010597,C0592,PET0745,2026-03-10,P01,6.0,14.5,87.0,Delivered,4,Re-order Email
BB010598,C0592,PET0745,2026-03-18,P11,3.0,12.0,36.0,Delivered,,Web
BB010599,C0592,PET0745,2026-03-27,P11,5.0,12.0,60.0,Delivered,,Web
BB010600,C0592,PET0745,2026-04-03,P11,4.0,12.0,48.0,Delivered,,Web
BB010601,C0592,PET0745,2026-04-13,P11,3.0,12.0,36.0,Delivered,4,Re-order Email
BB010602,C0593,PET0746,2025-10-11,P02,6.0,13.0,78.0,Delivered,5,Web
BB010603,C0593,PET0746,2025-10-21,P02,5.0,13.0,65.0,Delivered,5,Web
BB010604,C0593,PET0746,2025-10-31,P11,4.0,12.0,48.0,Delivered,,Web
BB010605,C0593,PET0746,2025-11-07,P02,3.0,13.0,39.0,Delivered,,Pickup
BB010606,C0593,PET0746,2025-11-20,P02,3.0,13.0,39.0,Delivered,5,Web
BB010607,C0593,PET0746,2025-12-01,P02,4.0,13.0,52.0,Delivered,5,Web
BB010608,C0593,PET0746,2025-12-13,P02,6.0,13.0,78.0,Delivered,,Pickup
BB010609,C0593,PET0746,2025-12-23,P02,6.0,13.0,78.0,Delivered,,Web
BB010610,C0593,PET0746,2025-12-30,P02,3.0,13.0,39.0,Delivered,4,Re-order Email
BB010611,C0593,PET0746,2026-01-10,P09,4.0,12.5,50.0,Delivered,,Pickup
BB010612,C0593,PET0746,2026-01-17,P02,2.0,13.0,26.0,Delivered,5,Web
BB010613,C0593,PET0746,2026-01-27,P02,4.0,13.0,52.0,Delivered,4,Web
BB010614,C0593,PET0746,2026-03-05,P09,4.0,12.5,50.0,Delivered,,Re-order Email
BB010615,C0593,PET0746,2026-03-18,P02,7.0,13.0,91.0,Delivered,4,Web
BB010616,C0593,PET0746,2026-03-31,P02,3.0,13.0,39.0,Delivered,,Web
BB010617,C0593,PET0746,2026-04-12,P02,7.0,13.0,91.0,Delivered,5,Re-order Email
BB010618,C0593,PET0746,2026-04-22,P10,5.0,13.0,65.0,Delivered,3,Re-order Email
BB010619,C0594,PET0747,2025-06-08,P12,6.0,12.5,75.0,Delivered,,Web
BB010620,C0594,PET0747,2025-06-15,P12,4.0,12.5,50.0,Delivered,4,Web
BB010621,C0594,PET0747,2025-06-22,P07,4.0,13.5,54.0,Delivered,,Web
BB010622,C0594,PET0747,2025-07-02,P12,5.0,12.5,62.5,Delivered,5,Pickup
BB010623,C0594,PET0747,2025-07-13,P12,7.0,12.5,87.5,Delivered,,Web
BB010624,C0594,PET0747,2025-07-22,P12,6.0,12.5,75.0,Delivered,,Re-order Email
BB010625,C0594,PET0747,2025-08-02,P12,6.0,12.5,75.0,Delivered,,Pickup
BB010626,C0594,PET0747,2025-08-14,P12,4.0,12.5,50.0,Delivered,,Web
BB010627,C0594,PET0747,2025-08-21,P08,7.0,15.5,108.5,Delivered,5,Web
BB010628,C0594,PET0747,2025-09-30,P12,5.0,12.5,62.5,Delivered,5,Re-order Email
BB010629,C0594,PET0747,2025-10-10,P12,6.0,12.5,75.0,Delivered,,Web
BB010630,C0594,PET0747,2025-10-19,P12,3.0,12.5,37.5,Delivered,,Web
BB010631,C0594,PET0747,2025-10-26,P12,4.0,12.5,50.0,Delivered,,Web
BB010632,C0594,PET0747,2025-11-02,P12,3.0,12.5,37.5,Delivered,,Web
BB010633,C0594,PET0747,2025-11-13,P07,6.0,13.5,81.0,Delivered,,Re-order Email
BB010634,C0594,PET0747,2025-11-24,P12,5.0,12.5,62.5,Delivered,,Re-order Email
BB010635,C0594,PET0747,2025-12-05,P12,7.0,12.5,87.5,Delivered,5,Web
BB010636,C0594,PET0747,2025-12-14,P12,6.0,12.5,75.0,Delivered,,Web
BB010637,C0594,PET0747,2025-12-25,P12,3.0,12.5,37.5,Delivered,5,Pickup
BB010638,C0594,PET0747,2026-01-03,P02,6.0,13.0,78.0,Delivered,4,Re-order Email
BB010639,C0594,PET0747,2026-01-14,P12,7.0,12.5,87.5,Delivered,,Web
BB010640,C0594,PET0747,2026-01-24,P12,4.0,12.5,50.0,Delivered,5,Pickup
BB010641,C0594,PET0747,2026-02-04,P12,3.0,12.5,37.5,Delivered,4,Web
BB010642,C0594,PET0747,2026-02-13,P12,5.0,12.5,62.5,Delivered,,Web
BB010643,C0594,PET0747,2026-02-20,P11,4.0,12.0,48.0,Delivered,,Web
BB010644,C0594,PET0747,2026-03-02,P12,4.0,12.5,50.0,Delivered,,Web
BB010645,C0594,PET0747,2026-03-15,P12,4.0,12.5,50.0,Delivered,,Web
BB010646,C0594,PET0747,2026-03-23,P12,4.0,12.5,50.0,Delivered,,Re-order Email
BB010647,C0594,PET0747,2026-04-04,P12,6.0,12.5,75.0,Delivered,5,Web
BB010648,C0594,PET0747,2026-04-14,P12,4.0,12.5,50.0,Delivered,,Web
BB010649,C0594,PET0747,2026-04-22,P12,6.0,12.5,75.0,Delivered,5,Web
BB010650,C0595,PET0748,2026-01-14,P01,7.0,14.5,101.5,Delivered,4,Re-order Email
BB010651,C0595,PET0748,2026-01-25,P01,4.0,14.5,58.0,Delivered,4,Pickup
BB010652,C0595,PET0748,2026-02-02,P01,6.0,14.5,87.0,Delivered,5,Re-order Email
BB010653,C0595,PET0748,2026-02-13,P01,4.0,14.5,58.0,Delivered,,Web
BB010654,C0595,PET0748,2026-02-20,P01,6.0,14.5,87.0,Delivered,,Pickup
BB010655,C0595,PET0748,2026-02-27,P01,4.0,14.5,58.0,Delivered,,Web
BB010656,C0595,PET0748,2026-03-11,P01,4.0,14.5,58.0,Delivered,,Web
BB010657,C0595,PET0748,2026-03-20,P02,4.0,13.0,52.0,Delivered,,Web
BB010658,C0595,PET0748,2026-03-31,P01,4.0,14.5,58.0,Delivered,,Re-order Email
BB010659,C0595,PET0748,2026-04-12,P01,5.0,14.5,72.5,Delivered,,Web
BB010660,C0595,PET0748,2026-04-23,P01,4.0,14.5,58.0,Delivered,5,Web
BB010661,C0596,PET0749,2026-05-03,P12,5.0,12.5,62.5,Scheduled,,Pickup
BB010662,C0598,PET0751,2025-09-09,P07,6.0,13.5,81.0,Delivered,,Web
BB010663,C0598,PET0751,2025-09-17,P07,6.0,13.5,81.0,Delivered,,Re-order Email
BB010664,C0598,PET0751,2025-10-01,P07,5.0,13.5,67.5,Delivered,5,Pickup
BB010665,C0598,PET0751,2025-10-09,P07,6.0,13.5,81.0,Delivered,5,Web
BB010666,C0598,PET0751,2025-10-16,P07,5.0,13.5,67.5,Delivered,,Web
BB010667,C0598,PET0751,2025-10-25,P07,4.0,13.5,54.0,Delivered,,Pickup
BB010668,C0598,PET0751,2025-11-02,P07,4.0,13.5,54.0,Delivered,,Web
BB010669,C0598,PET0751,2025-11-14,P07,4.0,13.5,54.0,Delivered,,Web
BB010670,C0598,PET0751,2025-11-26,P07,3.0,13.5,40.5,Delivered,,Web
BB010671,C0598,PET0751,2025-12-04,P07,6.0,13.5,81.0,Delivered,,Web
BB010672,C0598,PET0751,2025-12-13,P07,4.0,13.5,54.0,Delivered,5,Pickup
BB010673,C0598,PET0751,2025-12-20,P07,6.0,13.5,81.0,Delivered,,Re-order Email
BB010674,C0598,PET0751,2026-01-01,P07,5.0,13.5,67.5,Delivered,5,Web
BB010675,C0598,PET0751,2026-01-10,P07,3.0,13.5,40.5,Delivered,4,Web
BB010676,C0598,PET0751,2026-01-23,P07,5.0,13.5,67.5,Delivered,,Web
BB010677,C0598,PET0751,2026-02-01,P07,6.0,13.5,81.0,Delivered,,Web
BB010678,C0598,PET0751,2026-02-15,P11,5.0,12.0,60.0,Delivered,5,Re-order Email
BB010679,C0598,PET0751,2026-02-25,P07,6.0,13.5,81.0,Delivered,5,Web
BB010680,C0598,PET0751,2026-03-11,P07,4.0,13.5,54.0,Delivered,5,Web
BB010681,C0598,PET0751,2026-03-24,P01,4.0,14.5,58.0,Delivered,,Web
BB010682,C0598,PET0751,2026-04-02,P07,6.0,13.5,81.0,Delivered,,Web
BB010683,C0598,PET0751,2026-04-14,P07,3.0,13.5,40.5,Delivered,,Web
BB010684,C0598,PET0751,2026-04-22,P07,4.0,13.5,54.0,Delivered,,Web
BB010685,C0599,PET0752,2026-04-27,P09,6.0,12.5,75.0,Delivered,,Web
BB010686,C0600,PET0753,2026-05-04,P12,3.0,12.5,37.5,Scheduled,,Web
BB010687,C0601,PET0754,2024-11-11,P08,6.0,15.5,93.0,Delivered,,Web
BB010688,C0601,PET0754,2024-11-25,P07,7.0,13.5,94.5,Delivered,,Pickup
BB010689,C0601,PET0754,2024-12-02,P07,4.0,13.5,54.0,Delivered,,Web
BB010690,C0601,PET0754,2024-12-11,P07,3.0,13.5,40.5,Delivered,,Re-order Email
BB010691,C0601,PET0754,2024-12-21,P07,4.0,13.5,54.0,Delivered,,Web
BB010692,C0601,PET0754,2024-12-29,P07,5.0,13.5,67.5,Delivered,4,Re-order Email
BB010693,C0601,PET0754,2025-01-07,P12,3.0,12.5,37.5,Delivered,5,Web
BB010694,C0601,PET0754,2025-01-17,P07,4.0,13.5,54.0,Delivered,5,Re-order Email
BB010695,C0601,PET0754,2025-01-24,P07,3.0,13.5,40.5,Delivered,5,Web
BB010696,C0601,PET0754,2025-02-06,P07,6.0,13.5,81.0,Delivered,,Web
BB010697,C0601,PET0754,2025-02-19,P10,5.0,13.0,65.0,Delivered,,Web
BB010698,C0601,PET0754,2025-03-04,P10,7.0,13.0,91.0,Delivered,,Web
BB010699,C0601,PET0754,2025-03-13,P12,4.0,12.5,50.0,Delivered,,Web
BB010700,C0601,PET0754,2025-03-24,P07,4.0,13.5,54.0,Delivered,,Web
BB010701,C0601,PET0754,2025-04-05,P07,6.0,13.5,81.0,Delivered,,Pickup
BB010702,C0601,PET0754,2025-04-17,P07,3.0,13.5,40.5,Delivered,,Re-order Email
BB010703,C0601,PET0754,2025-05-01,P08,7.0,15.5,108.5,Delivered,,Web
BB010704,C0601,PET0754,2025-05-13,P07,4.0,13.5,54.0,Delivered,4,Re-order Email
BB010705,C0601,PET0754,2025-05-22,P07,3.0,13.5,40.5,Delivered,,Web
BB010706,C0601,PET0754,2025-06-05,P07,3.0,13.5,40.5,Delivered,,Pickup
BB010707,C0601,PET0754,2025-06-14,P07,5.0,13.5,67.5,Delivered,4,Web
BB010708,C0601,PET0754,2025-06-21,P07,5.0,13.5,67.5,Delivered,,Web
BB010709,C0601,PET0754,2025-07-02,P07,7.0,13.5,94.5,Delivered,5,Pickup
BB010710,C0601,PET0754,2025-07-11,P07,4.0,13.5,54.0,Delivered,5,Web
BB010711,C0601,PET0754,2025-07-22,P07,6.0,13.5,81.0,Delivered,,Re-order Email
BB010712,C0601,PET0754,2025-08-01,P07,4.0,13.5,54.0,Delivered,,Pickup
BB010713,C0601,PET0754,2025-08-10,P07,6.0,13.5,81.0,Delivered,5,Web
BB010714,C0601,PET0754,2025-08-24,P07,6.0,13.5,81.0,Delivered,5,Pickup
BB010715,C0601,PET0754,2025-09-02,P03,4.0,13.5,54.0,Delivered,,Web
BB010716,C0601,PET0754,2025-09-16,P07,2.0,13.5,27.0,Delivered,,Web
BB010717,C0601,PET0754,2025-09-29,P07,7.0,13.5,94.5,Delivered,5,Web
BB010718,C0601,PET0754,2025-10-13,P07,4.0,13.5,54.0,Delivered,,Web
BB010719,C0601,PET0754,2025-10-25,P06,4.0,14.5,58.0,Delivered,,Web
BB010720,C0601,PET0754,2025-11-05,P07,3.0,13.5,40.5,Delivered,,Web
BB010721,C0601,PET0754,2025-11-18,P03,6.0,13.5,81.0,Delivered,,Web
BB010722,C0601,PET0754,2025-12-01,P02,4.0,13.0,52.0,Delivered,5,Re-order Email
BB010723,C0601,PET0754,2025-12-10,P07,7.0,13.5,94.5,Delivered,4,Web
BB010724,C0601,PET0754,2025-12-18,P12,5.0,12.5,62.5,Delivered,3,Pickup
BB010725,C0601,PET0754,2025-12-30,P07,4.0,13.5,54.0,Delivered,,Re-order Email
BB010726,C0601,PET0754,2026-01-11,P07,3.0,13.5,40.5,Delivered,,Web
BB010727,C0601,PET0754,2026-01-21,P07,3.0,13.5,40.5,Delivered,,Pickup
BB010728,C0601,PET0754,2026-02-03,P02,5.0,13.0,65.0,Delivered,,Web
BB010729,C0601,PET0754,2026-02-15,P09,3.0,12.5,37.5,Delivered,5,Web
BB010730,C0601,PET0754,2026-02-28,P07,3.0,13.5,40.5,Delivered,,Web
BB010731,C0601,PET0754,2026-03-09,P07,7.0,13.5,94.5,Delivered,,Web
BB010732,C0601,PET0754,2026-03-18,P07,3.0,13.5,40.5,Delivered,4,Re-order Email
BB010733,C0601,PET0754,2026-04-01,P07,4.0,13.5,54.0,Delivered,,Pickup
BB010734,C0601,PET0754,2026-04-15,P11,7.0,12.0,84.0,Delivered,5,Web
BB010735,C0601,PET0754,2026-04-26,P07,6.0,13.5,81.0,Delivered,5,Web
BB010736,C0602,PET0755,2026-03-03,P01,4.0,14.5,58.0,Delivered,4,Re-order Email
BB010737,C0602,PET0755,2026-03-10,P01,7.0,14.5,101.5,Delivered,,Re-order Email
BB010738,C0602,PET0755,2026-03-24,P01,4.0,14.5,58.0,Delivered,,Web
BB010739,C0602,PET0755,2026-04-04,P01,7.0,14.5,101.5,Delivered,,Web
BB010740,C0602,PET0755,2026-04-13,P01,6.0,14.5,87.0,Delivered,5,Web
BB010741,C0602,PET0755,2026-04-23,P09,6.0,12.5,75.0,Delivered,,Web
BB010742,C0603,PET0756,2025-10-23,P01,3.0,14.5,43.5,Delivered,,Web
BB010743,C0603,PET0756,2025-11-05,P03,4.0,13.5,54.0,Delivered,,Web
BB010744,C0603,PET0756,2025-11-13,P02,5.0,13.0,65.0,Delivered,5,Web
BB010745,C0603,PET0756,2025-11-22,P12,5.0,12.5,62.5,Delivered,,Web
BB010746,C0603,PET0756,2025-11-30,P02,5.0,13.0,65.0,Delivered,,Web
BB010747,C0603,PET0756,2025-12-07,P02,4.0,13.0,52.0,Delivered,,Pickup
BB010748,C0603,PET0756,2025-12-18,P09,3.0,12.5,37.5,Delivered,,Web
BB010749,C0603,PET0756,2025-12-28,P09,4.0,12.5,50.0,Delivered,,Web
BB010750,C0603,PET0756,2026-01-08,P02,5.0,13.0,65.0,Delivered,5,Web
BB010751,C0603,PET0756,2026-01-22,P02,5.0,13.0,65.0,Delivered,,Re-order Email
BB010752,C0603,PET0756,2026-01-30,P02,3.0,13.0,39.0,Delivered,,Web
BB010753,C0603,PET0756,2026-02-10,P08,2.0,15.5,31.0,Delivered,,Web
BB010754,C0603,PET0756,2026-02-17,P02,3.0,13.0,39.0,Delivered,,Web
BB010755,C0603,PET0756,2026-02-24,P02,4.0,13.0,52.0,Delivered,,Web
BB010756,C0603,PET0756,2026-03-08,P02,5.0,13.0,65.0,Delivered,,Web
BB010757,C0603,PET0756,2026-03-21,P02,6.0,13.0,78.0,Delivered,,Web
BB010758,C0603,PET0756,2026-04-04,P02,5.0,13.0,65.0,Delivered,,Web
BB010759,C0603,PET0756,2026-04-17,P12,7.0,12.5,87.5,Delivered,5,Web
BB010760,C0603,PET0756,2026-04-30,P02,4.0,13.0,52.0,Delivered,5,Web
BB010761,C0604,PET0757,2026-04-20,P10,4.0,13.0,52.0,Delivered,,Web
BB010762,C0604,PET0757,2026-04-30,P12,4.0,12.5,50.0,Delivered,5,Web
BB010763,C0605,PET0758,2026-03-14,P07,3.0,13.5,40.5,Delivered,,Web
BB010764,C0605,PET0758,2026-03-21,P12,4.0,12.5,50.0,Delivered,4,Pickup
BB010765,C0605,PET0758,2026-04-01,P12,7.0,12.5,87.5,Delivered,4,Web
BB010766,C0605,PET0758,2026-04-08,P07,4.0,13.5,54.0,Delivered,,Web
BB010767,C0605,PET0758,2026-04-16,P07,4.0,13.5,54.0,Delivered,,Web
BB010768,C0605,PET0758,2026-04-23,P08,5.0,15.5,77.5,Delivered,,Web
BB010769,C0606,PET0759,2024-11-12,P09,4.0,12.5,50.0,Delivered,,Web
BB010770,C0606,PET0759,2024-11-22,P09,7.0,12.5,87.5,Delivered,,Web
BB010771,C0606,PET0759,2024-12-03,P07,7.0,13.5,94.5,Delivered,5,Web
BB010772,C0606,PET0759,2024-12-10,P09,6.0,12.5,75.0,Delivered,,Web
BB010773,C0606,PET0759,2024-12-21,P09,5.0,12.5,62.5,Delivered,5,Web
BB010774,C0606,PET0759,2024-12-30,P02,4.0,13.0,52.0,Delivered,,Web
BB010775,C0606,PET0759,2025-01-07,P09,6.0,12.5,75.0,Delivered,,Pickup
BB010776,C0606,PET0759,2025-01-18,P03,7.0,13.5,94.5,Delivered,,Re-order Email
BB010777,C0606,PET0759,2025-01-30,P09,5.0,12.5,62.5,Delivered,5,Web
BB010778,C0606,PET0759,2025-02-12,P03,5.0,13.5,67.5,Delivered,5,Web
BB010779,C0606,PET0759,2025-02-23,P09,5.0,12.5,62.5,Delivered,,Web
BB010780,C0606,PET0759,2025-03-08,P09,5.0,12.5,62.5,Delivered,,Web
BB010781,C0606,PET0759,2025-03-22,P09,5.0,12.5,62.5,Delivered,4,Web
BB010782,C0606,PET0759,2025-04-05,P09,5.0,12.5,62.5,Delivered,5,Web
BB010783,C0606,PET0759,2025-04-17,P09,5.0,12.5,62.5,Delivered,,Web
BB010784,C0606,PET0759,2025-04-27,P09,5.0,12.5,62.5,Delivered,,Re-order Email
BB010785,C0606,PET0759,2025-05-08,P09,2.0,12.5,25.0,Delivered,5,Pickup
BB010786,C0606,PET0759,2025-05-16,P09,5.0,12.5,62.5,Delivered,,Web
BB010787,C0606,PET0759,2025-05-25,P09,6.0,12.5,75.0,Delivered,,Re-order Email
BB010788,C0606,PET0759,2025-06-07,P09,5.0,12.5,62.5,Delivered,4,Pickup
BB010789,C0606,PET0759,2025-06-19,P09,3.0,12.5,37.5,Delivered,,Web
BB010790,C0606,PET0759,2025-06-28,P09,3.0,12.5,37.5,Delivered,,Web
BB010791,C0606,PET0759,2025-07-12,P01,5.0,14.5,72.5,Delivered,4,Web
BB010792,C0606,PET0759,2025-07-26,P06,6.0,14.5,87.0,Delivered,,Web
BB010793,C0606,PET0759,2025-08-04,P09,5.0,12.5,62.5,Delivered,4,Web
BB010794,C0606,PET0759,2025-08-11,P09,5.0,12.5,62.5,Delivered,,Web
BB010795,C0606,PET0759,2025-08-24,P09,3.0,12.5,37.5,Delivered,5,Web
BB010796,C0606,PET0759,2025-09-01,P09,7.0,12.5,87.5,Delivered,,Pickup
BB010797,C0606,PET0759,2025-09-11,P09,2.0,12.5,25.0,Delivered,5,Web
BB010798,C0606,PET0759,2025-09-20,P09,7.0,12.5,87.5,Delivered,,Web
BB010799,C0606,PET0759,2025-10-03,P02,3.0,13.0,39.0,Delivered,,Pickup
BB010800,C0606,PET0759,2025-10-17,P01,6.0,14.5,87.0,Delivered,4,Web
BB010801,C0606,PET0759,2025-10-29,P09,6.0,12.5,75.0,Delivered,5,Web
BB010802,C0606,PET0759,2025-11-10,P09,6.0,12.5,75.0,Delivered,5,Re-order Email
BB010803,C0606,PET0759,2025-11-17,P09,3.0,12.5,37.5,Delivered,5,Web
BB010804,C0606,PET0759,2025-11-24,P06,4.0,14.5,58.0,Delivered,4,Web
BB010805,C0606,PET0759,2025-12-02,P09,6.0,12.5,75.0,Delivered,,Pickup
BB010806,C0606,PET0759,2025-12-10,P09,7.0,12.5,87.5,Delivered,,Web
BB010807,C0606,PET0759,2025-12-24,P01,6.0,14.5,87.0,Delivered,,Pickup
BB010808,C0606,PET0759,2026-01-04,P06,5.0,14.5,72.5,Delivered,,Pickup
BB010809,C0606,PET0759,2026-01-15,P09,3.0,12.5,37.5,Delivered,,Web
BB010810,C0606,PET0759,2026-01-24,P09,3.0,12.5,37.5,Delivered,5,Web
BB010811,C0606,PET0759,2026-02-01,P10,5.0,13.0,65.0,Delivered,,Web
BB010812,C0606,PET0759,2026-02-13,P09,6.0,12.5,75.0,Delivered,5,Web
BB010813,C0606,PET0759,2026-02-26,P09,6.0,12.5,75.0,Delivered,4,Pickup
BB010814,C0606,PET0759,2026-03-08,P09,4.0,12.5,50.0,Delivered,,Web
BB010815,C0606,PET0759,2026-03-18,P03,6.0,13.5,81.0,Delivered,,Web
BB010816,C0606,PET0759,2026-03-27,P09,5.0,12.5,62.5,Delivered,,Web
BB010817,C0606,PET0759,2026-04-06,P06,5.0,14.5,72.5,Delivered,,Web
BB010818,C0606,PET0759,2026-04-17,P09,4.0,12.5,50.0,Delivered,,Pickup
BB010819,C0606,PET0759,2026-04-24,P09,5.0,12.5,62.5,Delivered,4,Web
BB010820,C0607,PET0760,2025-11-11,P11,5.0,12.0,60.0,Delivered,5,Web
BB010821,C0607,PET0760,2025-11-23,P11,5.0,12.0,60.0,Delivered,,Re-order Email
BB010822,C0607,PET0760,2025-12-06,P11,4.0,12.0,48.0,Delivered,,Web
BB010823,C0607,PET0760,2025-12-19,P06,4.0,14.5,58.0,Delivered,,Web
BB010824,C0607,PET0760,2025-12-29,P11,5.0,12.0,60.0,Delivered,,Web
BB010825,C0607,PET0760,2026-01-10,P11,6.0,12.0,72.0,Delivered,,Pickup
BB010826,C0607,PET0760,2026-01-22,P02,4.0,13.0,52.0,Delivered,,Re-order Email
BB010827,C0607,PET0760,2026-02-01,P11,6.0,12.0,72.0,Delivered,4,Web
BB010828,C0607,PET0760,2026-02-14,P07,4.0,13.5,54.0,Delivered,4,Web
BB010829,C0607,PET0760,2026-02-28,P11,4.0,12.0,48.0,Delivered,,Web
BB010830,C0607,PET0760,2026-03-12,P11,4.0,12.0,48.0,Delivered,,Web
BB010831,C0607,PET0760,2026-03-19,P11,6.0,12.0,72.0,Delivered,3,Web
BB010832,C0607,PET0760,2026-04-02,P11,4.0,12.0,48.0,Delivered,,Web
BB010833,C0607,PET0760,2026-04-10,P10,5.0,13.0,65.0,Delivered,,Web
BB010834,C0607,PET0760,2026-04-18,P11,4.0,12.0,48.0,Delivered,,Pickup
BB010835,C0608,PET0762,2026-04-15,P09,5.0,12.5,62.5,Delivered,,Re-order Email
BB010836,C0608,PET0762,2026-04-25,P09,4.0,12.5,50.0,Delivered,,Web
BB010837,C0609,PET0763,2025-11-02,P01,6.0,14.5,87.0,Delivered,4,Web
BB010838,C0609,PET0763,2025-11-16,P08,4.0,15.5,62.0,Delivered,,Web
BB010839,C0609,PET0763,2025-11-24,P08,5.0,15.5,77.5,Delivered,5,Web
BB010840,C0609,PET0763,2025-12-06,P02,5.0,13.0,65.0,Delivered,,Web
BB010841,C0609,PET0763,2025-12-17,P08,2.0,15.5,31.0,Delivered,,Pickup
BB010842,C0609,PET0763,2025-12-31,P03,5.0,13.5,67.5,Delivered,,Web
BB010843,C0609,PET0763,2026-01-09,P03,3.0,13.5,40.5,Delivered,,Web
BB010844,C0609,PET0763,2026-01-20,P08,4.0,15.5,62.0,Delivered,,Re-order Email
BB010845,C0609,PET0763,2026-01-29,P08,5.0,15.5,77.5,Delivered,,Web
BB010846,C0609,PET0763,2026-02-08,P08,4.0,15.5,62.0,Delivered,4,Web
BB010847,C0609,PET0763,2026-02-16,P08,4.0,15.5,62.0,Delivered,,Pickup
BB010848,C0609,PET0763,2026-03-01,P08,4.0,15.5,62.0,Delivered,,Web
BB010849,C0609,PET0763,2026-03-09,P09,3.0,12.5,37.5,Delivered,,Web
BB010850,C0609,PET0763,2026-03-16,P08,7.0,15.5,108.5,Delivered,,Web
BB010851,C0609,PET0763,2026-03-28,P09,5.0,12.5,62.5,Delivered,,Web
BB010852,C0609,PET0763,2026-04-09,P08,5.0,15.5,77.5,Delivered,,Pickup
BB010853,C0609,PET0763,2026-04-16,P08,4.0,15.5,62.0,Delivered,5,Pickup
BB010854,C0610,PET0764,2024-11-13,P10,3.0,13.0,39.0,Delivered,5,Web
BB010855,C0610,PET0764,2024-11-21,P10,6.0,13.0,78.0,Delivered,3,Re-order Email
BB010856,C0610,PET0764,2024-12-01,P10,4.0,13.0,52.0,Delivered,,Web
BB010857,C0610,PET0764,2024-12-09,P10,4.0,13.0,52.0,Delivered,,Web
BB010858,C0610,PET0764,2024-12-21,P10,3.0,13.0,39.0,Delivered,5,Web
BB010859,C0610,PET0764,2025-01-03,P10,4.0,13.0,52.0,Delivered,,Pickup
BB010860,C0610,PET0764,2025-01-10,P10,6.0,13.0,78.0,Delivered,5,Web
BB010861,C0610,PET0764,2025-01-22,P10,5.0,13.0,65.0,Delivered,5,Web
BB010862,C0610,PET0764,2025-02-03,P01,3.0,14.5,43.5,Delivered,,Web
BB010863,C0610,PET0764,2025-02-14,P10,7.0,13.0,91.0,Delivered,,Pickup
BB010864,C0610,PET0764,2025-02-23,P10,3.0,13.0,39.0,Delivered,,Pickup
BB010865,C0610,PET0764,2025-03-07,P10,3.0,13.0,39.0,Delivered,,Re-order Email
BB010866,C0610,PET0764,2025-03-17,P10,4.0,13.0,52.0,Delivered,,Re-order Email
BB010867,C0610,PET0764,2025-03-27,P10,5.0,13.0,65.0,Delivered,,Web
BB010868,C0610,PET0764,2025-04-04,P10,5.0,13.0,65.0,Delivered,,Web
BB010869,C0610,PET0764,2025-04-17,P06,5.0,14.5,72.5,Delivered,,Pickup
BB010870,C0610,PET0764,2025-04-27,P10,7.0,13.0,91.0,Delivered,,Pickup
BB010871,C0610,PET0764,2025-05-10,P06,4.0,14.5,58.0,Delivered,5,Web
BB010872,C0610,PET0764,2025-05-19,P10,5.0,13.0,65.0,Delivered,,Web
BB010873,C0610,PET0764,2025-05-27,P10,4.0,13.0,52.0,Delivered,4,Pickup
BB010874,C0610,PET0764,2025-06-05,P07,2.0,13.5,27.0,Delivered,,Pickup
BB010875,C0610,PET0764,2025-06-17,P10,4.0,13.0,52.0,Delivered,5,Web
BB010876,C0610,PET0764,2025-06-30,P09,4.0,12.5,50.0,Delivered,,Web
BB010877,C0610,PET0764,2025-07-08,P01,5.0,14.5,72.5,Delivered,,Pickup
BB010878,C0610,PET0764,2025-07-17,P10,6.0,13.0,78.0,Delivered,,Web
BB010879,C0610,PET0764,2025-07-25,P10,3.0,13.0,39.0,Delivered,5,Web
BB010880,C0610,PET0764,2025-08-05,P10,4.0,13.0,52.0,Delivered,,Web
BB010881,C0610,PET0764,2025-08-15,P10,4.0,13.0,52.0,Delivered,5,Pickup
BB010882,C0610,PET0764,2025-08-24,P10,4.0,13.0,52.0,Delivered,,Pickup
BB010883,C0610,PET0764,2025-09-06,P10,3.0,13.0,39.0,Delivered,,Web
BB010884,C0610,PET0764,2025-09-13,P08,2.0,15.5,31.0,Delivered,,Web
BB010885,C0610,PET0764,2025-09-25,P01,6.0,14.5,87.0,Delivered,4,Pickup
BB010886,C0610,PET0764,2025-10-06,P10,6.0,13.0,78.0,Delivered,5,Web
BB010887,C0610,PET0764,2025-10-17,P02,4.0,13.0,52.0,Delivered,,Web
BB010888,C0610,PET0764,2025-10-29,P10,5.0,13.0,65.0,Delivered,5,Web
BB010889,C0610,PET0764,2025-11-07,P10,5.0,13.0,65.0,Delivered,4,Web
BB010890,C0610,PET0764,2025-11-16,P10,7.0,13.0,91.0,Delivered,,Re-order Email
BB010891,C0610,PET0764,2025-11-29,P10,2.0,13.0,26.0,Delivered,5,Pickup
BB010892,C0610,PET0764,2025-12-06,P10,4.0,13.0,52.0,Delivered,,Re-order Email
BB010893,C0610,PET0764,2025-12-18,P10,6.0,13.0,78.0,Delivered,4,Web
BB010894,C0610,PET0764,2025-12-27,P10,5.0,13.0,65.0,Delivered,5,Pickup
BB010895,C0610,PET0764,2026-01-08,P10,3.0,13.0,39.0,Delivered,5,Web
BB010896,C0610,PET0764,2026-01-15,P10,6.0,13.0,78.0,Delivered,5,Web
BB010897,C0610,PET0764,2026-01-24,P10,4.0,13.0,52.0,Delivered,,Web
BB010898,C0610,PET0764,2026-01-31,P10,4.0,13.0,52.0,Delivered,5,Web
BB010899,C0610,PET0764,2026-02-08,P10,5.0,13.0,65.0,Delivered,,Web
BB010900,C0610,PET0764,2026-02-18,P10,3.0,13.0,39.0,Delivered,,Web
BB010901,C0610,PET0764,2026-02-28,P09,4.0,12.5,50.0,Delivered,,Web
BB010902,C0610,PET0764,2026-03-09,P10,5.0,13.0,65.0,Delivered,,Web
BB010903,C0610,PET0764,2026-03-18,P10,4.0,13.0,52.0,Delivered,,Re-order Email
BB010904,C0610,PET0764,2026-03-31,P10,5.0,13.0,65.0,Delivered,5,Web
BB010905,C0611,PET0765,2024-11-13,P08,6.0,15.5,93.0,Delivered,,Web
BB010906,C0611,PET0765,2024-11-21,P08,5.0,15.5,77.5,Delivered,5,Pickup
BB010907,C0611,PET0765,2024-11-28,P08,3.0,15.5,46.5,Delivered,4,Pickup
BB010908,C0611,PET0765,2024-12-05,P09,5.0,12.5,62.5,Delivered,5,Pickup
BB010909,C0611,PET0765,2024-12-12,P10,2.0,13.0,26.0,Delivered,,Web
BB010910,C0611,PET0765,2024-12-24,P08,5.0,15.5,77.5,Delivered,,Web
BB010911,C0611,PET0765,2025-01-01,P08,5.0,15.5,77.5,Delivered,,Web
BB010912,C0611,PET0765,2025-01-09,P06,4.0,14.5,58.0,Delivered,,Re-order Email
BB010913,C0611,PET0765,2025-02-26,P08,6.0,15.5,93.0,Delivered,,Web
BB010914,C0611,PET0765,2025-03-05,P08,5.0,15.5,77.5,Delivered,,Web
BB010915,C0611,PET0765,2025-03-13,P01,6.0,14.5,87.0,Delivered,,Web
BB010916,C0611,PET0765,2025-03-25,P08,6.0,15.5,93.0,Delivered,4,Web
BB010917,C0611,PET0765,2025-04-06,P08,5.0,15.5,77.5,Delivered,,Web
BB010918,C0611,PET0765,2025-04-13,P09,4.0,12.5,50.0,Delivered,,Pickup
BB010919,C0611,PET0765,2025-04-22,P08,3.0,15.5,46.5,Delivered,5,Web
BB010920,C0611,PET0765,2025-05-02,P08,4.0,15.5,62.0,Delivered,,Web
BB010921,C0611,PET0765,2025-05-15,P08,5.0,15.5,77.5,Delivered,,Web
BB010922,C0611,PET0765,2025-05-26,P08,3.0,15.5,46.5,Delivered,3,Pickup
BB010923,C0611,PET0765,2025-06-02,P09,6.0,12.5,75.0,Delivered,5,Web
BB010924,C0611,PET0765,2025-06-10,P10,7.0,13.0,91.0,Delivered,,Web
BB010925,C0611,PET0765,2025-06-17,P08,6.0,15.5,93.0,Delivered,4,Web
BB010926,C0611,PET0765,2025-06-28,P09,3.0,12.5,37.5,Delivered,5,Web
BB010927,C0611,PET0765,2025-07-07,P08,6.0,15.5,93.0,Delivered,,Re-order Email
BB010928,C0611,PET0765,2025-07-16,P08,4.0,15.5,62.0,Delivered,,Web
BB010929,C0611,PET0765,2025-07-23,P08,4.0,15.5,62.0,Delivered,,Web
BB010930,C0611,PET0765,2025-08-04,P08,5.0,15.5,77.5,Delivered,,Web
BB010931,C0611,PET0765,2025-08-12,P04,3.0,14.0,42.0,Delivered,5,Web
BB010932,C0611,PET0765,2025-08-20,P08,5.0,15.5,77.5,Delivered,,Web
BB010933,C0611,PET0765,2025-08-27,P08,7.0,15.5,108.5,Delivered,5,Web
BB010934,C0611,PET0765,2025-09-05,P08,4.0,15.5,62.0,Delivered,,Web
BB010935,C0611,PET0765,2025-09-15,P01,2.0,14.5,29.0,Delivered,,Web
BB010936,C0611,PET0765,2025-09-24,P08,4.0,15.5,62.0,Delivered,,Pickup
BB010937,C0611,PET0765,2025-10-06,P08,7.0,15.5,108.5,Delivered,,Re-order Email
BB010938,C0611,PET0765,2025-10-16,P10,3.0,13.0,39.0,Delivered,,Re-order Email
BB010939,C0611,PET0765,2025-10-25,P08,6.0,15.5,93.0,Delivered,5,Web
BB010940,C0611,PET0765,2025-11-04,P08,6.0,15.5,93.0,Delivered,5,Web
BB010941,C0611,PET0765,2025-11-11,P01,4.0,14.5,58.0,Delivered,4,Web
BB010942,C0611,PET0765,2025-11-19,P08,7.0,15.5,108.5,Delivered,,Web
BB010943,C0611,PET0765,2025-11-27,P08,3.0,15.5,46.5,Delivered,5,Web
BB010944,C0611,PET0765,2025-12-07,P08,4.0,15.5,62.0,Delivered,,Web
BB010945,C0611,PET0765,2025-12-18,P08,4.0,15.5,62.0,Delivered,5,Re-order Email
BB010946,C0611,PET0765,2025-12-25,P08,6.0,15.5,93.0,Delivered,4,Web
BB010947,C0611,PET0765,2026-01-03,P08,6.0,15.5,93.0,Delivered,,Web
BB010948,C0611,PET0765,2026-01-12,P07,4.0,13.5,54.0,Delivered,,Web
BB010949,C0611,PET0765,2026-01-25,P08,6.0,15.5,93.0,Delivered,,Pickup
BB010950,C0611,PET0765,2026-02-07,P08,3.0,15.5,46.5,Delivered,,Re-order Email
BB010951,C0611,PET0765,2026-02-16,P08,4.0,15.5,62.0,Delivered,5,Web
BB010952,C0611,PET0765,2026-02-27,P08,5.0,15.5,77.5,Delivered,4,Web
BB010953,C0611,PET0765,2026-03-06,P10,3.0,13.0,39.0,Delivered,,Web
BB010954,C0611,PET0765,2026-03-13,P02,7.0,13.0,91.0,Delivered,,Pickup
BB010955,C0611,PET0765,2026-03-26,P08,4.0,15.5,62.0,Delivered,,Re-order Email
BB010956,C0611,PET0765,2026-04-05,P08,2.0,15.5,31.0,Delivered,5,Web
BB010957,C0611,PET0765,2026-04-17,P08,4.0,15.5,62.0,Delivered,5,Pickup
BB010958,C0611,PET0765,2026-04-26,P06,5.0,14.5,72.5,Delivered,,Web
BB010959,C0612,PET0766,2026-04-29,P12,7.0,12.5,87.5,Delivered,,Web
BB010960,C0614,PET0768,2026-03-20,P09,5.0,12.5,62.5,Delivered,,Web
BB010961,C0614,PET0768,2026-03-29,P02,7.0,13.0,91.0,Delivered,,Web
BB010962,C0614,PET0768,2026-04-06,P09,6.0,12.5,75.0,Delivered,5,Web
BB010963,C0614,PET0768,2026-04-19,P09,3.0,12.5,37.5,Delivered,,Re-order Email
BB010964,C0614,PET0768,2026-04-28,P09,5.0,12.5,62.5,Delivered,,Web
BB010965,C0615,PET0769,2026-01-20,P11,4.0,12.0,48.0,Delivered,3,Re-order Email
BB010966,C0615,PET0769,2026-02-02,P11,4.0,12.0,48.0,Delivered,,Web
BB010967,C0615,PET0769,2026-02-11,P11,6.0,12.0,72.0,Delivered,,Re-order Email
BB010968,C0615,PET0769,2026-02-18,P11,5.0,12.0,60.0,Delivered,4,Web
BB010969,C0615,PET0769,2026-03-01,P11,3.0,12.0,36.0,Delivered,,Pickup
BB010970,C0615,PET0769,2026-03-11,P11,4.0,12.0,48.0,Delivered,,Pickup
BB010971,C0615,PET0769,2026-03-19,P12,5.0,12.5,62.5,Delivered,5,Pickup
BB010972,C0615,PET0769,2026-03-28,P07,3.0,13.5,40.5,Delivered,,Re-order Email
BB010973,C0615,PET0769,2026-04-05,P11,6.0,12.0,72.0,Delivered,5,Web
BB010974,C0615,PET0769,2026-04-15,P09,2.0,12.5,25.0,Delivered,,Pickup
BB010975,C0615,PET0769,2026-04-26,P11,4.0,12.0,48.0,Delivered,,Re-order Email
BB010976,C0615,PET0770,2026-05-04,P01,5.0,14.5,72.5,Scheduled,5,Web
BB010977,C0616,PET0771,2026-03-20,P06,3.0,14.5,43.5,Delivered,,Web
BB010978,C0616,PET0771,2026-04-01,P04,4.0,14.0,56.0,Delivered,,Web
BB010979,C0616,PET0771,2026-04-10,P09,5.0,12.5,62.5,Delivered,,Pickup
BB010980,C0616,PET0771,2026-04-17,P03,4.0,13.5,54.0,Delivered,,Pickup
BB010981,C0616,PET0772,2026-03-18,P07,4.0,13.5,54.0,Delivered,,Web
BB010982,C0616,PET0772,2026-03-25,P07,5.0,13.5,67.5,Delivered,4,Web
BB010983,C0616,PET0772,2026-04-05,P09,4.0,12.5,50.0,Delivered,4,Web
BB010984,C0616,PET0772,2026-04-19,P07,6.0,13.5,81.0,Delivered,5,Web
BB010985,C0616,PET0772,2026-04-28,P07,4.0,13.5,54.0,Delivered,5,Web
BB010986,C0617,PET0773,2026-04-28,P02,6.0,13.0,78.0,Delivered,,Web
BB010987,C0618,PET0774,2025-07-07,P10,5.0,13.0,65.0,Delivered,,Web
BB010988,C0618,PET0774,2025-07-20,P04,3.0,14.0,42.0,Delivered,,Re-order Email
BB010989,C0618,PET0774,2025-07-30,P10,3.0,13.0,39.0,Delivered,,Web
BB010990,C0618,PET0774,2025-08-10,P10,7.0,13.0,91.0,Delivered,4,Re-order Email
BB010991,C0618,PET0774,2025-08-17,P10,6.0,13.0,78.0,Delivered,,Re-order Email
BB010992,C0618,PET0774,2025-08-28,P10,5.0,13.0,65.0,Delivered,,Web
BB010993,C0618,PET0774,2025-09-05,P11,6.0,12.0,72.0,Delivered,,Re-order Email
BB010994,C0618,PET0774,2025-09-16,P10,5.0,13.0,65.0,Delivered,,Web
BB010995,C0618,PET0774,2025-09-24,P10,4.0,13.0,52.0,Delivered,,Pickup
BB010996,C0618,PET0774,2025-10-03,P12,7.0,12.5,87.5,Delivered,,Web
BB010997,C0618,PET0774,2025-10-11,P10,7.0,13.0,91.0,Delivered,,Re-order Email
BB010998,C0618,PET0774,2025-10-21,P07,6.0,13.5,81.0,Delivered,,Web
BB010999,C0618,PET0774,2025-10-31,P10,6.0,13.0,78.0,Delivered,,Re-order Email
BB011000,C0618,PET0774,2025-11-10,P11,3.0,12.0,36.0,Delivered,,Pickup
BB011001,C0618,PET0774,2025-11-19,P10,5.0,13.0,65.0,Delivered,,Web
BB011002,C0618,PET0774,2025-11-28,P12,7.0,12.5,87.5,Delivered,3,Web
BB011003,C0618,PET0774,2025-12-12,P09,6.0,12.5,75.0,Delivered,4,Re-order Email
BB011004,C0618,PET0774,2025-12-25,P10,4.0,13.0,52.0,Delivered,5,Web
BB011005,C0618,PET0774,2026-01-04,P10,7.0,13.0,91.0,Delivered,5,Web
BB011006,C0618,PET0774,2026-01-14,P03,4.0,13.5,54.0,Delivered,,Web
BB011007,C0618,PET0774,2026-01-26,P06,6.0,14.5,87.0,Delivered,,Web
BB011008,C0618,PET0774,2026-02-03,P08,7.0,15.5,108.5,Delivered,4,Pickup
BB011009,C0618,PET0774,2026-02-16,P10,4.0,13.0,52.0,Delivered,,Re-order Email
BB011010,C0618,PET0774,2026-02-25,P10,5.0,13.0,65.0,Delivered,5,Web
BB011011,C0618,PET0774,2026-03-07,P10,7.0,13.0,91.0,Delivered,,Pickup
BB011012,C0618,PET0774,2026-03-17,P10,4.0,13.0,52.0,Delivered,,Re-order Email
BB011013,C0618,PET0774,2026-03-26,P10,7.0,13.0,91.0,Delivered,,Web
BB011014,C0618,PET0774,2026-04-04,P08,4.0,15.5,62.0,Delivered,,Web
BB011015,C0618,PET0774,2026-04-11,P10,6.0,13.0,78.0,Delivered,,Web
BB011016,C0618,PET0774,2026-04-20,P10,6.0,13.0,78.0,Delivered,4,Web
BB011017,C0618,PET0774,2026-04-28,P10,6.0,13.0,78.0,Delivered,5,Web
BB011018,C0620,PET0776,2026-01-16,P10,3.0,13.0,39.0,Delivered,,Web
BB011019,C0620,PET0776,2026-01-25,P03,6.0,13.5,81.0,Delivered,5,Re-order Email
BB011020,C0620,PET0776,2026-02-08,P10,3.0,13.0,39.0,Delivered,5,Web
BB011021,C0620,PET0776,2026-02-15,P10,4.0,13.0,52.0,Delivered,4,Web
BB011022,C0620,PET0776,2026-03-01,P10,5.0,13.0,65.0,Delivered,,Pickup
BB011023,C0620,PET0776,2026-03-12,P12,6.0,12.5,75.0,Delivered,,Re-order Email
BB011024,C0620,PET0776,2026-03-26,P06,6.0,14.5,87.0,Delivered,4,Web
BB011025,C0620,PET0776,2026-04-03,P07,2.0,13.5,27.0,Delivered,,Web
BB011026,C0620,PET0776,2026-04-15,P10,4.0,13.0,52.0,Delivered,,Web
BB011027,C0620,PET0776,2026-04-26,P10,6.0,13.0,78.0,Delivered,,Web
BB011028,C0621,PET0777,2025-08-12,P03,4.0,13.5,54.0,Delivered,,Pickup
BB011029,C0621,PET0777,2025-08-23,P03,2.0,13.5,27.0,Delivered,5,Web
BB011030,C0621,PET0777,2025-09-03,P03,3.0,13.5,40.5,Delivered,,Web
BB011031,C0621,PET0777,2025-09-11,P03,3.0,13.5,40.5,Delivered,,Web
BB011032,C0621,PET0777,2025-09-19,P03,3.0,13.5,40.5,Delivered,,Web
BB011033,C0621,PET0777,2025-10-02,P03,7.0,13.5,94.5,Delivered,,Pickup
BB011034,C0621,PET0777,2025-10-16,P03,4.0,13.5,54.0,Delivered,,Web
BB011035,C0621,PET0777,2025-10-30,P03,5.0,13.5,67.5,Delivered,,Web
BB011036,C0621,PET0777,2025-11-13,P03,5.0,13.5,67.5,Delivered,,Pickup
BB011037,C0621,PET0777,2025-11-24,P03,6.0,13.5,81.0,Delivered,,Pickup
BB011038,C0621,PET0777,2025-12-04,P12,4.0,12.5,50.0,Delivered,,Web
BB011039,C0621,PET0777,2025-12-15,P07,4.0,13.5,54.0,Delivered,,Web
BB011040,C0621,PET0777,2025-12-26,P03,6.0,13.5,81.0,Delivered,,Web
BB011041,C0621,PET0777,2026-01-07,P03,6.0,13.5,81.0,Delivered,5,Web
BB011042,C0621,PET0777,2026-01-14,P07,7.0,13.5,94.5,Delivered,5,Web
BB011043,C0621,PET0777,2026-01-25,P08,3.0,15.5,46.5,Delivered,,Web
BB011044,C0621,PET0777,2026-02-01,P03,5.0,13.5,67.5,Delivered,,Web
BB011045,C0621,PET0777,2026-02-12,P07,4.0,13.5,54.0,Delivered,,Web
BB011046,C0621,PET0777,2026-02-21,P12,6.0,12.5,75.0,Delivered,5,Web
BB011047,C0621,PET0777,2026-03-06,P03,3.0,13.5,40.5,Delivered,5,Web
BB011048,C0621,PET0777,2026-03-20,P03,5.0,13.5,67.5,Delivered,,Web
BB011049,C0621,PET0777,2026-03-28,P03,5.0,13.5,67.5,Delivered,,Re-order Email
BB011050,C0621,PET0777,2026-04-06,P03,3.0,13.5,40.5,Delivered,,Pickup
BB011051,C0621,PET0777,2026-04-14,P03,4.0,13.5,54.0,Delivered,,Web
BB011052,C0622,PET0778,2025-12-14,P09,6.0,12.5,75.0,Delivered,5,Web
BB011053,C0622,PET0778,2025-12-22,P09,5.0,12.5,62.5,Delivered,,Web
BB011054,C0622,PET0778,2026-01-02,P09,3.0,12.5,37.5,Delivered,,Re-order Email
BB011055,C0622,PET0778,2026-01-14,P10,5.0,13.0,65.0,Delivered,,Pickup
BB011056,C0622,PET0778,2026-01-27,P09,5.0,12.5,62.5,Delivered,,Web
BB011057,C0622,PET0778,2026-02-06,P09,5.0,12.5,62.5,Delivered,,Pickup
BB011058,C0622,PET0778,2026-02-19,P09,4.0,12.5,50.0,Delivered,,Web
BB011059,C0622,PET0778,2026-02-28,P09,4.0,12.5,50.0,Delivered,4,Web
BB011060,C0622,PET0778,2026-03-13,P09,5.0,12.5,62.5,Delivered,,Re-order Email
BB011061,C0622,PET0778,2026-03-20,P07,6.0,13.5,81.0,Delivered,,Web
BB011062,C0622,PET0778,2026-04-02,P09,3.0,12.5,37.5,Delivered,,Web
BB011063,C0622,PET0778,2026-04-15,P09,6.0,12.5,75.0,Delivered,5,Pickup
BB011064,C0622,PET0778,2026-04-27,P09,2.0,12.5,25.0,Delivered,5,Web
BB011065,C0624,PET0780,2025-09-15,P06,4.0,14.5,58.0,Delivered,,Pickup
BB011066,C0624,PET0780,2025-09-27,P06,6.0,14.5,87.0,Delivered,,Re-order Email
BB011067,C0624,PET0780,2025-10-10,P06,4.0,14.5,58.0,Delivered,,Web
BB011068,C0624,PET0780,2025-10-17,P11,4.0,12.0,48.0,Delivered,5,Pickup
BB011069,C0624,PET0780,2025-10-24,P06,5.0,14.5,72.5,Delivered,,Pickup
BB011070,C0624,PET0780,2025-10-31,P06,5.0,14.5,72.5,Delivered,,Web
BB011071,C0624,PET0780,2025-11-07,P01,4.0,14.5,58.0,Delivered,3,Web
BB011072,C0624,PET0780,2025-11-21,P01,5.0,14.5,72.5,Delivered,5,Pickup
BB011073,C0624,PET0780,2025-12-04,P06,4.0,14.5,58.0,Delivered,5,Pickup
BB011074,C0624,PET0780,2025-12-17,P06,6.0,14.5,87.0,Delivered,,Web
BB011075,C0624,PET0780,2025-12-30,P06,4.0,14.5,58.0,Delivered,5,Pickup
BB011076,C0624,PET0780,2026-01-09,P06,2.0,14.5,29.0,Delivered,,Web
BB011077,C0624,PET0780,2026-01-16,P06,5.0,14.5,72.5,Delivered,,Web
BB011078,C0624,PET0780,2026-01-26,P06,6.0,14.5,87.0,Delivered,5,Web
BB011079,C0624,PET0780,2026-02-05,P08,6.0,15.5,93.0,Delivered,,Web
BB011080,C0624,PET0780,2026-02-18,P06,4.0,14.5,58.0,Delivered,,Pickup
BB011081,C0624,PET0780,2026-03-02,P06,6.0,14.5,87.0,Delivered,,Web
BB011082,C0624,PET0780,2026-03-16,P06,4.0,14.5,58.0,Delivered,,Web
BB011083,C0624,PET0780,2026-03-30,P06,5.0,14.5,72.5,Delivered,4,Web
BB011084,C0624,PET0780,2026-04-06,P07,7.0,13.5,94.5,Delivered,,Web
BB011085,C0624,PET0780,2026-04-13,P08,3.0,15.5,46.5,Delivered,,Pickup
BB011086,C0624,PET0780,2026-04-25,P06,5.0,14.5,72.5,Delivered,5,Web
BB011087,C0624,PET0781,2025-09-16,P03,5.0,13.5,67.5,Delivered,5,Web
BB011088,C0624,PET0781,2025-09-29,P03,6.0,13.5,81.0,Delivered,,Web
BB011089,C0624,PET0781,2025-10-08,P03,3.0,13.5,40.5,Delivered,,Web
BB011090,C0624,PET0781,2025-10-21,P03,6.0,13.5,81.0,Delivered,5,Re-order Email
BB011091,C0624,PET0781,2025-10-29,P11,6.0,12.0,72.0,Delivered,,Web
BB011092,C0624,PET0781,2025-11-10,P03,5.0,13.5,67.5,Delivered,5,Web
BB011093,C0624,PET0781,2025-11-18,P03,5.0,13.5,67.5,Delivered,5,Web
BB011094,C0624,PET0781,2025-11-28,P03,4.0,13.5,54.0,Delivered,,Web
BB011095,C0624,PET0781,2025-12-07,P01,4.0,14.5,58.0,Delivered,5,Web
BB011096,C0624,PET0781,2025-12-17,P03,6.0,13.5,81.0,Delivered,,Web
BB011097,C0624,PET0781,2025-12-25,P03,4.0,13.5,54.0,Delivered,5,Web
BB011098,C0624,PET0781,2026-01-05,P03,4.0,13.5,54.0,Delivered,,Re-order Email
BB011099,C0624,PET0781,2026-01-19,P03,4.0,13.5,54.0,Delivered,,Web
BB011100,C0624,PET0781,2026-01-26,P03,4.0,13.5,54.0,Delivered,,Web
BB011101,C0624,PET0781,2026-02-02,P03,6.0,13.5,81.0,Delivered,,Web
BB011102,C0624,PET0781,2026-02-11,P02,6.0,13.0,78.0,Delivered,,Web
BB011103,C0624,PET0781,2026-02-21,P03,5.0,13.5,67.5,Delivered,,Web
BB011104,C0624,PET0781,2026-03-06,P03,5.0,13.5,67.5,Delivered,,Re-order Email
BB011105,C0624,PET0781,2026-03-20,P03,4.0,13.5,54.0,Delivered,,Pickup
BB011106,C0624,PET0781,2026-04-02,P03,5.0,13.5,67.5,Delivered,4,Web
BB011107,C0624,PET0781,2026-04-10,P03,5.0,13.5,67.5,Delivered,4,Web
BB011108,C0624,PET0781,2026-04-17,P08,3.0,15.5,46.5,Delivered,,Web
BB011109,C0624,PET0781,2026-04-25,P03,4.0,13.5,54.0,Delivered,,Web
BB011110,C0624,PET0782,2025-09-13,P09,5.0,12.5,62.5,Delivered,,Re-order Email
BB011111,C0624,PET0782,2025-09-22,P02,6.0,13.0,78.0,Delivered,4,Web
BB011112,C0624,PET0782,2025-10-02,P09,6.0,12.5,75.0,Delivered,5,Web
BB011113,C0624,PET0782,2025-10-12,P12,3.0,12.5,37.5,Delivered,4,Web
BB011114,C0624,PET0782,2025-10-20,P06,5.0,14.5,72.5,Delivered,,Web
BB011115,C0624,PET0782,2025-10-28,P09,6.0,12.5,75.0,Delivered,,Re-order Email
BB011116,C0624,PET0782,2025-11-04,P09,2.0,12.5,25.0,Delivered,,Re-order Email
BB011117,C0624,PET0782,2025-11-14,P02,6.0,13.0,78.0,Delivered,4,Pickup
BB011118,C0624,PET0782,2025-11-28,P09,7.0,12.5,87.5,Delivered,,Web
BB011119,C0624,PET0782,2025-12-07,P09,4.0,12.5,50.0,Delivered,,Pickup
BB011120,C0624,PET0782,2025-12-21,P09,5.0,12.5,62.5,Delivered,4,Web
BB011121,C0624,PET0782,2025-12-29,P11,7.0,12.0,84.0,Delivered,,Web
BB011122,C0624,PET0782,2026-01-12,P06,4.0,14.5,58.0,Delivered,,Re-order Email
BB011123,C0624,PET0782,2026-01-24,P09,4.0,12.5,50.0,Delivered,,Web
BB011124,C0624,PET0782,2026-02-04,P10,4.0,13.0,52.0,Delivered,,Re-order Email
BB011125,C0624,PET0782,2026-02-15,P09,3.0,12.5,37.5,Delivered,5,Pickup
BB011126,C0624,PET0782,2026-02-27,P09,4.0,12.5,50.0,Delivered,,Web
BB011127,C0624,PET0782,2026-03-13,P09,6.0,12.5,75.0,Delivered,5,Web
BB011128,C0624,PET0782,2026-03-20,P09,3.0,12.5,37.5,Delivered,,Re-order Email
BB011129,C0624,PET0782,2026-04-01,P09,4.0,12.5,50.0,Delivered,,Web
BB011130,C0624,PET0782,2026-04-10,P07,5.0,13.5,67.5,Delivered,4,Web
BB011131,C0624,PET0782,2026-04-20,P09,3.0,12.5,37.5,Delivered,5,Web
BB011132,C0625,PET0783,2025-12-30,P03,5.0,13.5,67.5,Delivered,,Web
BB011133,C0625,PET0783,2026-01-06,P03,6.0,13.5,81.0,Delivered,,Pickup
BB011134,C0625,PET0783,2026-01-20,P03,6.0,13.5,81.0,Delivered,,Web
BB011135,C0625,PET0783,2026-01-29,P03,2.0,13.5,27.0,Delivered,,Web
BB011136,C0625,PET0783,2026-02-05,P01,5.0,14.5,72.5,Delivered,5,Pickup
BB011137,C0625,PET0783,2026-02-14,P03,5.0,13.5,67.5,Delivered,5,Web
BB011138,C0625,PET0783,2026-02-22,P03,5.0,13.5,67.5,Delivered,5,Web
BB011139,C0625,PET0783,2026-03-05,P03,6.0,13.5,81.0,Delivered,,Re-order Email
BB011140,C0625,PET0783,2026-03-17,P03,4.0,13.5,54.0,Delivered,,Web
BB011141,C0625,PET0783,2026-03-28,P08,3.0,15.5,46.5,Delivered,,Re-order Email
BB011142,C0625,PET0783,2026-04-06,P03,5.0,13.5,67.5,Delivered,4,Web
BB011143,C0625,PET0783,2026-04-16,P03,5.0,13.5,67.5,Delivered,5,Pickup
BB011144,C0625,PET0783,2026-04-26,P03,4.0,13.5,54.0,Delivered,,Web
BB011145,C0626,PET0784,2025-12-19,P03,7.0,13.5,94.5,Delivered,,Web
BB011146,C0626,PET0784,2025-12-27,P03,4.0,13.5,54.0,Delivered,,Web
BB011147,C0626,PET0784,2026-01-06,P03,6.0,13.5,81.0,Delivered,,Web
BB011148,C0626,PET0784,2026-01-17,P11,5.0,12.0,60.0,Delivered,5,Re-order Email
BB011149,C0626,PET0784,2026-01-29,P12,5.0,12.5,62.5,Delivered,5,Web
BB011150,C0626,PET0784,2026-02-05,P03,4.0,13.5,54.0,Delivered,4,Web
BB011151,C0626,PET0784,2026-02-18,P02,4.0,13.0,52.0,Delivered,5,Web
BB011152,C0626,PET0784,2026-03-02,P03,7.0,13.5,94.5,Delivered,5,Re-order Email
BB011153,C0626,PET0784,2026-03-13,P03,7.0,13.5,94.5,Delivered,5,Pickup
BB011154,C0626,PET0784,2026-03-24,P01,3.0,14.5,43.5,Delivered,,Re-order Email
BB011155,C0626,PET0784,2026-04-04,P03,3.0,13.5,40.5,Delivered,,Web
BB011156,C0626,PET0784,2026-04-13,P03,7.0,13.5,94.5,Delivered,,Web
BB011157,C0626,PET0784,2026-04-25,P10,5.0,13.0,65.0,Delivered,,Web
BB011158,C0629,PET0787,2026-04-04,P02,5.0,13.0,65.0,Delivered,5,Web
BB011159,C0629,PET0787,2026-04-11,P02,6.0,13.0,78.0,Delivered,,Web
BB011160,C0629,PET0787,2026-04-23,P12,4.0,12.5,50.0,Delivered,,Web
BB011161,C0630,PET0788,2026-03-15,P02,6.0,13.0,78.0,Delivered,,Web
BB011162,C0630,PET0788,2026-03-22,P11,4.0,12.0,48.0,Delivered,,Web
BB011163,C0630,PET0788,2026-03-31,P11,6.0,12.0,72.0,Delivered,,Web
BB011164,C0630,PET0788,2026-04-09,P11,3.0,12.0,36.0,Delivered,5,Web
BB011165,C0630,PET0788,2026-04-20,P11,5.0,12.0,60.0,Delivered,,Web
BB011166,C0631,PET0789,2026-04-20,P01,7.0,14.5,101.5,Delivered,,Pickup
BB011167,C0632,PET0790,2026-03-26,P02,4.0,13.0,52.0,Delivered,5,Web
BB011168,C0632,PET0790,2026-04-06,P10,6.0,13.0,78.0,Delivered,,Web
BB011169,C0632,PET0790,2026-04-17,P10,5.0,13.0,65.0,Delivered,4,Web
BB011170,C0632,PET0790,2026-04-28,P10,6.0,13.0,78.0,Delivered,5,Pickup
BB011171,C0632,PET0791,2026-03-24,P03,3.0,13.5,40.5,Delivered,,Web
BB011172,C0632,PET0791,2026-04-01,P03,3.0,13.5,40.5,Delivered,,Web
BB011173,C0632,PET0791,2026-04-14,P03,4.0,13.5,54.0,Delivered,,Web
BB011174,C0632,PET0791,2026-04-22,P03,7.0,13.5,94.5,Delivered,,Web
BB011175,C0633,PET0792,2025-11-16,P06,7.0,14.5,101.5,Delivered,,Re-order Email
BB011176,C0633,PET0792,2025-11-28,P02,3.0,13.0,39.0,Delivered,,Pickup
BB011177,C0633,PET0792,2025-12-10,P02,5.0,13.0,65.0,Delivered,,Re-order Email
BB011178,C0633,PET0792,2025-12-23,P02,4.0,13.0,52.0,Delivered,5,Web
BB011179,C0633,PET0792,2026-01-03,P02,4.0,13.0,52.0,Delivered,,Web
BB011180,C0633,PET0792,2026-01-11,P02,3.0,13.0,39.0,Delivered,,Web
BB011181,C0633,PET0792,2026-01-22,P08,3.0,15.5,46.5,Delivered,,Web
BB011182,C0633,PET0792,2026-02-04,P02,3.0,13.0,39.0,Delivered,,Web
BB011183,C0633,PET0792,2026-02-13,P02,5.0,13.0,65.0,Delivered,,Web
BB011184,C0633,PET0792,2026-02-23,P03,6.0,13.5,81.0,Delivered,,Web
BB011185,C0633,PET0792,2026-03-08,P02,4.0,13.0,52.0,Delivered,,Web
BB011186,C0633,PET0792,2026-03-15,P02,7.0,13.0,91.0,Delivered,,Web
BB011187,C0633,PET0793,2025-11-13,P07,3.0,13.5,40.5,Delivered,5,Pickup
BB011188,C0633,PET0793,2025-11-26,P07,5.0,13.5,67.5,Delivered,,Re-order Email
BB011189,C0633,PET0793,2025-12-09,P10,4.0,13.0,52.0,Delivered,,Re-order Email
BB011190,C0633,PET0793,2025-12-17,P10,6.0,13.0,78.0,Delivered,,Web
BB011191,C0633,PET0793,2025-12-28,P07,4.0,13.5,54.0,Delivered,5,Pickup
BB011192,C0633,PET0793,2026-01-04,P07,2.0,13.5,27.0,Delivered,,Web
BB011193,C0633,PET0793,2026-01-16,P02,5.0,13.0,65.0,Delivered,5,Web
BB011194,C0634,PET0794,2025-08-03,P03,3.0,13.5,40.5,Delivered,,Web
BB011195,C0634,PET0794,2025-08-15,P03,4.0,13.5,54.0,Delivered,4,Web
BB011196,C0634,PET0794,2025-08-24,P03,5.0,13.5,67.5,Delivered,,Re-order Email
BB011197,C0634,PET0794,2025-09-05,P03,6.0,13.5,81.0,Delivered,,Web
BB011198,C0634,PET0794,2025-09-16,P08,2.0,15.5,31.0,Delivered,5,Pickup
BB011199,C0634,PET0794,2025-09-26,P08,4.0,15.5,62.0,Delivered,,Web
BB011200,C0634,PET0794,2025-10-08,P03,6.0,13.5,81.0,Delivered,,Web
BB011201,C0634,PET0794,2025-10-17,P03,3.0,13.5,40.5,Delivered,,Web
BB011202,C0634,PET0794,2025-10-25,P03,3.0,13.5,40.5,Delivered,,Web
BB011203,C0634,PET0794,2025-11-04,P03,4.0,13.5,54.0,Delivered,,Pickup
BB011204,C0634,PET0794,2025-11-12,P03,5.0,13.5,67.5,Delivered,,Web
BB011205,C0634,PET0794,2025-11-20,P03,6.0,13.5,81.0,Delivered,,Pickup
BB011206,C0634,PET0794,2025-12-03,P03,4.0,13.5,54.0,Delivered,,Web
BB011207,C0634,PET0794,2025-12-11,P03,6.0,13.5,81.0,Delivered,,Pickup
BB011208,C0634,PET0794,2025-12-25,P02,4.0,13.0,52.0,Delivered,,Web
BB011209,C0634,PET0794,2026-01-04,P03,5.0,13.5,67.5,Delivered,3,Web
BB011210,C0634,PET0794,2026-01-11,P03,6.0,13.5,81.0,Delivered,5,Web
BB011211,C0634,PET0794,2026-01-25,P03,4.0,13.5,54.0,Delivered,,Web
BB011212,C0634,PET0794,2026-02-03,P03,3.0,13.5,40.5,Delivered,5,Pickup
BB011213,C0634,PET0794,2026-02-10,P03,5.0,13.5,67.5,Delivered,,Web
BB011214,C0634,PET0794,2026-02-23,P03,5.0,13.5,67.5,Delivered,,Web
BB011215,C0634,PET0794,2026-03-08,P03,3.0,13.5,40.5,Delivered,,Web
BB011216,C0634,PET0794,2026-03-16,P03,5.0,13.5,67.5,Delivered,,Web
BB011217,C0634,PET0794,2026-03-25,P03,3.0,13.5,40.5,Delivered,,Web
BB011218,C0634,PET0794,2026-04-03,P06,4.0,14.5,58.0,Delivered,4,Web
BB011219,C0634,PET0794,2026-04-13,P03,5.0,13.5,67.5,Delivered,,Pickup
BB011220,C0634,PET0794,2026-04-23,P03,5.0,13.5,67.5,Delivered,,Web
BB011221,C0635,PET0795,2025-08-20,P09,7.0,12.5,87.5,Delivered,5,Re-order Email
BB011222,C0635,PET0795,2025-08-31,P10,5.0,13.0,65.0,Delivered,4,Web
BB011223,C0635,PET0795,2025-09-11,P10,5.0,13.0,65.0,Delivered,,Pickup
BB011224,C0635,PET0795,2025-09-19,P10,5.0,13.0,65.0,Delivered,,Web
BB011225,C0635,PET0795,2025-09-26,P10,4.0,13.0,52.0,Delivered,,Web
BB011226,C0635,PET0795,2025-10-10,P10,6.0,13.0,78.0,Delivered,,Web
BB011227,C0635,PET0795,2025-10-22,P10,4.0,13.0,52.0,Delivered,4,Web
BB011228,C0635,PET0795,2025-11-02,P10,7.0,13.0,91.0,Delivered,,Web
BB011229,C0635,PET0795,2025-11-16,P10,5.0,13.0,65.0,Delivered,,Web
BB011230,C0635,PET0795,2025-11-23,P10,5.0,13.0,65.0,Delivered,,Web
BB011231,C0635,PET0795,2025-12-07,P01,3.0,14.5,43.5,Delivered,,Re-order Email
BB011232,C0635,PET0795,2025-12-19,P10,6.0,13.0,78.0,Delivered,,Web
BB011233,C0635,PET0795,2025-12-28,P06,4.0,14.5,58.0,Delivered,,Web
BB011234,C0635,PET0795,2026-01-11,P10,7.0,13.0,91.0,Delivered,4,Web
BB011235,C0635,PET0795,2026-01-19,P10,4.0,13.0,52.0,Delivered,,Re-order Email
BB011236,C0635,PET0795,2026-01-26,P10,3.0,13.0,39.0,Delivered,5,Web
BB011237,C0635,PET0795,2026-02-08,P10,6.0,13.0,78.0,Delivered,,Web
BB011238,C0635,PET0795,2026-02-17,P08,3.0,15.5,46.5,Delivered,,Web
BB011239,C0635,PET0795,2026-03-03,P10,5.0,13.0,65.0,Delivered,5,Web
BB011240,C0635,PET0795,2026-03-11,P10,5.0,13.0,65.0,Delivered,,Web
BB011241,C0635,PET0795,2026-03-18,P10,2.0,13.0,26.0,Delivered,,Web
BB011242,C0635,PET0795,2026-03-29,P10,4.0,13.0,52.0,Delivered,,Web
BB011243,C0635,PET0795,2026-04-05,P10,2.0,13.0,26.0,Delivered,,Re-order Email
BB011244,C0635,PET0795,2026-04-14,P10,4.0,13.0,52.0,Delivered,5,Web
BB011245,C0635,PET0795,2026-04-27,P07,5.0,13.5,67.5,Delivered,,Re-order Email
BB011246,C0635,PET0796,2025-08-23,P10,4.0,13.0,52.0,Delivered,,Web
BB011247,C0635,PET0796,2025-09-02,P10,3.0,13.0,39.0,Delivered,,Web
BB011248,C0635,PET0796,2025-09-12,P10,4.0,13.0,52.0,Delivered,4,Pickup
BB011249,C0635,PET0796,2025-09-19,P10,4.0,13.0,52.0,Delivered,,Web
BB011250,C0635,PET0796,2025-10-01,P10,4.0,13.0,52.0,Delivered,5,Web
BB011251,C0635,PET0796,2025-10-13,P10,5.0,13.0,65.0,Delivered,,Web
BB011252,C0635,PET0796,2025-10-21,P10,5.0,13.0,65.0,Delivered,,Web
BB011253,C0635,PET0796,2025-11-01,P03,6.0,13.5,81.0,Delivered,4,Pickup
BB011254,C0635,PET0796,2025-11-14,P10,3.0,13.0,39.0,Delivered,5,Web
BB011255,C0635,PET0796,2025-11-26,P02,5.0,13.0,65.0,Delivered,,Web
BB011256,C0635,PET0796,2025-12-06,P10,6.0,13.0,78.0,Delivered,5,Pickup
BB011257,C0635,PET0796,2025-12-16,P06,4.0,14.5,58.0,Delivered,,Web
BB011258,C0635,PET0796,2025-12-25,P10,7.0,13.0,91.0,Delivered,,Pickup
BB011259,C0635,PET0796,2026-01-02,P07,4.0,13.5,54.0,Delivered,,Pickup
BB011260,C0635,PET0796,2026-01-09,P10,4.0,13.0,52.0,Delivered,5,Web
BB011261,C0635,PET0796,2026-01-19,P08,2.0,15.5,31.0,Delivered,,Web
BB011262,C0635,PET0796,2026-02-02,P10,3.0,13.0,39.0,Delivered,,Web
BB011263,C0635,PET0796,2026-02-10,P07,4.0,13.5,54.0,Delivered,5,Re-order Email
BB011264,C0635,PET0796,2026-02-19,P10,5.0,13.0,65.0,Delivered,,Web
BB011265,C0635,PET0796,2026-02-28,P10,3.0,13.0,39.0,Delivered,5,Web
BB011266,C0635,PET0796,2026-03-10,P04,2.0,14.0,28.0,Delivered,5,Re-order Email
BB011267,C0635,PET0796,2026-03-20,P10,4.0,13.0,52.0,Delivered,,Web
BB011268,C0635,PET0796,2026-03-28,P10,3.0,13.0,39.0,Delivered,,Web
BB011269,C0635,PET0796,2026-04-07,P10,4.0,13.0,52.0,Delivered,,Web
BB011270,C0635,PET0796,2026-04-16,P10,5.0,13.0,65.0,Delivered,,Web
BB011271,C0635,PET0796,2026-04-25,P10,6.0,13.0,78.0,Delivered,,Web
BB011272,C0636,PET0797,2026-03-26,P03,6.0,13.5,81.0,Delivered,5,Web
BB011273,C0636,PET0797,2026-04-03,P03,3.0,13.5,40.5,Delivered,5,Re-order Email
BB011274,C0637,PET0798,2026-02-22,P10,6.0,13.0,78.0,Delivered,,Web
BB011275,C0637,PET0798,2026-03-04,P08,5.0,15.5,77.5,Delivered,,Re-order Email
BB011276,C0637,PET0799,2026-02-25,P06,2.0,14.5,29.0,Delivered,5,Re-order Email
BB011277,C0637,PET0799,2026-03-05,P03,4.0,13.5,54.0,Delivered,,Pickup
BB011278,C0637,PET0799,2026-03-19,P09,3.0,12.5,37.5,Delivered,5,Pickup
BB011279,C0637,PET0799,2026-04-02,P09,5.0,12.5,62.5,Delivered,,Web
BB011280,C0637,PET0799,2026-04-10,P06,4.0,14.5,58.0,Delivered,4,Web
BB011281,C0637,PET0799,2026-04-22,P06,5.0,14.5,72.5,Delivered,5,Pickup
BB011282,C0638,PET0800,2025-04-23,P09,6.0,12.5,75.0,Delivered,,Re-order Email
BB011283,C0638,PET0800,2025-05-02,P08,4.0,15.5,62.0,Delivered,,Web
BB011284,C0638,PET0800,2025-05-13,P10,2.0,13.0,26.0,Delivered,,Re-order Email
BB011285,C0638,PET0800,2025-05-21,P08,7.0,15.5,108.5,Delivered,4,Web
BB011286,C0638,PET0800,2025-06-01,P08,4.0,15.5,62.0,Delivered,5,Web
BB011287,C0638,PET0800,2025-06-08,P12,6.0,12.5,75.0,Delivered,,Web
BB011288,C0638,PET0800,2025-06-21,P08,5.0,15.5,77.5,Delivered,5,Web
BB011289,C0638,PET0800,2025-07-03,P08,6.0,15.5,93.0,Delivered,3,Web
BB011290,C0638,PET0800,2025-07-13,P07,5.0,13.5,67.5,Delivered,3,Web
BB011291,C0638,PET0800,2025-07-25,P08,4.0,15.5,62.0,Delivered,,Web
BB011292,C0638,PET0800,2025-08-02,P08,2.0,15.5,31.0,Delivered,,Web
BB011293,C0638,PET0800,2025-08-11,P01,5.0,14.5,72.5,Delivered,,Web
BB011294,C0638,PET0800,2025-08-21,P08,7.0,15.5,108.5,Delivered,,Web
BB011295,C0638,PET0800,2025-08-28,P09,3.0,12.5,37.5,Delivered,,Web
BB011296,C0638,PET0800,2025-09-05,P08,5.0,15.5,77.5,Delivered,,Web
BB011297,C0638,PET0800,2025-09-13,P08,4.0,15.5,62.0,Delivered,,Web
BB011298,C0638,PET0800,2025-09-25,P03,4.0,13.5,54.0,Delivered,,Web
BB011299,C0638,PET0800,2025-10-06,P08,5.0,15.5,77.5,Delivered,,Web
BB011300,C0638,PET0800,2025-10-19,P08,4.0,15.5,62.0,Delivered,5,Web
BB011301,C0638,PET0800,2025-10-31,P01,3.0,14.5,43.5,Delivered,,Pickup
BB011302,C0638,PET0800,2025-11-09,P08,3.0,15.5,46.5,Delivered,,Web
BB011303,C0638,PET0800,2025-11-22,P08,3.0,15.5,46.5,Delivered,5,Web
BB011304,C0638,PET0800,2025-11-30,P08,6.0,15.5,93.0,Delivered,,Web
BB011305,C0638,PET0800,2025-12-08,P08,4.0,15.5,62.0,Delivered,5,Web
BB011306,C0638,PET0800,2025-12-19,P10,4.0,13.0,52.0,Delivered,4,Web
BB011307,C0638,PET0800,2025-12-29,P08,4.0,15.5,62.0,Delivered,,Web
BB011308,C0638,PET0800,2026-01-07,P02,5.0,13.0,65.0,Delivered,,Web
BB011309,C0638,PET0800,2026-01-18,P08,6.0,15.5,93.0,Delivered,,Re-order Email
BB011310,C0638,PET0800,2026-01-26,P08,2.0,15.5,31.0,Delivered,,Web
BB011311,C0638,PET0800,2026-02-02,P02,4.0,13.0,52.0,Delivered,5,Re-order Email
BB011312,C0638,PET0800,2026-02-15,P07,3.0,13.5,40.5,Delivered,5,Pickup
BB011313,C0638,PET0800,2026-02-25,P07,3.0,13.5,40.5,Delivered,,Web
BB011314,C0638,PET0800,2026-03-05,P08,5.0,15.5,77.5,Delivered,5,Web
BB011315,C0638,PET0800,2026-03-16,P08,7.0,15.5,108.5,Delivered,5,Web
BB011316,C0638,PET0800,2026-03-23,P08,5.0,15.5,77.5,Delivered,,Re-order Email
BB011317,C0638,PET0800,2026-04-01,P08,5.0,15.5,77.5,Delivered,,Web
BB011318,C0638,PET0800,2026-04-08,P08,4.0,15.5,62.0,Delivered,,Web
BB011319,C0638,PET0800,2026-04-15,P08,3.0,15.5,46.5,Delivered,5,Web
BB011320,C0638,PET0800,2026-04-23,P08,5.0,15.5,77.5,Delivered,,Web
BB011321,C0639,PET0801,2026-01-17,P03,5.0,13.5,67.5,Delivered,,Re-order Email
BB011322,C0639,PET0801,2026-01-24,P08,2.0,15.5,31.0,Delivered,4,Re-order Email
BB011323,C0639,PET0801,2026-02-06,P01,5.0,14.5,72.5,Delivered,,Web
BB011324,C0639,PET0801,2026-02-15,P03,5.0,13.5,67.5,Delivered,5,Web
BB011325,C0639,PET0801,2026-02-28,P03,4.0,13.5,54.0,Delivered,5,Web
BB011326,C0639,PET0801,2026-03-10,P08,3.0,15.5,46.5,Delivered,5,Web
BB011327,C0639,PET0801,2026-03-22,P03,5.0,13.5,67.5,Delivered,5,Web
BB011328,C0639,PET0801,2026-04-01,P03,7.0,13.5,94.5,Delivered,5,Pickup
BB011329,C0639,PET0801,2026-04-14,P03,4.0,13.5,54.0,Delivered,,Web
BB011330,C0639,PET0801,2026-04-25,P03,6.0,13.5,81.0,Delivered,,Re-order Email
BB011331,C0640,PET0802,2025-11-28,P12,7.0,12.5,87.5,Delivered,3,Re-order Email
BB011332,C0640,PET0802,2025-12-07,P01,6.0,14.5,87.0,Delivered,,Web
BB011333,C0640,PET0802,2025-12-14,P01,3.0,14.5,43.5,Delivered,,Web
BB011334,C0640,PET0802,2025-12-22,P01,5.0,14.5,72.5,Delivered,4,Web
BB011335,C0640,PET0802,2026-01-02,P01,5.0,14.5,72.5,Delivered,,Web
BB011336,C0640,PET0802,2026-01-11,P12,5.0,12.5,62.5,Delivered,5,Re-order Email
BB011337,C0640,PET0802,2026-01-18,P01,6.0,14.5,87.0,Delivered,5,Web
BB011338,C0640,PET0802,2026-01-28,P03,6.0,13.5,81.0,Delivered,,Web
BB011339,C0640,PET0802,2026-02-05,P01,5.0,14.5,72.5,Delivered,,Web
BB011340,C0640,PET0802,2026-02-15,P01,7.0,14.5,101.5,Delivered,5,Web
BB011341,C0640,PET0802,2026-02-27,P11,7.0,12.0,84.0,Delivered,,Web
BB011342,C0640,PET0802,2026-03-07,P01,2.0,14.5,29.0,Delivered,,Web
BB011343,C0640,PET0802,2026-03-15,P12,4.0,12.5,50.0,Delivered,,Web
BB011344,C0640,PET0802,2026-03-27,P12,7.0,12.5,87.5,Delivered,5,Web
BB011345,C0640,PET0802,2026-04-06,P01,4.0,14.5,58.0,Delivered,,Web
BB011346,C0640,PET0802,2026-04-13,P01,6.0,14.5,87.0,Delivered,,Web
BB011347,C0640,PET0802,2026-04-24,P01,5.0,14.5,72.5,Delivered,5,Web
BB011348,C0641,PET0803,2025-10-03,P10,4.0,13.0,52.0,Delivered,,Web
BB011349,C0641,PET0803,2025-10-10,P10,4.0,13.0,52.0,Delivered,5,Pickup
BB011350,C0641,PET0803,2025-10-23,P06,6.0,14.5,87.0,Delivered,,Re-order Email
BB011351,C0641,PET0803,2025-11-03,P10,5.0,13.0,65.0,Delivered,,Web
BB011352,C0641,PET0803,2025-11-11,P10,5.0,13.0,65.0,Delivered,,Pickup
BB011353,C0641,PET0803,2025-11-23,P10,6.0,13.0,78.0,Delivered,,Web
BB011354,C0641,PET0803,2025-12-01,P10,5.0,13.0,65.0,Delivered,4,Web
BB011355,C0641,PET0803,2025-12-13,P10,3.0,13.0,39.0,Delivered,5,Web
BB011356,C0641,PET0803,2025-12-21,P10,2.0,13.0,26.0,Delivered,5,Web
BB011357,C0641,PET0803,2025-12-31,P08,5.0,15.5,77.5,Delivered,,Web
BB011358,C0641,PET0803,2026-01-10,P10,5.0,13.0,65.0,Delivered,3,Web
BB011359,C0641,PET0803,2026-01-24,P10,4.0,13.0,52.0,Delivered,,Pickup
BB011360,C0641,PET0803,2026-02-01,P08,7.0,15.5,108.5,Delivered,,Web
BB011361,C0641,PET0803,2026-02-13,P10,4.0,13.0,52.0,Delivered,5,Web
BB011362,C0641,PET0803,2026-02-21,P10,5.0,13.0,65.0,Delivered,,Web
BB011363,C0641,PET0803,2026-03-01,P10,5.0,13.0,65.0,Delivered,5,Re-order Email
BB011364,C0641,PET0803,2026-03-10,P10,6.0,13.0,78.0,Delivered,,Web
BB011365,C0641,PET0803,2026-03-24,P10,6.0,13.0,78.0,Delivered,,Pickup
BB011366,C0641,PET0803,2026-04-02,P10,5.0,13.0,65.0,Delivered,,Web
BB011367,C0641,PET0803,2026-04-16,P10,2.0,13.0,26.0,Delivered,,Re-order Email
BB011368,C0641,PET0803,2026-04-30,P12,5.0,12.5,62.5,Delivered,5,Pickup
BB011369,C0642,PET0804,2026-02-15,P07,5.0,13.5,67.5,Delivered,,Web
BB011370,C0642,PET0804,2026-02-23,P07,3.0,13.5,40.5,Delivered,,Web
BB011371,C0642,PET0804,2026-03-04,P07,5.0,13.5,67.5,Delivered,,Web
BB011372,C0642,PET0804,2026-03-12,P08,4.0,15.5,62.0,Delivered,,Web
BB011373,C0642,PET0804,2026-03-21,P07,6.0,13.5,81.0,Delivered,5,Web
BB011374,C0642,PET0804,2026-03-31,P08,7.0,15.5,108.5,Delivered,5,Web
BB011375,C0642,PET0804,2026-04-07,P07,5.0,13.5,67.5,Delivered,5,Web
BB011376,C0642,PET0804,2026-04-17,P07,5.0,13.5,67.5,Delivered,,Re-order Email
BB011377,C0642,PET0804,2026-04-24,P07,4.0,13.5,54.0,Delivered,,Web
BB011378,C0643,PET0805,2025-11-28,P01,3.0,14.5,43.5,Delivered,,Web
BB011379,C0643,PET0805,2025-12-06,P07,3.0,13.5,40.5,Delivered,,Re-order Email
BB011380,C0643,PET0805,2025-12-13,P01,4.0,14.5,58.0,Delivered,,Web
BB011381,C0643,PET0805,2025-12-24,P01,5.0,14.5,72.5,Delivered,,Web
BB011382,C0643,PET0805,2026-01-02,P11,6.0,12.0,72.0,Delivered,,Web
BB011383,C0643,PET0805,2026-01-10,P01,6.0,14.5,87.0,Delivered,4,Re-order Email
BB011384,C0643,PET0805,2026-01-17,P01,5.0,14.5,72.5,Delivered,,Web
BB011385,C0643,PET0805,2026-01-27,P12,4.0,12.5,50.0,Delivered,5,Web
BB011386,C0643,PET0805,2026-02-04,P03,5.0,13.5,67.5,Delivered,,Web
BB011387,C0643,PET0805,2026-02-15,P01,6.0,14.5,87.0,Delivered,5,Pickup
BB011388,C0643,PET0805,2026-02-22,P01,2.0,14.5,29.0,Delivered,5,Web
BB011389,C0643,PET0805,2026-03-01,P01,5.0,14.5,72.5,Delivered,3,Web
BB011390,C0643,PET0805,2026-03-11,P09,4.0,12.5,50.0,Delivered,,Web
BB011391,C0643,PET0805,2026-03-23,P10,2.0,13.0,26.0,Delivered,5,Web
BB011392,C0643,PET0805,2026-03-30,P06,2.0,14.5,29.0,Delivered,,Web
BB011393,C0643,PET0805,2026-04-06,P11,5.0,12.0,60.0,Delivered,5,Web
BB011394,C0643,PET0805,2026-04-17,P01,6.0,14.5,87.0,Delivered,,Pickup
BB011395,C0644,PET0806,2026-04-22,P12,3.0,12.5,37.5,Delivered,4,Pickup
BB011396,C0645,PET0807,2025-12-09,P12,3.0,12.5,37.5,Delivered,,Web
BB011397,C0645,PET0807,2025-12-22,P12,3.0,12.5,37.5,Delivered,5,Web
BB011398,C0645,PET0807,2026-01-02,P10,4.0,13.0,52.0,Delivered,4,Web
BB011399,C0645,PET0807,2026-01-15,P12,3.0,12.5,37.5,Delivered,5,Web
BB011400,C0645,PET0807,2026-01-24,P12,7.0,12.5,87.5,Delivered,4,Web
BB011401,C0645,PET0807,2026-02-07,P12,3.0,12.5,37.5,Delivered,,Web
BB011402,C0645,PET0807,2026-02-20,P12,6.0,12.5,75.0,Delivered,,Re-order Email
BB011403,C0645,PET0807,2026-03-04,P12,6.0,12.5,75.0,Delivered,,Web
BB011404,C0645,PET0807,2026-03-15,P08,4.0,15.5,62.0,Delivered,,Pickup
BB011405,C0645,PET0807,2026-03-25,P12,6.0,12.5,75.0,Delivered,5,Re-order Email
BB011406,C0645,PET0807,2026-04-05,P12,4.0,12.5,50.0,Delivered,,Pickup
BB011407,C0645,PET0807,2026-04-19,P12,2.0,12.5,25.0,Delivered,,Web
BB011408,C0646,PET0808,2025-07-20,P06,4.0,14.5,58.0,Delivered,,Web
BB011409,C0646,PET0808,2025-07-31,P07,6.0,13.5,81.0,Delivered,,Pickup
BB011410,C0646,PET0808,2025-08-10,P09,3.0,12.5,37.5,Delivered,,Web
BB011411,C0646,PET0808,2025-08-19,P09,5.0,12.5,62.5,Delivered,,Re-order Email
BB011412,C0646,PET0808,2025-08-28,P02,6.0,13.0,78.0,Delivered,5,Re-order Email
BB011413,C0646,PET0808,2025-09-04,P09,4.0,12.5,50.0,Delivered,5,Web
BB011414,C0646,PET0808,2025-09-14,P01,6.0,14.5,87.0,Delivered,,Web
BB011415,C0646,PET0808,2025-09-26,P09,4.0,12.5,50.0,Delivered,,Re-order Email
BB011416,C0646,PET0808,2025-10-09,P09,4.0,12.5,50.0,Delivered,,Web
BB011417,C0646,PET0808,2025-10-20,P09,4.0,12.5,50.0,Delivered,,Pickup
BB011418,C0646,PET0808,2025-10-27,P09,3.0,12.5,37.5,Delivered,5,Web
BB011419,C0646,PET0808,2025-11-07,P09,3.0,12.5,37.5,Delivered,,Web
BB011420,C0646,PET0808,2025-11-19,P09,6.0,12.5,75.0,Delivered,,Web
BB011421,C0646,PET0808,2025-11-26,P09,4.0,12.5,50.0,Delivered,,Pickup
BB011422,C0646,PET0808,2025-12-08,P09,4.0,12.5,50.0,Delivered,5,Web
BB011423,C0646,PET0808,2025-12-18,P09,3.0,12.5,37.5,Delivered,5,Web
BB011424,C0646,PET0808,2025-12-30,P11,6.0,12.0,72.0,Delivered,,Web
BB011425,C0646,PET0808,2026-01-06,P09,5.0,12.5,62.5,Delivered,,Re-order Email
BB011426,C0646,PET0808,2026-01-13,P09,4.0,12.5,50.0,Delivered,,Pickup
BB011427,C0647,PET0809,2026-01-02,P09,7.0,12.5,87.5,Delivered,,Web
BB011428,C0647,PET0809,2026-01-12,P08,6.0,15.5,93.0,Delivered,4,Re-order Email
BB011429,C0647,PET0809,2026-01-22,P08,4.0,15.5,62.0,Delivered,,Web
BB011430,C0647,PET0809,2026-02-05,P08,7.0,15.5,108.5,Delivered,,Web
BB011431,C0647,PET0809,2026-02-12,P08,6.0,15.5,93.0,Delivered,4,Web
BB011432,C0647,PET0809,2026-02-24,P08,4.0,15.5,62.0,Delivered,,Re-order Email
BB011433,C0647,PET0809,2026-03-10,P08,3.0,15.5,46.5,Delivered,5,Web
BB011434,C0647,PET0809,2026-03-19,P08,6.0,15.5,93.0,Delivered,5,Web
BB011435,C0647,PET0809,2026-04-01,P08,6.0,15.5,93.0,Delivered,5,Pickup
BB011436,C0647,PET0809,2026-04-14,P08,6.0,15.5,93.0,Delivered,,Web
BB011437,C0647,PET0809,2026-04-28,P08,2.0,15.5,31.0,Delivered,5,Re-order Email
BB011438,C0647,PET0810,2025-12-31,P03,5.0,13.5,67.5,Delivered,,Pickup
BB011439,C0647,PET0810,2026-01-08,P11,5.0,12.0,60.0,Delivered,,Web
BB011440,C0647,PET0810,2026-01-18,P03,5.0,13.5,67.5,Delivered,,Re-order Email
BB011441,C0647,PET0810,2026-02-01,P11,3.0,12.0,36.0,Delivered,,Pickup
BB011442,C0647,PET0810,2026-02-13,P03,3.0,13.5,40.5,Delivered,5,Web
BB011443,C0647,PET0810,2026-02-24,P03,5.0,13.5,67.5,Delivered,5,Web
BB011444,C0647,PET0810,2026-03-05,P03,6.0,13.5,81.0,Delivered,4,Web
BB011445,C0647,PET0810,2026-03-18,P07,5.0,13.5,67.5,Delivered,,Re-order Email
BB011446,C0647,PET0810,2026-03-25,P06,7.0,14.5,101.5,Delivered,,Re-order Email
BB011447,C0647,PET0810,2026-04-01,P03,4.0,13.5,54.0,Delivered,,Web
BB011448,C0647,PET0810,2026-04-10,P02,4.0,13.0,52.0,Delivered,5,Web
BB011449,C0647,PET0810,2026-04-17,P11,2.0,12.0,24.0,Delivered,,Web
BB011450,C0647,PET0810,2026-04-26,P03,2.0,13.5,27.0,Delivered,,Re-order Email
BB011451,C0648,PET0811,2026-02-24,P07,4.0,13.5,54.0,Delivered,4,Pickup
BB011452,C0648,PET0811,2026-03-04,P11,7.0,12.0,84.0,Delivered,,Web
BB011453,C0648,PET0811,2026-03-15,P11,4.0,12.0,48.0,Delivered,,Web
BB011454,C0648,PET0811,2026-03-25,P11,5.0,12.0,60.0,Delivered,,Pickup
BB011455,C0648,PET0811,2026-04-06,P08,6.0,15.5,93.0,Delivered,5,Re-order Email
BB011456,C0648,PET0811,2026-04-13,P11,5.0,12.0,60.0,Delivered,,Pickup
BB011457,C0648,PET0811,2026-04-20,P11,7.0,12.0,84.0,Delivered,,Web
BB011458,C0648,PET0811,2026-04-28,P11,5.0,12.0,60.0,Delivered,5,Re-order Email
BB011459,C0649,PET0812,2025-08-01,P03,6.0,13.5,81.0,Delivered,5,Web
BB011460,C0649,PET0812,2025-08-11,P03,4.0,13.5,54.0,Delivered,3,Web
BB011461,C0649,PET0812,2025-08-19,P03,6.0,13.5,81.0,Delivered,4,Web
BB011462,C0649,PET0812,2025-08-28,P01,5.0,14.5,72.5,Delivered,,Web
BB011463,C0649,PET0812,2025-09-07,P03,7.0,13.5,94.5,Delivered,5,Re-order Email
BB011464,C0649,PET0812,2025-09-18,P03,3.0,13.5,40.5,Delivered,,Pickup
BB011465,C0649,PET0812,2025-09-28,P01,5.0,14.5,72.5,Delivered,5,Pickup
BB011466,C0649,PET0812,2025-10-07,P11,3.0,12.0,36.0,Delivered,,Re-order Email
BB011467,C0649,PET0812,2025-10-15,P12,2.0,12.5,25.0,Delivered,5,Pickup
BB011468,C0649,PET0812,2025-10-23,P03,3.0,13.5,40.5,Delivered,,Pickup
BB011469,C0649,PET0812,2025-11-02,P03,3.0,13.5,40.5,Delivered,,Web
BB011470,C0649,PET0812,2025-11-13,P07,5.0,13.5,67.5,Delivered,,Re-order Email
BB011471,C0649,PET0812,2025-11-24,P06,4.0,14.5,58.0,Delivered,,Re-order Email
BB011472,C0649,PET0812,2025-12-02,P03,6.0,13.5,81.0,Delivered,4,Web
BB011473,C0649,PET0812,2025-12-15,P03,5.0,13.5,67.5,Delivered,,Re-order Email
BB011474,C0649,PET0812,2025-12-23,P03,5.0,13.5,67.5,Delivered,,Web
BB011475,C0649,PET0812,2026-01-05,P03,5.0,13.5,67.5,Delivered,,Re-order Email
BB011476,C0649,PET0812,2026-01-12,P07,5.0,13.5,67.5,Delivered,5,Web
BB011477,C0649,PET0812,2026-01-24,P09,3.0,12.5,37.5,Delivered,,Web
BB011478,C0649,PET0812,2026-02-05,P03,3.0,13.5,40.5,Delivered,,Web
BB011479,C0649,PET0812,2026-02-12,P03,4.0,13.5,54.0,Delivered,4,Pickup
BB011480,C0649,PET0812,2026-02-21,P11,3.0,12.0,36.0,Delivered,,Web
BB011481,C0649,PET0812,2026-03-04,P02,3.0,13.0,39.0,Delivered,5,Web
BB011482,C0649,PET0812,2026-03-11,P03,5.0,13.5,67.5,Delivered,,Web
BB011483,C0649,PET0812,2026-03-19,P03,4.0,13.5,54.0,Delivered,5,Re-order Email
BB011484,C0649,PET0812,2026-03-27,P03,5.0,13.5,67.5,Delivered,,Pickup
BB011485,C0649,PET0812,2026-04-09,P03,5.0,13.5,67.5,Delivered,,Pickup
BB011486,C0649,PET0812,2026-04-21,P03,4.0,13.5,54.0,Delivered,,Pickup
BB011487,C0651,PET0814,2026-04-22,P07,6.0,13.5,81.0,Delivered,4,Web
BB011488,C0652,PET0815,2025-09-09,P07,3.0,13.5,40.5,Delivered,,Pickup
BB011489,C0652,PET0815,2025-09-20,P07,6.0,13.5,81.0,Delivered,5,Web
BB011490,C0652,PET0815,2025-10-03,P07,4.0,13.5,54.0,Delivered,,Pickup
BB011491,C0652,PET0815,2025-10-15,P11,2.0,12.0,24.0,Delivered,,Pickup
BB011492,C0652,PET0815,2025-10-29,P08,5.0,15.5,77.5,Delivered,,Web
BB011493,C0652,PET0815,2025-11-05,P07,5.0,13.5,67.5,Delivered,,Web
BB011494,C0652,PET0815,2025-11-15,P07,2.0,13.5,27.0,Delivered,5,Web
BB011495,C0652,PET0815,2025-11-27,P07,6.0,13.5,81.0,Delivered,,Re-order Email
BB011496,C0652,PET0815,2025-12-11,P07,5.0,13.5,67.5,Delivered,4,Web
BB011497,C0652,PET0815,2025-12-25,P07,3.0,13.5,40.5,Delivered,5,Web
BB011498,C0652,PET0815,2026-01-01,P02,3.0,13.0,39.0,Delivered,,Re-order Email
BB011499,C0652,PET0815,2026-01-08,P01,4.0,14.5,58.0,Delivered,5,Web
BB011500,C0652,PET0815,2026-01-22,P07,4.0,13.5,54.0,Delivered,,Web
BB011501,C0652,PET0815,2026-01-30,P07,5.0,13.5,67.5,Delivered,,Web
BB011502,C0652,PET0815,2026-02-11,P07,3.0,13.5,40.5,Delivered,,Web
BB011503,C0652,PET0815,2026-02-24,P07,2.0,13.5,27.0,Delivered,5,Web
BB011504,C0652,PET0815,2026-03-05,P02,3.0,13.0,39.0,Delivered,,Web
BB011505,C0652,PET0815,2026-03-17,P07,4.0,13.5,54.0,Delivered,5,Web
BB011506,C0652,PET0815,2026-03-26,P10,4.0,13.0,52.0,Delivered,,Web
BB011507,C0652,PET0815,2026-04-07,P07,3.0,13.5,40.5,Delivered,,Web
BB011508,C0652,PET0815,2026-04-14,P07,4.0,13.5,54.0,Delivered,,Pickup
BB011509,C0652,PET0815,2026-04-26,P07,3.0,13.5,40.5,Delivered,,Pickup
BB011510,C0653,PET0816,2025-11-06,P11,6.0,12.0,72.0,Delivered,,Web
BB011511,C0653,PET0816,2025-11-18,P01,4.0,14.5,58.0,Delivered,,Web
BB011512,C0653,PET0816,2025-11-30,P06,5.0,14.5,72.5,Delivered,,Re-order Email
BB011513,C0653,PET0816,2025-12-11,P09,4.0,12.5,50.0,Delivered,,Re-order Email
BB011514,C0653,PET0816,2025-12-20,P06,4.0,14.5,58.0,Delivered,,Web
BB011515,C0653,PET0816,2025-12-27,P07,7.0,13.5,94.5,Delivered,,Web
BB011516,C0653,PET0816,2026-01-04,P06,3.0,14.5,43.5,Delivered,5,Web
BB011517,C0653,PET0816,2026-01-17,P06,5.0,14.5,72.5,Delivered,,Web
BB011518,C0653,PET0816,2026-01-24,P06,4.0,14.5,58.0,Delivered,,Web
BB011519,C0653,PET0816,2026-02-05,P04,6.0,14.0,84.0,Delivered,,Web
BB011520,C0653,PET0816,2026-02-18,P11,5.0,12.0,60.0,Delivered,,Pickup
BB011521,C0653,PET0816,2026-02-25,P06,3.0,14.5,43.5,Delivered,4,Web
BB011522,C0654,PET0817,2025-08-04,P11,4.0,12.0,48.0,Delivered,5,Web
BB011523,C0654,PET0817,2025-08-13,P12,6.0,12.5,75.0,Delivered,,Web
BB011524,C0654,PET0817,2025-08-23,P12,5.0,12.5,62.5,Delivered,5,Web
BB011525,C0654,PET0817,2025-09-04,P06,2.0,14.5,29.0,Delivered,,Pickup
BB011526,C0654,PET0817,2025-09-16,P08,6.0,15.5,93.0,Delivered,4,Web
BB011527,C0654,PET0817,2025-09-24,P12,5.0,12.5,62.5,Delivered,,Web
BB011528,C0654,PET0817,2025-10-04,P12,5.0,12.5,62.5,Delivered,,Pickup
BB011529,C0654,PET0817,2025-10-16,P07,5.0,13.5,67.5,Delivered,,Re-order Email
BB011530,C0654,PET0817,2025-10-29,P07,6.0,13.5,81.0,Delivered,5,Web
BB011531,C0654,PET0817,2025-11-07,P12,5.0,12.5,62.5,Delivered,,Re-order Email
BB011532,C0654,PET0817,2025-11-18,P12,5.0,12.5,62.5,Delivered,,Pickup
BB011533,C0654,PET0817,2025-11-30,P12,2.0,12.5,25.0,Delivered,5,Web
BB011534,C0654,PET0817,2025-12-12,P12,6.0,12.5,75.0,Delivered,5,Web
BB011535,C0654,PET0817,2025-12-20,P03,6.0,13.5,81.0,Delivered,,Web
BB011536,C0654,PET0817,2026-01-02,P12,6.0,12.5,75.0,Delivered,5,Web
BB011537,C0654,PET0817,2026-01-13,P12,5.0,12.5,62.5,Delivered,,Pickup
BB011538,C0654,PET0817,2026-01-26,P09,4.0,12.5,50.0,Delivered,,Web
BB011539,C0654,PET0817,2026-02-07,P12,5.0,12.5,62.5,Delivered,,Pickup
BB011540,C0654,PET0817,2026-02-19,P12,6.0,12.5,75.0,Delivered,,Web
BB011541,C0654,PET0817,2026-03-02,P12,6.0,12.5,75.0,Delivered,3,Web
BB011542,C0654,PET0817,2026-03-12,P12,4.0,12.5,50.0,Delivered,5,Pickup
BB011543,C0654,PET0817,2026-03-19,P12,5.0,12.5,62.5,Delivered,5,Web
BB011544,C0654,PET0817,2026-03-29,P12,7.0,12.5,87.5,Delivered,,Web
BB011545,C0654,PET0817,2026-04-05,P12,5.0,12.5,62.5,Delivered,,Web
BB011546,C0654,PET0817,2026-04-14,P12,5.0,12.5,62.5,Delivered,,Web
BB011547,C0654,PET0817,2026-04-26,P11,5.0,12.0,60.0,Delivered,3,Re-order Email
BB011548,C0655,PET0818,2025-06-09,P02,5.0,13.0,65.0,Delivered,,Web
BB011549,C0655,PET0818,2025-06-20,P06,5.0,14.5,72.5,Delivered,,Web
BB011550,C0655,PET0818,2025-07-04,P06,5.0,14.5,72.5,Delivered,,Web
BB011551,C0655,PET0818,2025-07-11,P08,2.0,15.5,31.0,Delivered,,Re-order Email
BB011552,C0655,PET0818,2025-07-24,P06,4.0,14.5,58.0,Delivered,,Web
BB011553,C0655,PET0818,2025-08-03,P06,5.0,14.5,72.5,Delivered,,Web
BB011554,C0655,PET0818,2025-08-16,P06,6.0,14.5,87.0,Delivered,,Web
BB011555,C0655,PET0818,2025-08-24,P06,6.0,14.5,87.0,Delivered,5,Web
BB011556,C0655,PET0818,2025-08-31,P06,3.0,14.5,43.5,Delivered,,Web
BB011557,C0655,PET0818,2025-09-09,P06,3.0,14.5,43.5,Delivered,,Web
BB011558,C0655,PET0818,2025-09-23,P06,4.0,14.5,58.0,Delivered,5,Re-order Email
BB011559,C0655,PET0818,2025-09-30,P06,4.0,14.5,58.0,Delivered,,Web
BB011560,C0655,PET0818,2025-10-08,P11,4.0,12.0,48.0,Delivered,5,Web
BB011561,C0655,PET0818,2025-10-19,P06,7.0,14.5,101.5,Delivered,5,Web
BB011562,C0655,PET0818,2025-11-01,P06,5.0,14.5,72.5,Delivered,,Web
BB011563,C0655,PET0818,2025-11-08,P06,6.0,14.5,87.0,Delivered,,Pickup
BB011564,C0655,PET0818,2025-11-17,P06,7.0,14.5,101.5,Delivered,5,Pickup
BB011565,C0655,PET0818,2025-12-01,P12,4.0,12.5,50.0,Delivered,,Web
BB011566,C0655,PET0818,2025-12-11,P06,3.0,14.5,43.5,Delivered,,Re-order Email
BB011567,C0655,PET0818,2025-12-24,P08,4.0,15.5,62.0,Delivered,4,Web
BB011568,C0655,PET0818,2025-12-31,P10,4.0,13.0,52.0,Delivered,5,Web
BB011569,C0655,PET0818,2026-01-13,P02,2.0,13.0,26.0,Delivered,,Re-order Email
BB011570,C0655,PET0818,2026-01-26,P03,4.0,13.5,54.0,Delivered,,Re-order Email
BB011571,C0655,PET0818,2026-02-02,P06,7.0,14.5,101.5,Delivered,4,Pickup
BB011572,C0655,PET0818,2026-02-10,P09,2.0,12.5,25.0,Delivered,5,Web
BB011573,C0655,PET0818,2026-02-18,P06,4.0,14.5,58.0,Delivered,,Re-order Email
BB011574,C0655,PET0818,2026-02-27,P06,4.0,14.5,58.0,Delivered,,Pickup
BB011575,C0655,PET0818,2026-03-06,P06,4.0,14.5,58.0,Delivered,4,Web
BB011576,C0655,PET0818,2026-03-16,P06,7.0,14.5,101.5,Delivered,5,Web
BB011577,C0655,PET0818,2026-03-30,P09,3.0,12.5,37.5,Delivered,3,Pickup
BB011578,C0655,PET0818,2026-04-13,P06,6.0,14.5,87.0,Delivered,,Web
BB011579,C0655,PET0818,2026-04-20,P06,4.0,14.5,58.0,Delivered,5,Web
BB011580,C0656,PET0819,2025-11-28,P02,5.0,13.0,65.0,Delivered,4,Pickup
BB011581,C0656,PET0819,2025-12-10,P02,2.0,13.0,26.0,Delivered,,Re-order Email
BB011582,C0656,PET0819,2025-12-24,P02,7.0,13.0,91.0,Delivered,4,Pickup
BB011583,C0656,PET0819,2026-01-02,P01,4.0,14.5,58.0,Delivered,5,Pickup
BB011584,C0656,PET0819,2026-01-10,P09,6.0,12.5,75.0,Delivered,,Web
BB011585,C0656,PET0819,2026-01-24,P03,4.0,13.5,54.0,Delivered,4,Web
BB011586,C0656,PET0819,2026-02-07,P02,3.0,13.0,39.0,Delivered,5,Re-order Email
BB011587,C0656,PET0819,2026-02-15,P02,5.0,13.0,65.0,Delivered,5,Web
BB011588,C0656,PET0819,2026-02-24,P02,4.0,13.0,52.0,Delivered,5,Pickup
BB011589,C0656,PET0819,2026-03-04,P02,5.0,13.0,65.0,Delivered,4,Web
BB011590,C0656,PET0819,2026-03-14,P02,4.0,13.0,52.0,Delivered,,Pickup
BB011591,C0656,PET0819,2026-03-24,P02,4.0,13.0,52.0,Delivered,,Web
BB011592,C0656,PET0819,2026-04-02,P02,4.0,13.0,52.0,Delivered,4,Pickup
BB011593,C0656,PET0819,2026-04-09,P02,3.0,13.0,39.0,Delivered,,Web
BB011594,C0656,PET0819,2026-04-22,P02,7.0,13.0,91.0,Delivered,,Web
BB011595,C0657,PET0820,2026-02-24,P10,5.0,13.0,65.0,Delivered,4,Web
BB011596,C0657,PET0820,2026-03-08,P10,3.0,13.0,39.0,Delivered,,Web
BB011597,C0658,PET0821,2025-06-22,P04,5.0,14.0,70.0,Delivered,,Web
BB011598,C0658,PET0821,2025-06-30,P04,7.0,14.0,98.0,Delivered,,Web
BB011599,C0658,PET0821,2025-07-09,P09,6.0,12.5,75.0,Delivered,5,Web
BB011600,C0658,PET0821,2025-07-18,P04,6.0,14.0,84.0,Delivered,,Web
BB011601,C0658,PET0821,2025-07-27,P02,5.0,13.0,65.0,Delivered,,Web
BB011602,C0658,PET0821,2025-08-03,P04,5.0,14.0,70.0,Delivered,,Web
BB011603,C0658,PET0821,2025-08-13,P07,3.0,13.5,40.5,Delivered,,Web
BB011604,C0658,PET0821,2025-08-21,P12,5.0,12.5,62.5,Delivered,,Web
BB011605,C0658,PET0821,2025-09-02,P10,5.0,13.0,65.0,Delivered,,Web
BB011606,C0658,PET0821,2025-09-11,P04,4.0,14.0,56.0,Delivered,,Web
BB011607,C0658,PET0821,2025-09-22,P08,4.0,15.5,62.0,Delivered,,Web
BB011608,C0658,PET0821,2025-10-04,P04,6.0,14.0,84.0,Delivered,,Web
BB011609,C0658,PET0821,2025-10-16,P04,5.0,14.0,70.0,Delivered,,Web
BB011610,C0658,PET0821,2025-10-27,P04,4.0,14.0,56.0,Delivered,5,Web
BB011611,C0658,PET0821,2025-11-04,P04,5.0,14.0,70.0,Delivered,5,Web
BB011612,C0658,PET0821,2025-11-17,P11,5.0,12.0,60.0,Delivered,5,Pickup
BB011613,C0658,PET0821,2025-11-24,P04,2.0,14.0,28.0,Delivered,5,Web
BB011614,C0658,PET0821,2025-12-07,P04,5.0,14.0,70.0,Delivered,,Pickup
BB011615,C0658,PET0821,2025-12-16,P04,4.0,14.0,56.0,Delivered,5,Web
BB011616,C0658,PET0821,2025-12-26,P04,4.0,14.0,56.0,Delivered,,Web
BB011617,C0658,PET0821,2026-01-02,P04,4.0,14.0,56.0,Delivered,,Web
BB011618,C0658,PET0821,2026-01-10,P04,4.0,14.0,56.0,Delivered,5,Re-order Email
BB011619,C0658,PET0821,2026-01-19,P10,6.0,13.0,78.0,Delivered,,Web
BB011620,C0658,PET0821,2026-01-27,P04,3.0,14.0,42.0,Delivered,,Web
BB011621,C0658,PET0821,2026-02-04,P04,3.0,14.0,42.0,Delivered,,Web
BB011622,C0658,PET0821,2026-02-12,P04,6.0,14.0,84.0,Delivered,,Web
BB011623,C0658,PET0821,2026-02-20,P04,6.0,14.0,84.0,Delivered,5,Web
BB011624,C0658,PET0821,2026-03-02,P10,6.0,13.0,78.0,Delivered,,Web
BB011625,C0658,PET0821,2026-03-10,P04,4.0,14.0,56.0,Delivered,,Re-order Email
BB011626,C0658,PET0821,2026-03-21,P04,6.0,14.0,84.0,Delivered,,Re-order Email
BB011627,C0658,PET0821,2026-03-29,P08,5.0,15.5,77.5,Delivered,5,Web
BB011628,C0658,PET0821,2026-04-08,P04,5.0,14.0,70.0,Delivered,5,Re-order Email
BB011629,C0658,PET0822,2025-06-21,P08,2.0,15.5,31.0,Delivered,,Web
BB011630,C0658,PET0822,2025-07-04,P08,4.0,15.5,62.0,Delivered,,Web
BB011631,C0658,PET0822,2025-07-14,P11,3.0,12.0,36.0,Delivered,5,Pickup
BB011632,C0658,PET0822,2025-07-26,P10,4.0,13.0,52.0,Delivered,,Pickup
BB011633,C0658,PET0822,2025-08-06,P08,2.0,15.5,31.0,Delivered,5,Web
BB011634,C0658,PET0822,2025-08-15,P08,4.0,15.5,62.0,Delivered,,Web
BB011635,C0658,PET0822,2025-08-28,P08,4.0,15.5,62.0,Delivered,4,Web
BB011636,C0658,PET0822,2025-09-05,P08,4.0,15.5,62.0,Delivered,5,Web
BB011637,C0658,PET0822,2025-09-13,P08,5.0,15.5,77.5,Delivered,5,Web
BB011638,C0658,PET0822,2025-09-20,P08,4.0,15.5,62.0,Delivered,,Web
BB011639,C0658,PET0822,2025-09-30,P08,3.0,15.5,46.5,Delivered,,Web
BB011640,C0658,PET0822,2025-10-07,P08,4.0,15.5,62.0,Delivered,,Web
BB011641,C0658,PET0822,2025-10-15,P11,4.0,12.0,48.0,Delivered,,Web
BB011642,C0658,PET0822,2025-10-28,P08,5.0,15.5,77.5,Delivered,5,Web
BB011643,C0658,PET0822,2025-11-06,P08,5.0,15.5,77.5,Delivered,5,Re-order Email
BB011644,C0658,PET0822,2025-11-14,P08,4.0,15.5,62.0,Delivered,,Web
BB011645,C0658,PET0822,2025-11-24,P08,6.0,15.5,93.0,Delivered,,Web
BB011646,C0658,PET0822,2025-12-06,P08,4.0,15.5,62.0,Delivered,4,Web
BB011647,C0658,PET0822,2025-12-18,P08,4.0,15.5,62.0,Delivered,,Web
BB011648,C0658,PET0822,2025-12-26,P11,6.0,12.0,72.0,Delivered,,Pickup
BB011649,C0658,PET0822,2026-01-02,P08,7.0,15.5,108.5,Delivered,4,Re-order Email
BB011650,C0658,PET0822,2026-01-11,P08,6.0,15.5,93.0,Delivered,4,Re-order Email
BB011651,C0658,PET0822,2026-01-22,P10,7.0,13.0,91.0,Delivered,5,Web
BB011652,C0658,PET0822,2026-02-02,P08,5.0,15.5,77.5,Delivered,,Re-order Email
BB011653,C0658,PET0822,2026-02-15,P08,4.0,15.5,62.0,Delivered,3,Web
BB011654,C0658,PET0822,2026-02-26,P08,6.0,15.5,93.0,Delivered,,Web
BB011655,C0658,PET0822,2026-03-09,P08,4.0,15.5,62.0,Delivered,,Web
BB011656,C0658,PET0822,2026-03-18,P04,7.0,14.0,98.0,Delivered,,Web
BB011657,C0658,PET0822,2026-03-31,P08,5.0,15.5,77.5,Delivered,,Web
BB011658,C0658,PET0822,2026-04-11,P08,3.0,15.5,46.5,Delivered,5,Web
BB011659,C0658,PET0822,2026-04-24,P08,6.0,15.5,93.0,Delivered,5,Pickup
BB011660,C0659,PET0824,2026-03-05,P11,6.0,12.0,72.0,Delivered,5,Re-order Email
BB011661,C0659,PET0824,2026-03-14,P11,3.0,12.0,36.0,Delivered,4,Web
BB011662,C0659,PET0824,2026-03-27,P11,6.0,12.0,72.0,Delivered,,Web
BB011663,C0659,PET0824,2026-04-06,P11,4.0,12.0,48.0,Delivered,5,Re-order Email
BB011664,C0659,PET0824,2026-04-17,P03,4.0,13.5,54.0,Delivered,,Web
BB011665,C0659,PET0824,2026-04-24,P11,3.0,12.0,36.0,Delivered,,Web
BB011666,C0660,PET0825,2026-01-25,P09,6.0,12.5,75.0,Delivered,,Pickup
BB011667,C0660,PET0825,2026-02-02,P09,3.0,12.5,37.5,Delivered,5,Web
BB011668,C0660,PET0825,2026-02-15,P09,4.0,12.5,50.0,Delivered,5,Web
BB011669,C0660,PET0825,2026-02-22,P09,5.0,12.5,62.5,Delivered,4,Web
BB011670,C0660,PET0825,2026-03-01,P09,4.0,12.5,50.0,Delivered,,Pickup
BB011671,C0660,PET0825,2026-03-14,P03,5.0,13.5,67.5,Delivered,5,Web
BB011672,C0660,PET0825,2026-03-24,P09,6.0,12.5,75.0,Delivered,,Web
BB011673,C0660,PET0825,2026-04-02,P09,5.0,12.5,62.5,Delivered,,Web
BB011674,C0660,PET0825,2026-04-15,P10,7.0,13.0,91.0,Delivered,,Pickup
BB011675,C0660,PET0825,2026-04-23,P09,5.0,12.5,62.5,Delivered,,Web
BB011676,C0661,PET0826,2026-04-01,P02,4.0,13.0,52.0,Delivered,,Re-order Email
BB011677,C0661,PET0826,2026-04-08,P06,2.0,14.5,29.0,Delivered,,Web
BB011678,C0661,PET0826,2026-04-18,P11,6.0,12.0,72.0,Delivered,4,Web
BB011679,C0661,PET0826,2026-04-25,P11,5.0,12.0,60.0,Delivered,4,Re-order Email
BB011680,C0661,PET0828,2026-03-29,P10,5.0,13.0,65.0,Delivered,,Web
BB011681,C0661,PET0828,2026-04-12,P01,5.0,14.5,72.5,Delivered,5,Web
BB011682,C0661,PET0828,2026-04-19,P10,6.0,13.0,78.0,Delivered,5,Web
BB011683,C0662,PET0829,2026-01-08,P10,4.0,13.0,52.0,Delivered,,Web
BB011684,C0662,PET0829,2026-01-16,P03,6.0,13.5,81.0,Delivered,4,Re-order Email
BB011685,C0662,PET0829,2026-01-26,P07,6.0,13.5,81.0,Delivered,,Pickup
BB011686,C0662,PET0829,2026-02-03,P02,4.0,13.0,52.0,Delivered,,Web
BB011687,C0662,PET0829,2026-02-11,P03,4.0,13.5,54.0,Delivered,,Web
BB011688,C0662,PET0829,2026-02-19,P03,3.0,13.5,40.5,Delivered,,Web
BB011689,C0662,PET0829,2026-02-27,P03,7.0,13.5,94.5,Delivered,5,Web
BB011690,C0662,PET0829,2026-03-08,P03,4.0,13.5,54.0,Delivered,,Pickup
BB011691,C0662,PET0829,2026-03-17,P03,3.0,13.5,40.5,Delivered,,Web
BB011692,C0662,PET0829,2026-03-30,P11,6.0,12.0,72.0,Delivered,,Web
BB011693,C0662,PET0829,2026-04-10,P03,7.0,13.5,94.5,Delivered,,Web
BB011694,C0662,PET0829,2026-04-21,P03,4.0,13.5,54.0,Delivered,,Re-order Email
BB011695,C0663,PET0830,2025-09-15,P09,2.0,12.5,25.0,Delivered,,Web
BB011696,C0663,PET0830,2025-09-27,P02,3.0,13.0,39.0,Delivered,,Re-order Email
BB011697,C0663,PET0830,2025-10-09,P02,4.0,13.0,52.0,Delivered,,Web
BB011698,C0663,PET0830,2025-10-17,P09,2.0,12.5,25.0,Delivered,,Pickup
BB011699,C0663,PET0830,2025-10-29,P09,3.0,12.5,37.5,Delivered,5,Web
BB011700,C0663,PET0830,2025-11-07,P09,6.0,12.5,75.0,Delivered,,Web
BB011701,C0663,PET0830,2025-11-15,P09,5.0,12.5,62.5,Delivered,,Web
BB011702,C0663,PET0830,2025-11-22,P09,3.0,12.5,37.5,Delivered,,Pickup
BB011703,C0663,PET0830,2025-11-29,P09,5.0,12.5,62.5,Delivered,,Web
BB011704,C0663,PET0830,2025-12-10,P09,5.0,12.5,62.5,Delivered,,Web
BB011705,C0663,PET0830,2025-12-19,P09,4.0,12.5,50.0,Delivered,,Web
BB011706,C0663,PET0830,2025-12-29,P09,4.0,12.5,50.0,Delivered,4,Pickup
BB011707,C0663,PET0830,2026-01-10,P09,5.0,12.5,62.5,Delivered,,Web
BB011708,C0663,PET0830,2026-01-18,P09,6.0,12.5,75.0,Delivered,,Web
BB011709,C0663,PET0830,2026-01-31,P08,5.0,15.5,77.5,Delivered,5,Web
BB011710,C0663,PET0830,2026-02-12,P12,7.0,12.5,87.5,Delivered,,Web
BB011711,C0663,PET0830,2026-02-23,P09,4.0,12.5,50.0,Delivered,4,Web
BB011712,C0663,PET0830,2026-03-03,P09,5.0,12.5,62.5,Delivered,,Web
BB011713,C0663,PET0830,2026-03-13,P09,3.0,12.5,37.5,Delivered,,Web
BB011714,C0663,PET0830,2026-03-25,P07,6.0,13.5,81.0,Delivered,4,Web
BB011715,C0663,PET0830,2026-04-04,P09,4.0,12.5,50.0,Delivered,,Pickup
BB011716,C0663,PET0830,2026-04-14,P09,4.0,12.5,50.0,Delivered,,Web
BB011717,C0663,PET0830,2026-04-21,P09,4.0,12.5,50.0,Delivered,5,Pickup
BB011718,C0663,PET0831,2025-09-12,P10,5.0,13.0,65.0,Delivered,5,Web
BB011719,C0663,PET0831,2025-09-25,P03,3.0,13.5,40.5,Delivered,,Web
BB011720,C0663,PET0831,2025-10-08,P02,6.0,13.0,78.0,Delivered,5,Web
BB011721,C0663,PET0831,2025-10-17,P01,5.0,14.5,72.5,Delivered,,Web
BB011722,C0663,PET0831,2025-10-30,P07,4.0,13.5,54.0,Delivered,,Web
BB011723,C0663,PET0831,2025-11-10,P01,6.0,14.5,87.0,Delivered,5,Pickup
BB011724,C0663,PET0831,2025-11-18,P06,5.0,14.5,72.5,Delivered,5,Web
BB011725,C0663,PET0831,2025-11-25,P07,3.0,13.5,40.5,Delivered,,Web
BB011726,C0663,PET0831,2025-12-08,P01,3.0,14.5,43.5,Delivered,5,Web
BB011727,C0663,PET0831,2025-12-15,P01,6.0,14.5,87.0,Delivered,5,Web
BB011728,C0663,PET0831,2025-12-28,P01,5.0,14.5,72.5,Delivered,,Web
BB011729,C0663,PET0831,2026-01-05,P01,6.0,14.5,87.0,Delivered,,Re-order Email
BB011730,C0663,PET0831,2026-01-13,P01,3.0,14.5,43.5,Delivered,,Web
BB011731,C0663,PET0831,2026-01-26,P01,5.0,14.5,72.5,Delivered,3,Web
BB011732,C0663,PET0831,2026-02-07,P06,5.0,14.5,72.5,Delivered,,Web
BB011733,C0663,PET0831,2026-02-19,P01,5.0,14.5,72.5,Delivered,4,Web
BB011734,C0663,PET0831,2026-03-03,P01,3.0,14.5,43.5,Delivered,,Web
BB011735,C0663,PET0831,2026-03-15,P01,5.0,14.5,72.5,Delivered,,Pickup
BB011736,C0663,PET0831,2026-03-25,P01,3.0,14.5,43.5,Delivered,4,Web
BB011737,C0663,PET0831,2026-04-05,P01,5.0,14.5,72.5,Delivered,,Re-order Email
BB011738,C0663,PET0832,2025-09-14,P07,7.0,13.5,94.5,Delivered,5,Web
BB011739,C0663,PET0832,2025-09-26,P10,7.0,13.0,91.0,Delivered,,Pickup
BB011740,C0663,PET0832,2025-10-06,P07,4.0,13.5,54.0,Delivered,,Web
BB011741,C0663,PET0832,2025-10-16,P07,2.0,13.5,27.0,Delivered,,Web
BB011742,C0663,PET0832,2025-10-25,P01,5.0,14.5,72.5,Delivered,5,Web
BB011743,C0663,PET0832,2025-11-07,P03,4.0,13.5,54.0,Delivered,5,Web
BB011744,C0663,PET0832,2025-11-17,P07,6.0,13.5,81.0,Delivered,,Web
BB011745,C0663,PET0832,2025-12-01,P07,7.0,13.5,94.5,Delivered,,Web
BB011746,C0663,PET0832,2025-12-10,P07,6.0,13.5,81.0,Delivered,,Re-order Email
BB011747,C0663,PET0832,2025-12-21,P07,4.0,13.5,54.0,Delivered,5,Web
BB011748,C0663,PET0832,2026-01-04,P03,6.0,13.5,81.0,Delivered,,Web
BB011749,C0663,PET0832,2026-01-14,P07,5.0,13.5,67.5,Delivered,,Web
BB011750,C0663,PET0832,2026-01-28,P07,3.0,13.5,40.5,Delivered,,Web
BB011751,C0663,PET0832,2026-02-08,P07,4.0,13.5,54.0,Delivered,,Pickup
BB011752,C0663,PET0832,2026-02-18,P07,3.0,13.5,40.5,Delivered,5,Web
BB011753,C0663,PET0832,2026-02-27,P12,4.0,12.5,50.0,Delivered,3,Web
BB011754,C0663,PET0832,2026-03-11,P07,3.0,13.5,40.5,Delivered,,Re-order Email
BB011755,C0663,PET0832,2026-03-19,P07,4.0,13.5,54.0,Delivered,,Web
BB011756,C0663,PET0832,2026-03-30,P07,5.0,13.5,67.5,Delivered,,Web
BB011757,C0663,PET0832,2026-04-12,P07,6.0,13.5,81.0,Delivered,,Pickup
BB011758,C0663,PET0832,2026-04-21,P09,6.0,12.5,75.0,Delivered,5,Web
BB011759,C0664,PET0833,2025-09-16,P01,6.0,14.5,87.0,Delivered,5,Web
BB011760,C0664,PET0833,2025-09-29,P01,6.0,14.5,87.0,Delivered,,Web
BB011761,C0664,PET0833,2025-10-07,P01,4.0,14.5,58.0,Delivered,,Pickup
BB011762,C0664,PET0833,2025-10-14,P06,7.0,14.5,101.5,Delivered,,Web
BB011763,C0664,PET0833,2025-10-26,P06,4.0,14.5,58.0,Delivered,5,Web
BB011764,C0664,PET0833,2025-11-03,P01,6.0,14.5,87.0,Delivered,,Web
BB011765,C0664,PET0833,2025-11-14,P01,4.0,14.5,58.0,Delivered,,Pickup
BB011766,C0664,PET0833,2025-11-27,P04,5.0,14.0,70.0,Delivered,4,Web
BB011767,C0664,PET0833,2025-12-04,P01,2.0,14.5,29.0,Delivered,,Re-order Email
BB011768,C0664,PET0833,2025-12-15,P03,6.0,13.5,81.0,Delivered,,Web
BB011769,C0664,PET0833,2025-12-23,P01,6.0,14.5,87.0,Delivered,,Web
BB011770,C0664,PET0833,2025-12-30,P09,7.0,12.5,87.5,Delivered,,Pickup
BB011771,C0664,PET0833,2026-01-07,P01,5.0,14.5,72.5,Delivered,5,Pickup
BB011772,C0664,PET0833,2026-01-14,P01,5.0,14.5,72.5,Delivered,,Re-order Email
BB011773,C0664,PET0833,2026-01-24,P01,6.0,14.5,87.0,Delivered,,Web
BB011774,C0664,PET0833,2026-01-31,P01,3.0,14.5,43.5,Delivered,,Web
BB011775,C0664,PET0833,2026-02-10,P01,5.0,14.5,72.5,Delivered,,Web
BB011776,C0664,PET0833,2026-02-18,P02,6.0,13.0,78.0,Delivered,5,Web
BB011777,C0664,PET0833,2026-02-25,P01,4.0,14.5,58.0,Delivered,5,Web
BB011778,C0664,PET0833,2026-03-08,P10,4.0,13.0,52.0,Delivered,,Web
BB011779,C0664,PET0833,2026-03-20,P07,6.0,13.5,81.0,Delivered,,Web
BB011780,C0665,PET0834,2025-11-16,P01,3.0,14.5,43.5,Delivered,5,Pickup
BB011781,C0665,PET0834,2025-11-30,P02,5.0,13.0,65.0,Delivered,,Pickup
BB011782,C0665,PET0834,2025-12-13,P02,4.0,13.0,52.0,Delivered,5,Re-order Email
BB011783,C0665,PET0834,2025-12-25,P02,5.0,13.0,65.0,Delivered,,Web
BB011784,C0665,PET0834,2026-01-05,P02,4.0,13.0,52.0,Delivered,,Web
BB011785,C0665,PET0834,2026-01-17,P02,4.0,13.0,52.0,Delivered,5,Web
BB011786,C0665,PET0834,2026-01-31,P09,5.0,12.5,62.5,Delivered,4,Web
BB011787,C0665,PET0834,2026-02-11,P10,5.0,13.0,65.0,Delivered,,Pickup
BB011788,C0665,PET0834,2026-02-23,P02,6.0,13.0,78.0,Delivered,,Web
BB011789,C0665,PET0834,2026-03-04,P02,3.0,13.0,39.0,Delivered,5,Web
BB011790,C0665,PET0834,2026-03-14,P02,6.0,13.0,78.0,Delivered,,Web
BB011791,C0665,PET0834,2026-03-27,P02,4.0,13.0,52.0,Delivered,,Web
BB011792,C0665,PET0834,2026-04-06,P12,2.0,12.5,25.0,Delivered,,Pickup
BB011793,C0665,PET0834,2026-04-17,P07,4.0,13.5,54.0,Delivered,,Web
BB011794,C0665,PET0834,2026-04-24,P02,5.0,13.0,65.0,Delivered,5,Re-order Email
BB011795,C0666,PET0835,2025-10-26,P10,6.0,13.0,78.0,Delivered,,Web
BB011796,C0666,PET0835,2025-11-06,P12,6.0,12.5,75.0,Delivered,,Pickup
BB011797,C0666,PET0835,2025-11-17,P08,6.0,15.5,93.0,Delivered,,Re-order Email
BB011798,C0666,PET0835,2025-11-28,P12,3.0,12.5,37.5,Delivered,,Pickup
BB011799,C0666,PET0835,2025-12-08,P12,5.0,12.5,62.5,Delivered,,Web
BB011800,C0666,PET0835,2025-12-19,P12,4.0,12.5,50.0,Delivered,,Web
BB011801,C0666,PET0835,2025-12-28,P12,2.0,12.5,25.0,Delivered,,Web
BB011802,C0666,PET0835,2026-01-09,P09,4.0,12.5,50.0,Delivered,,Web
BB011803,C0666,PET0835,2026-01-22,P12,4.0,12.5,50.0,Delivered,5,Web
BB011804,C0666,PET0835,2026-02-04,P12,4.0,12.5,50.0,Delivered,5,Web
BB011805,C0666,PET0835,2026-02-12,P10,4.0,13.0,52.0,Delivered,5,Web
BB011806,C0666,PET0835,2026-02-23,P12,4.0,12.5,50.0,Delivered,3,Re-order Email
BB011807,C0666,PET0835,2026-03-03,P03,4.0,13.5,54.0,Delivered,,Web
BB011808,C0666,PET0835,2026-03-15,P12,5.0,12.5,62.5,Delivered,5,Web
BB011809,C0666,PET0835,2026-03-22,P12,2.0,12.5,25.0,Delivered,,Pickup
BB011810,C0666,PET0835,2026-04-04,P12,5.0,12.5,62.5,Delivered,3,Web
BB011811,C0666,PET0835,2026-04-11,P03,5.0,13.5,67.5,Delivered,5,Web
BB011812,C0666,PET0835,2026-04-20,P12,6.0,12.5,75.0,Delivered,,Web
BB011813,C0667,PET0836,2026-04-24,P10,4.0,13.0,52.0,Delivered,,Web
BB011814,C0668,PET0837,2026-03-14,P10,2.0,13.0,26.0,Delivered,,Pickup
BB011815,C0668,PET0837,2026-03-21,P10,5.0,13.0,65.0,Delivered,,Web
BB011816,C0668,PET0837,2026-03-30,P10,6.0,13.0,78.0,Delivered,,Web
BB011817,C0668,PET0837,2026-04-09,P10,6.0,13.0,78.0,Delivered,,Web
BB011818,C0668,PET0837,2026-04-17,P03,6.0,13.5,81.0,Delivered,,Re-order Email
BB011819,C0668,PET0837,2026-04-27,P08,6.0,15.5,93.0,Delivered,,Web
BB011820,C0669,PET0838,2026-03-10,P02,3.0,13.0,39.0,Delivered,5,Web
BB011821,C0669,PET0838,2026-03-20,P02,6.0,13.0,78.0,Delivered,,Re-order Email
BB011822,C0669,PET0838,2026-03-31,P12,3.0,12.5,37.5,Delivered,4,Web
BB011823,C0669,PET0838,2026-04-13,P02,4.0,13.0,52.0,Delivered,5,Web
BB011824,C0669,PET0838,2026-04-22,P12,5.0,12.5,62.5,Delivered,,Pickup
BB011825,C0670,PET0839,2025-08-13,P09,7.0,12.5,87.5,Delivered,5,Web
BB011826,C0670,PET0839,2025-08-21,P09,4.0,12.5,50.0,Delivered,5,Web
BB011827,C0670,PET0839,2025-09-01,P09,4.0,12.5,50.0,Delivered,,Web
BB011828,C0670,PET0839,2025-09-10,P09,4.0,12.5,50.0,Delivered,4,Web
BB011829,C0670,PET0839,2025-09-18,P09,5.0,12.5,62.5,Delivered,,Re-order Email
BB011830,C0670,PET0839,2025-09-29,P09,6.0,12.5,75.0,Delivered,,Pickup
BB011831,C0670,PET0839,2025-10-11,P09,4.0,12.5,50.0,Delivered,5,Web
BB011832,C0670,PET0839,2025-10-20,P09,6.0,12.5,75.0,Delivered,,Re-order Email
BB011833,C0670,PET0839,2025-10-29,P09,4.0,12.5,50.0,Delivered,5,Web
BB011834,C0670,PET0839,2025-11-07,P06,3.0,14.5,43.5,Delivered,4,Re-order Email
BB011835,C0670,PET0839,2025-11-19,P09,6.0,12.5,75.0,Delivered,5,Pickup
BB011836,C0670,PET0839,2025-11-29,P09,6.0,12.5,75.0,Delivered,,Web
BB011837,C0670,PET0839,2025-12-09,P09,4.0,12.5,50.0,Delivered,,Web
BB011838,C0670,PET0839,2025-12-17,P09,4.0,12.5,50.0,Delivered,,Web
BB011839,C0670,PET0839,2025-12-25,P09,6.0,12.5,75.0,Delivered,,Web
BB011840,C0670,PET0839,2026-01-03,P09,4.0,12.5,50.0,Delivered,,Web
BB011841,C0670,PET0839,2026-01-14,P08,5.0,15.5,77.5,Delivered,,Re-order Email
BB011842,C0670,PET0839,2026-01-22,P09,2.0,12.5,25.0,Delivered,,Web
BB011843,C0670,PET0839,2026-01-29,P09,5.0,12.5,62.5,Delivered,,Web
BB011844,C0670,PET0839,2026-02-10,P11,6.0,12.0,72.0,Delivered,5,Web
BB011845,C0670,PET0839,2026-02-17,P09,3.0,12.5,37.5,Delivered,,Re-order Email
BB011846,C0670,PET0839,2026-02-25,P01,6.0,14.5,87.0,Delivered,4,Web
BB011847,C0670,PET0839,2026-03-08,P09,5.0,12.5,62.5,Delivered,5,Web
BB011848,C0670,PET0839,2026-03-15,P09,5.0,12.5,62.5,Delivered,,Web
BB011849,C0670,PET0839,2026-03-24,P09,5.0,12.5,62.5,Delivered,5,Web
BB011850,C0670,PET0839,2026-04-02,P09,6.0,12.5,75.0,Delivered,,Web
BB011851,C0672,PET0841,2026-04-12,P07,3.0,13.5,40.5,Delivered,,Re-order Email
BB011852,C0672,PET0841,2026-04-21,P07,3.0,13.5,40.5,Delivered,,Pickup
BB011853,C0673,PET0842,2026-02-19,P02,6.0,13.0,78.0,Delivered,,Web
BB011854,C0673,PET0842,2026-02-28,P02,4.0,13.0,52.0,Delivered,5,Pickup
BB011855,C0673,PET0842,2026-03-12,P03,5.0,13.5,67.5,Delivered,,Web
BB011856,C0673,PET0842,2026-03-22,P01,6.0,14.5,87.0,Delivered,,Web
BB011857,C0673,PET0842,2026-03-30,P02,7.0,13.0,91.0,Delivered,,Web
BB011858,C0673,PET0842,2026-04-13,P02,5.0,13.0,65.0,Delivered,,Web
BB011859,C0673,PET0842,2026-04-21,P02,6.0,13.0,78.0,Delivered,,Re-order Email
BB011860,C0673,PET0842,2026-05-01,P02,3.0,13.0,39.0,Delivered,,Pickup
BB011861,C0674,PET0843,2025-10-20,P07,4.0,13.5,54.0,Delivered,,Web
BB011862,C0674,PET0843,2025-11-03,P11,3.0,12.0,36.0,Delivered,,Web
BB011863,C0674,PET0843,2025-11-17,P12,6.0,12.5,75.0,Delivered,,Pickup
BB011864,C0674,PET0843,2025-11-26,P12,6.0,12.5,75.0,Delivered,5,Web
BB011865,C0674,PET0843,2025-12-07,P12,5.0,12.5,62.5,Delivered,5,Web
BB011866,C0674,PET0843,2025-12-19,P12,3.0,12.5,37.5,Delivered,,Web
BB011867,C0674,PET0843,2026-01-01,P12,5.0,12.5,62.5,Delivered,4,Web
BB011868,C0674,PET0843,2026-01-15,P12,3.0,12.5,37.5,Delivered,5,Web
BB011869,C0674,PET0843,2026-01-24,P02,6.0,13.0,78.0,Delivered,4,Re-order Email
BB011870,C0674,PET0843,2026-02-05,P12,6.0,12.5,75.0,Delivered,,Web
BB011871,C0674,PET0843,2026-02-12,P11,5.0,12.0,60.0,Delivered,,Web
BB011872,C0674,PET0843,2026-02-20,P12,4.0,12.5,50.0,Delivered,5,Web
BB011873,C0674,PET0843,2026-03-06,P02,3.0,13.0,39.0,Delivered,,Re-order Email
BB011874,C0674,PET0843,2026-03-18,P12,4.0,12.5,50.0,Delivered,,Pickup
BB011875,C0674,PET0843,2026-03-31,P12,3.0,12.5,37.5,Delivered,5,Web
BB011876,C0674,PET0843,2026-04-10,P12,4.0,12.5,50.0,Delivered,,Pickup
BB011877,C0674,PET0843,2026-04-22,P06,2.0,14.5,29.0,Delivered,,Web
BB011878,C0675,PET0844,2024-12-29,P11,5.0,12.0,60.0,Delivered,5,Web
BB011879,C0675,PET0844,2025-01-11,P11,6.0,12.0,72.0,Delivered,,Web
BB011880,C0675,PET0844,2025-01-19,P10,5.0,13.0,65.0,Delivered,5,Pickup
BB011881,C0675,PET0844,2025-01-26,P11,6.0,12.0,72.0,Delivered,,Web
BB011882,C0675,PET0844,2025-02-02,P11,3.0,12.0,36.0,Delivered,5,Pickup
BB011883,C0675,PET0844,2025-02-13,P01,3.0,14.5,43.5,Delivered,,Pickup
BB011884,C0675,PET0844,2025-02-23,P11,5.0,12.0,60.0,Delivered,,Web
BB011885,C0675,PET0844,2025-03-03,P11,7.0,12.0,84.0,Delivered,,Pickup
BB011886,C0675,PET0844,2025-03-14,P11,6.0,12.0,72.0,Delivered,5,Web
BB011887,C0675,PET0844,2025-03-26,P11,4.0,12.0,48.0,Delivered,5,Web
BB011888,C0675,PET0844,2025-04-05,P11,5.0,12.0,60.0,Delivered,5,Web
BB011889,C0675,PET0844,2025-04-17,P10,4.0,13.0,52.0,Delivered,,Pickup
BB011890,C0675,PET0844,2025-04-27,P04,2.0,14.0,28.0,Delivered,,Web
BB011891,C0675,PET0844,2025-05-06,P11,6.0,12.0,72.0,Delivered,5,Web
BB011892,C0675,PET0844,2025-05-14,P11,5.0,12.0,60.0,Delivered,5,Web
BB011893,C0675,PET0844,2025-05-22,P09,3.0,12.5,37.5,Delivered,,Pickup
BB011894,C0675,PET0844,2025-05-31,P11,2.0,12.0,24.0,Delivered,,Web
BB011895,C0675,PET0844,2025-06-10,P11,5.0,12.0,60.0,Delivered,4,Web
BB011896,C0675,PET0844,2025-06-20,P11,5.0,12.0,60.0,Delivered,5,Re-order Email
BB011897,C0675,PET0844,2025-07-03,P11,5.0,12.0,60.0,Delivered,5,Web
BB011898,C0675,PET0844,2025-07-15,P11,4.0,12.0,48.0,Delivered,5,Web
BB011899,C0675,PET0844,2025-07-28,P11,4.0,12.0,48.0,Delivered,,Re-order Email
BB011900,C0675,PET0844,2025-08-08,P10,5.0,13.0,65.0,Delivered,5,Web
BB011901,C0675,PET0844,2025-08-15,P11,3.0,12.0,36.0,Delivered,4,Web
BB011902,C0675,PET0844,2025-08-27,P11,3.0,12.0,36.0,Delivered,,Web
BB011903,C0675,PET0844,2025-09-05,P01,7.0,14.5,101.5,Delivered,,Web
BB011904,C0675,PET0844,2025-09-18,P11,3.0,12.0,36.0,Delivered,,Pickup
BB011905,C0675,PET0844,2025-09-29,P11,3.0,12.0,36.0,Delivered,,Web
BB011906,C0675,PET0844,2025-10-07,P11,3.0,12.0,36.0,Delivered,,Web
BB011907,C0675,PET0844,2025-10-15,P02,3.0,13.0,39.0,Delivered,5,Web
BB011908,C0675,PET0844,2025-10-23,P11,6.0,12.0,72.0,Delivered,5,Web
BB011909,C0675,PET0844,2025-10-30,P11,5.0,12.0,60.0,Delivered,5,Pickup
BB011910,C0675,PET0844,2025-11-08,P11,6.0,12.0,72.0,Delivered,,Web
BB011911,C0675,PET0844,2025-11-20,P11,5.0,12.0,60.0,Delivered,4,Pickup
BB011912,C0675,PET0844,2025-12-03,P12,3.0,12.5,37.5,Delivered,,Web
BB011913,C0675,PET0844,2025-12-10,P11,3.0,12.0,36.0,Delivered,,Pickup
BB011914,C0675,PET0844,2025-12-20,P11,3.0,12.0,36.0,Delivered,,Web
BB011915,C0675,PET0844,2025-12-30,P11,4.0,12.0,48.0,Delivered,5,Web
BB011916,C0675,PET0844,2026-01-07,P11,5.0,12.0,60.0,Delivered,4,Pickup
BB011917,C0675,PET0844,2026-01-16,P11,6.0,12.0,72.0,Delivered,,Web
BB011918,C0675,PET0844,2026-01-29,P11,5.0,12.0,60.0,Delivered,,Web
BB011919,C0675,PET0844,2026-02-09,P10,5.0,13.0,65.0,Delivered,5,Pickup
BB011920,C0675,PET0844,2026-02-19,P03,3.0,13.5,40.5,Delivered,5,Web
BB011921,C0675,PET0844,2026-03-02,P01,5.0,14.5,72.5,Delivered,,Web
BB011922,C0675,PET0844,2026-03-14,P11,4.0,12.0,48.0,Delivered,5,Pickup
BB011923,C0675,PET0844,2026-03-25,P11,2.0,12.0,24.0,Delivered,5,Re-order Email
BB011924,C0675,PET0844,2026-04-07,P11,4.0,12.0,48.0,Delivered,4,Web
BB011925,C0676,PET0845,2026-03-15,P06,4.0,14.5,58.0,Delivered,,Web
BB011926,C0676,PET0845,2026-03-22,P06,4.0,14.5,58.0,Delivered,5,Web
BB011927,C0676,PET0845,2026-03-30,P07,4.0,13.5,54.0,Delivered,5,Pickup
BB011928,C0677,PET0847,2026-03-15,P10,3.0,13.0,39.0,Delivered,5,Web
BB011929,C0677,PET0847,2026-03-23,P10,5.0,13.0,65.0,Delivered,5,Web
BB011930,C0677,PET0847,2026-04-05,P02,6.0,13.0,78.0,Delivered,,Web
BB011931,C0677,PET0847,2026-04-12,P11,4.0,12.0,48.0,Delivered,,Re-order Email
BB011932,C0677,PET0847,2026-04-22,P10,5.0,13.0,65.0,Delivered,5,Web
BB011933,C0678,PET0848,2025-12-09,P12,4.0,12.5,50.0,Delivered,5,Web
BB011934,C0678,PET0848,2025-12-17,P12,4.0,12.5,50.0,Delivered,,Web
BB011935,C0678,PET0848,2025-12-26,P12,4.0,12.5,50.0,Delivered,,Pickup
BB011936,C0678,PET0848,2026-01-06,P08,3.0,15.5,46.5,Delivered,4,Re-order Email
BB011937,C0678,PET0848,2026-01-17,P09,4.0,12.5,50.0,Delivered,5,Web
BB011938,C0678,PET0848,2026-01-24,P12,6.0,12.5,75.0,Delivered,,Re-order Email
BB011939,C0678,PET0848,2026-02-01,P01,6.0,14.5,87.0,Delivered,,Web
BB011940,C0678,PET0848,2026-02-13,P12,7.0,12.5,87.5,Delivered,,Re-order Email
BB011941,C0678,PET0848,2026-02-21,P12,3.0,12.5,37.5,Delivered,5,Web
BB011942,C0678,PET0848,2026-03-06,P12,4.0,12.5,50.0,Delivered,,Web
BB011943,C0678,PET0848,2026-03-16,P12,5.0,12.5,62.5,Delivered,,Web
BB011944,C0678,PET0848,2026-03-27,P12,5.0,12.5,62.5,Delivered,,Web
BB011945,C0678,PET0848,2026-04-07,P12,4.0,12.5,50.0,Delivered,,Web
BB011946,C0678,PET0848,2026-04-16,P10,2.0,13.0,26.0,Delivered,,Web
BB011947,C0678,PET0848,2026-04-28,P12,6.0,12.5,75.0,Delivered,,Re-order Email
BB011948,C0679,PET0849,2025-11-21,P01,4.0,14.5,58.0,Delivered,,Web
BB011949,C0679,PET0849,2025-12-01,P01,5.0,14.5,72.5,Delivered,5,Web
BB011950,C0679,PET0849,2025-12-12,P08,5.0,15.5,77.5,Delivered,,Web
BB011951,C0679,PET0849,2025-12-24,P01,2.0,14.5,29.0,Delivered,4,Re-order Email
BB011952,C0679,PET0849,2026-01-03,P01,4.0,14.5,58.0,Delivered,5,Web
BB011953,C0679,PET0849,2026-01-10,P01,6.0,14.5,87.0,Delivered,,Web
BB011954,C0679,PET0849,2026-01-22,P01,4.0,14.5,58.0,Delivered,,Web
BB011955,C0679,PET0849,2026-01-31,P01,2.0,14.5,29.0,Delivered,4,Web
BB011956,C0679,PET0849,2026-02-08,P01,6.0,14.5,87.0,Delivered,5,Web
BB011957,C0679,PET0849,2026-02-21,P01,7.0,14.5,101.5,Delivered,,Pickup
BB011958,C0679,PET0849,2026-03-03,P09,3.0,12.5,37.5,Delivered,5,Web
BB011959,C0679,PET0850,2025-11-21,P03,3.0,13.5,40.5,Delivered,,Web
BB011960,C0679,PET0850,2025-12-04,P03,4.0,13.5,54.0,Delivered,,Web
BB011961,C0679,PET0850,2025-12-11,P03,6.0,13.5,81.0,Delivered,,Web
BB011962,C0679,PET0850,2025-12-20,P09,5.0,12.5,62.5,Delivered,5,Web
BB011963,C0679,PET0850,2026-01-01,P01,4.0,14.5,58.0,Delivered,,Web
BB011964,C0679,PET0850,2026-01-13,P03,5.0,13.5,67.5,Delivered,,Web
BB011965,C0679,PET0850,2026-01-26,P03,7.0,13.5,94.5,Delivered,,Web
BB011966,C0679,PET0850,2026-02-02,P03,3.0,13.5,40.5,Delivered,5,Web
BB011967,C0679,PET0850,2026-02-10,P03,5.0,13.5,67.5,Delivered,5,Web
BB011968,C0679,PET0850,2026-02-22,P03,2.0,13.5,27.0,Delivered,,Web
BB011969,C0679,PET0850,2026-03-02,P03,4.0,13.5,54.0,Delivered,,Pickup
BB011970,C0679,PET0850,2026-03-12,P03,5.0,13.5,67.5,Delivered,5,Web
BB011971,C0679,PET0850,2026-03-19,P03,7.0,13.5,94.5,Delivered,5,Web
BB011972,C0679,PET0850,2026-03-29,P11,6.0,12.0,72.0,Delivered,,Web
BB011973,C0679,PET0850,2026-04-06,P08,5.0,15.5,77.5,Delivered,,Re-order Email
BB011974,C0679,PET0850,2026-04-19,P03,7.0,13.5,94.5,Delivered,5,Re-order Email
BB011975,C0679,PET0851,2025-11-21,P08,4.0,15.5,62.0,Delivered,5,Web
BB011976,C0679,PET0851,2025-11-29,P08,6.0,15.5,93.0,Delivered,4,Pickup
BB011977,C0679,PET0851,2025-12-12,P08,6.0,15.5,93.0,Delivered,,Pickup
BB011978,C0679,PET0851,2025-12-20,P08,3.0,15.5,46.5,Delivered,,Web
BB011979,C0679,PET0851,2026-01-01,P08,7.0,15.5,108.5,Delivered,5,Pickup
BB011980,C0679,PET0851,2026-01-14,P06,5.0,14.5,72.5,Delivered,5,Re-order Email
BB011981,C0680,PET0852,2026-04-09,P02,5.0,13.0,65.0,Delivered,5,Web
BB011982,C0680,PET0852,2026-04-20,P02,5.0,13.0,65.0,Delivered,,Web
BB011983,C0680,PET0853,2026-04-07,P02,4.0,13.0,52.0,Delivered,,Pickup
BB011984,C0680,PET0853,2026-04-20,P02,6.0,13.0,78.0,Delivered,5,Pickup
BB011985,C0680,PET0853,2026-04-27,P02,5.0,13.0,65.0,Delivered,,Re-order Email
BB011986,C0681,PET0854,2026-05-01,P08,5.0,15.5,77.5,Delivered,,Web
BB011987,C0682,PET0855,2026-04-17,P03,6.0,13.5,81.0,Delivered,,Web
BB011988,C0682,PET0855,2026-04-29,P07,6.0,13.5,81.0,Delivered,,Web
BB011989,C0683,PET0856,2026-04-26,P03,5.0,13.5,67.5,Delivered,5,Web
BB011990,C0684,PET0857,2026-04-23,P02,6.0,13.0,78.0,Delivered,,Web
BB011991,C0685,PET0858,2026-04-05,P07,5.0,13.5,67.5,Delivered,5,Web
BB011992,C0685,PET0858,2026-04-13,P07,4.0,13.5,54.0,Delivered,,Web
BB011993,C0685,PET0858,2026-04-26,P07,5.0,13.5,67.5,Delivered,,Pickup
BB011994,C0685,PET0859,2026-04-05,P02,5.0,13.0,65.0,Delivered,,Web
BB011995,C0685,PET0859,2026-04-14,P03,4.0,13.5,54.0,Delivered,,Re-order Email
BB011996,C0685,PET0859,2026-04-26,P07,5.0,13.5,67.5,Delivered,,Pickup
BB011997,C0686,PET0860,2025-10-17,P03,3.0,13.5,40.5,Delivered,,Re-order Email
BB011998,C0686,PET0860,2025-10-25,P09,7.0,12.5,87.5,Delivered,,Web
BB011999,C0686,PET0860,2025-11-02,P09,4.0,12.5,50.0,Delivered,4,Pickup
BB012000,C0686,PET0860,2025-11-16,P09,5.0,12.5,62.5,Delivered,4,Re-order Email
BB012001,C0686,PET0860,2025-11-27,P09,6.0,12.5,75.0,Delivered,,Pickup
BB012002,C0686,PET0860,2025-12-09,P01,4.0,14.5,58.0,Delivered,,Re-order Email
BB012003,C0686,PET0860,2025-12-17,P09,5.0,12.5,62.5,Delivered,,Pickup
BB012004,C0686,PET0860,2025-12-29,P09,3.0,12.5,37.5,Delivered,,Web
BB012005,C0686,PET0860,2026-01-06,P09,7.0,12.5,87.5,Delivered,,Web
BB012006,C0686,PET0860,2026-01-20,P09,4.0,12.5,50.0,Delivered,,Web
BB012007,C0686,PET0860,2026-01-30,P09,6.0,12.5,75.0,Delivered,5,Web
BB012008,C0686,PET0860,2026-02-06,P12,4.0,12.5,50.0,Delivered,5,Web
BB012009,C0686,PET0860,2026-02-13,P09,5.0,12.5,62.5,Delivered,5,Web
BB012010,C0686,PET0860,2026-02-27,P09,5.0,12.5,62.5,Delivered,,Web
BB012011,C0686,PET0860,2026-03-09,P09,3.0,12.5,37.5,Delivered,4,Web
BB012012,C0686,PET0860,2026-03-23,P09,5.0,12.5,62.5,Delivered,,Re-order Email
BB012013,C0686,PET0860,2026-03-30,P09,4.0,12.5,50.0,Delivered,4,Web
BB012014,C0686,PET0860,2026-04-10,P08,6.0,15.5,93.0,Delivered,,Web
BB012015,C0686,PET0860,2026-04-17,P09,4.0,12.5,50.0,Delivered,,Web
BB012016,C0686,PET0860,2026-04-25,P09,6.0,12.5,75.0,Delivered,,Web
BB012017,C0687,PET0861,2025-10-29,P03,3.0,13.5,40.5,Delivered,4,Web
BB012018,C0687,PET0861,2025-11-08,P03,6.0,13.5,81.0,Delivered,5,Re-order Email
BB012019,C0687,PET0861,2025-11-17,P01,4.0,14.5,58.0,Delivered,,Web
BB012020,C0687,PET0861,2025-11-29,P03,4.0,13.5,54.0,Delivered,,Web
BB012021,C0687,PET0861,2025-12-13,P03,5.0,13.5,67.5,Delivered,5,Web
BB012022,C0687,PET0861,2025-12-21,P01,5.0,14.5,72.5,Delivered,,Web
BB012023,C0687,PET0861,2026-01-03,P03,4.0,13.5,54.0,Delivered,,Re-order Email
BB012024,C0687,PET0861,2026-01-12,P03,5.0,13.5,67.5,Delivered,,Pickup
BB012025,C0687,PET0861,2026-01-19,P03,6.0,13.5,81.0,Delivered,,Web
BB012026,C0687,PET0861,2026-01-30,P07,4.0,13.5,54.0,Delivered,5,Web
BB012027,C0687,PET0861,2026-02-09,P03,4.0,13.5,54.0,Delivered,,Web
BB012028,C0687,PET0861,2026-02-18,P09,4.0,12.5,50.0,Delivered,,Re-order Email
BB012029,C0687,PET0861,2026-03-02,P03,4.0,13.5,54.0,Delivered,4,Re-order Email
BB012030,C0687,PET0861,2026-03-12,P02,3.0,13.0,39.0,Delivered,5,Web
BB012031,C0687,PET0861,2026-03-19,P03,6.0,13.5,81.0,Delivered,,Web
BB012032,C0687,PET0861,2026-03-27,P03,5.0,13.5,67.5,Delivered,,Web
BB012033,C0687,PET0861,2026-04-08,P08,5.0,15.5,77.5,Delivered,,Web
BB012034,C0687,PET0861,2026-04-19,P03,6.0,13.5,81.0,Delivered,,Web
BB012035,C0687,PET0862,2025-10-27,P09,5.0,12.5,62.5,Delivered,,Web
BB012036,C0687,PET0862,2025-11-07,P03,5.0,13.5,67.5,Delivered,5,Web
BB012037,C0687,PET0862,2025-11-21,P08,7.0,15.5,108.5,Delivered,,Pickup
BB012038,C0687,PET0862,2025-11-29,P03,4.0,13.5,54.0,Delivered,,Web
BB012039,C0687,PET0862,2025-12-09,P03,5.0,13.5,67.5,Delivered,,Re-order Email
BB012040,C0687,PET0862,2025-12-16,P03,5.0,13.5,67.5,Delivered,,Web
BB012041,C0687,PET0862,2025-12-28,P07,4.0,13.5,54.0,Delivered,,Re-order Email
BB012042,C0687,PET0862,2026-01-10,P03,5.0,13.5,67.5,Delivered,,Re-order Email
BB012043,C0687,PET0862,2026-01-19,P03,5.0,13.5,67.5,Delivered,,Web
BB012044,C0687,PET0862,2026-01-26,P09,4.0,12.5,50.0,Delivered,,Web
BB012045,C0687,PET0862,2026-02-05,P03,5.0,13.5,67.5,Delivered,5,Pickup
BB012046,C0687,PET0862,2026-02-19,P02,5.0,13.0,65.0,Delivered,,Pickup
BB012047,C0687,PET0862,2026-02-28,P03,5.0,13.5,67.5,Delivered,,Web
BB012048,C0687,PET0862,2026-03-11,P03,5.0,13.5,67.5,Delivered,,Web
BB012049,C0687,PET0862,2026-03-25,P01,6.0,14.5,87.0,Delivered,5,Web
BB012050,C0687,PET0862,2026-04-02,P03,5.0,13.5,67.5,Delivered,5,Web
BB012051,C0687,PET0862,2026-04-11,P03,2.0,13.5,27.0,Delivered,,Web
BB012052,C0687,PET0862,2026-04-19,P03,5.0,13.5,67.5,Delivered,5,Web
BB012053,C0688,PET0863,2025-12-29,P06,4.0,14.5,58.0,Delivered,,Re-order Email
BB012054,C0688,PET0863,2026-01-05,P06,4.0,14.5,58.0,Delivered,,Web
BB012055,C0688,PET0863,2026-01-14,P06,6.0,14.5,87.0,Delivered,,Web
BB012056,C0688,PET0863,2026-01-26,P06,4.0,14.5,58.0,Delivered,4,Pickup
BB012057,C0688,PET0863,2026-02-04,P06,7.0,14.5,101.5,Delivered,,Web
BB012058,C0688,PET0863,2026-02-16,P06,4.0,14.5,58.0,Delivered,,Web
BB012059,C0688,PET0863,2026-02-23,P06,5.0,14.5,72.5,Delivered,3,Web
BB012060,C0688,PET0863,2026-03-02,P06,4.0,14.5,58.0,Delivered,,Web
BB012061,C0688,PET0863,2026-03-09,P10,5.0,13.0,65.0,Delivered,,Web
BB012062,C0688,PET0863,2026-03-19,P09,6.0,12.5,75.0,Delivered,,Re-order Email
BB012063,C0688,PET0863,2026-03-28,P06,6.0,14.5,87.0,Delivered,,Web
BB012064,C0688,PET0863,2026-04-08,P02,7.0,13.0,91.0,Delivered,,Re-order Email
BB012065,C0689,PET0864,2026-04-25,P06,6.0,14.5,87.0,Delivered,,Re-order Email
BB012066,C0690,PET0865,2026-04-28,P03,3.0,13.5,40.5,Delivered,,Web
BB012067,C0691,PET0866,2025-08-27,P10,5.0,13.0,65.0,Delivered,5,Web
BB012068,C0691,PET0866,2025-09-06,P10,3.0,13.0,39.0,Delivered,,Web
BB012069,C0691,PET0866,2025-09-14,P11,3.0,12.0,36.0,Delivered,5,Web
BB012070,C0691,PET0866,2025-09-28,P10,6.0,13.0,78.0,Delivered,5,Web
BB012071,C0691,PET0866,2025-10-07,P10,4.0,13.0,52.0,Delivered,5,Web
BB012072,C0691,PET0866,2025-10-16,P10,4.0,13.0,52.0,Delivered,5,Web
BB012073,C0691,PET0866,2025-10-23,P10,6.0,13.0,78.0,Delivered,,Web
BB012074,C0691,PET0866,2025-10-31,P09,5.0,12.5,62.5,Delivered,,Web
BB012075,C0691,PET0866,2025-11-07,P10,5.0,13.0,65.0,Delivered,,Web
BB012076,C0691,PET0866,2025-11-17,P02,6.0,13.0,78.0,Delivered,,Pickup
BB012077,C0691,PET0866,2025-11-29,P10,6.0,13.0,78.0,Delivered,,Web
BB012078,C0691,PET0866,2025-12-12,P10,4.0,13.0,52.0,Delivered,,Web
BB012079,C0691,PET0866,2025-12-21,P10,3.0,13.0,39.0,Delivered,5,Web
BB012080,C0691,PET0866,2026-01-04,P01,3.0,14.5,43.5,Delivered,,Web
BB012081,C0691,PET0866,2026-01-12,P10,5.0,13.0,65.0,Delivered,,Web
BB012082,C0691,PET0866,2026-01-22,P10,5.0,13.0,65.0,Delivered,,Web
BB012083,C0691,PET0866,2026-01-31,P10,4.0,13.0,52.0,Delivered,,Web
BB012084,C0691,PET0866,2026-02-14,P09,6.0,12.5,75.0,Delivered,5,Web
BB012085,C0691,PET0866,2026-02-22,P10,5.0,13.0,65.0,Delivered,,Re-order Email
BB012086,C0691,PET0866,2026-03-08,P10,3.0,13.0,39.0,Delivered,,Web
BB012087,C0691,PET0866,2026-03-20,P10,6.0,13.0,78.0,Delivered,,Web
BB012088,C0691,PET0866,2026-04-03,P06,4.0,14.5,58.0,Delivered,5,Re-order Email
BB012089,C0691,PET0866,2026-04-15,P10,6.0,13.0,78.0,Delivered,5,Web
BB012090,C0691,PET0866,2026-04-24,P10,4.0,13.0,52.0,Delivered,4,Pickup
BB012091,C0692,PET0867,2025-04-23,P01,4.0,14.5,58.0,Delivered,,Web
BB012092,C0692,PET0867,2025-05-04,P01,4.0,14.5,58.0,Delivered,,Re-order Email
BB012093,C0692,PET0867,2025-05-12,P01,5.0,14.5,72.5,Delivered,,Pickup
BB012094,C0692,PET0867,2025-05-26,P01,3.0,14.5,43.5,Delivered,,Web
BB012095,C0692,PET0867,2025-06-05,P01,6.0,14.5,87.0,Delivered,,Web
BB012096,C0692,PET0867,2025-06-17,P01,6.0,14.5,87.0,Delivered,,Web
BB012097,C0692,PET0867,2025-07-01,P01,6.0,14.5,87.0,Delivered,,Re-order Email
BB012098,C0692,PET0867,2025-07-11,P01,4.0,14.5,58.0,Delivered,5,Web
BB012099,C0692,PET0867,2025-07-24,P01,5.0,14.5,72.5,Delivered,,Web
BB012100,C0692,PET0867,2025-08-02,P01,3.0,14.5,43.5,Delivered,,Web
BB012101,C0692,PET0867,2025-08-14,P01,3.0,14.5,43.5,Delivered,5,Re-order Email
BB012102,C0692,PET0867,2025-08-25,P01,5.0,14.5,72.5,Delivered,5,Re-order Email
BB012103,C0692,PET0867,2025-09-07,P07,4.0,13.5,54.0,Delivered,,Web
BB012104,C0692,PET0867,2025-09-18,P01,3.0,14.5,43.5,Delivered,5,Web
BB012105,C0692,PET0867,2025-10-02,P01,6.0,14.5,87.0,Delivered,5,Web
BB012106,C0692,PET0867,2025-10-12,P01,5.0,14.5,72.5,Delivered,4,Web
BB012107,C0692,PET0867,2025-10-21,P01,6.0,14.5,87.0,Delivered,,Web
BB012108,C0692,PET0867,2025-10-29,P01,7.0,14.5,101.5,Delivered,,Web
BB012109,C0692,PET0867,2025-11-10,P01,3.0,14.5,43.5,Delivered,5,Web
BB012110,C0692,PET0867,2025-11-19,P01,5.0,14.5,72.5,Delivered,4,Web
BB012111,C0692,PET0867,2025-12-01,P01,7.0,14.5,101.5,Delivered,,Web
BB012112,C0692,PET0867,2025-12-08,P01,7.0,14.5,101.5,Delivered,,Web
BB012113,C0692,PET0867,2025-12-19,P01,4.0,14.5,58.0,Delivered,5,Web
BB012114,C0692,PET0867,2025-12-28,P11,4.0,12.0,48.0,Delivered,5,Web
BB012115,C0692,PET0867,2026-01-10,P01,3.0,14.5,43.5,Delivered,,Web
BB012116,C0692,PET0867,2026-01-23,P01,6.0,14.5,87.0,Delivered,3,Web
BB012117,C0692,PET0867,2026-02-01,P12,7.0,12.5,87.5,Delivered,4,Re-order Email
BB012118,C0692,PET0867,2026-02-10,P01,4.0,14.5,58.0,Delivered,,Re-order Email
BB012119,C0692,PET0867,2026-02-22,P01,4.0,14.5,58.0,Delivered,,Web
BB012120,C0692,PET0867,2026-03-08,P01,5.0,14.5,72.5,Delivered,,Web
BB012121,C0692,PET0867,2026-03-20,P01,4.0,14.5,58.0,Delivered,,Web
BB012122,C0692,PET0867,2026-03-29,P02,5.0,13.0,65.0,Delivered,,Web
BB012123,C0692,PET0867,2026-04-10,P06,5.0,14.5,72.5,Delivered,,Pickup
BB012124,C0692,PET0867,2026-04-17,P01,4.0,14.5,58.0,Delivered,,Web
BB012125,C0693,PET0868,2026-03-19,P11,5.0,12.0,60.0,Delivered,,Web
BB012126,C0693,PET0868,2026-03-31,P11,7.0,12.0,84.0,Delivered,,Re-order Email
BB012127,C0693,PET0868,2026-04-14,P11,4.0,12.0,48.0,Delivered,,Web
BB012128,C0693,PET0868,2026-04-24,P11,5.0,12.0,60.0,Delivered,,Web
BB012129,C0693,PET0869,2026-03-19,P03,6.0,13.5,81.0,Delivered,,Web
BB012130,C0693,PET0869,2026-04-02,P07,4.0,13.5,54.0,Delivered,,Web
BB012131,C0693,PET0869,2026-04-13,P03,5.0,13.5,67.5,Delivered,4,Web
BB012132,C0693,PET0869,2026-04-25,P12,4.0,12.5,50.0,Delivered,5,Web
BB012133,C0694,PET0870,2025-08-12,P10,6.0,13.0,78.0,Delivered,5,Web
BB012134,C0694,PET0870,2025-08-25,P09,7.0,12.5,87.5,Delivered,,Re-order Email
BB012135,C0694,PET0870,2025-09-02,P09,5.0,12.5,62.5,Delivered,,Web
BB012136,C0694,PET0870,2025-09-11,P09,6.0,12.5,75.0,Delivered,,Web
BB012137,C0694,PET0870,2025-09-18,P09,4.0,12.5,50.0,Delivered,5,Web
BB012138,C0694,PET0870,2025-09-28,P09,5.0,12.5,62.5,Delivered,5,Re-order Email
BB012139,C0694,PET0870,2025-10-06,P09,7.0,12.5,87.5,Delivered,,Web
BB012140,C0694,PET0870,2025-10-17,P09,3.0,12.5,37.5,Delivered,3,Web
BB012141,C0694,PET0870,2025-10-28,P02,5.0,13.0,65.0,Delivered,4,Pickup
BB012142,C0694,PET0870,2025-11-11,P09,3.0,12.5,37.5,Delivered,,Pickup
BB012143,C0694,PET0870,2025-11-19,P11,4.0,12.0,48.0,Delivered,,Web
BB012144,C0694,PET0870,2025-11-27,P09,6.0,12.5,75.0,Delivered,,Web
BB012145,C0694,PET0870,2025-12-09,P09,5.0,12.5,62.5,Delivered,3,Web
BB012146,C0694,PET0870,2025-12-17,P09,4.0,12.5,50.0,Delivered,5,Web
BB012147,C0694,PET0870,2025-12-30,P09,5.0,12.5,62.5,Delivered,,Re-order Email
BB012148,C0694,PET0870,2026-01-11,P06,4.0,14.5,58.0,Delivered,,Web
BB012149,C0694,PET0870,2026-01-22,P09,2.0,12.5,25.0,Delivered,4,Web
BB012150,C0694,PET0870,2026-02-02,P09,4.0,12.5,50.0,Delivered,,Web
BB012151,C0694,PET0870,2026-02-13,P09,5.0,12.5,62.5,Delivered,,Web
BB012152,C0694,PET0870,2026-02-24,P03,6.0,13.5,81.0,Delivered,5,Web
BB012153,C0694,PET0870,2026-03-03,P09,4.0,12.5,50.0,Delivered,5,Web
BB012154,C0694,PET0870,2026-03-13,P09,5.0,12.5,62.5,Delivered,,Re-order Email
BB012155,C0694,PET0870,2026-03-21,P09,5.0,12.5,62.5,Delivered,,Web
BB012156,C0694,PET0870,2026-03-28,P08,2.0,15.5,31.0,Delivered,5,Re-order Email
BB012157,C0694,PET0870,2026-04-09,P11,3.0,12.0,36.0,Delivered,5,Web
BB012158,C0694,PET0870,2026-04-18,P09,2.0,12.5,25.0,Delivered,,Re-order Email
BB012159,C0695,PET0871,2026-01-14,P03,5.0,13.5,67.5,Delivered,,Web
BB012160,C0695,PET0871,2026-01-25,P03,2.0,13.5,27.0,Delivered,5,Pickup
BB012161,C0695,PET0871,2026-02-05,P04,6.0,14.0,84.0,Delivered,,Web
BB012162,C0695,PET0871,2026-02-16,P03,5.0,13.5,67.5,Delivered,,Pickup
BB012163,C0695,PET0871,2026-02-23,P10,6.0,13.0,78.0,Delivered,,Web
BB012164,C0695,PET0871,2026-03-03,P03,5.0,13.5,67.5,Delivered,,Web
BB012165,C0695,PET0871,2026-03-12,P03,3.0,13.5,40.5,Delivered,5,Re-order Email
BB012166,C0695,PET0871,2026-03-25,P08,6.0,15.5,93.0,Delivered,,Web
BB012167,C0695,PET0871,2026-04-04,P03,3.0,13.5,40.5,Delivered,,Re-order Email
BB012168,C0695,PET0871,2026-04-12,P10,6.0,13.0,78.0,Delivered,,Web
BB012169,C0695,PET0871,2026-04-20,P03,5.0,13.5,67.5,Delivered,4,Web
BB012170,C0695,PET0872,2026-01-12,P10,3.0,13.0,39.0,Delivered,5,Web
BB012171,C0695,PET0872,2026-01-25,P10,6.0,13.0,78.0,Delivered,,Re-order Email
BB012172,C0695,PET0872,2026-02-01,P01,5.0,14.5,72.5,Delivered,,Web
BB012173,C0695,PET0872,2026-02-14,P10,3.0,13.0,39.0,Delivered,,Web
BB012174,C0695,PET0872,2026-02-26,P01,3.0,14.5,43.5,Delivered,5,Web
BB012175,C0695,PET0872,2026-03-05,P10,4.0,13.0,52.0,Delivered,,Web
BB012176,C0695,PET0872,2026-03-18,P10,5.0,13.0,65.0,Delivered,5,Web
BB012177,C0695,PET0872,2026-03-28,P10,6.0,13.0,78.0,Delivered,,Re-order Email
BB012178,C0695,PET0872,2026-04-06,P07,4.0,13.5,54.0,Delivered,4,Web
BB012179,C0695,PET0872,2026-04-19,P10,5.0,13.0,65.0,Delivered,,Re-order Email
BB012180,C0696,PET0873,2026-01-03,P07,4.0,13.5,54.0,Delivered,,Pickup
BB012181,C0696,PET0873,2026-01-17,P07,4.0,13.5,54.0,Delivered,,Web
BB012182,C0696,PET0873,2026-01-29,P07,5.0,13.5,67.5,Delivered,5,Web
BB012183,C0696,PET0873,2026-02-10,P01,5.0,14.5,72.5,Delivered,,Web
BB012184,C0696,PET0873,2026-02-18,P07,3.0,13.5,40.5,Delivered,,Web
BB012185,C0696,PET0873,2026-02-28,P07,6.0,13.5,81.0,Delivered,,Pickup
BB012186,C0696,PET0873,2026-03-10,P01,2.0,14.5,29.0,Delivered,,Web
BB012187,C0696,PET0873,2026-03-18,P07,6.0,13.5,81.0,Delivered,4,Web
BB012188,C0696,PET0873,2026-03-28,P07,3.0,13.5,40.5,Delivered,4,Re-order Email
BB012189,C0696,PET0873,2026-04-09,P07,4.0,13.5,54.0,Delivered,3,Web
BB012190,C0696,PET0873,2026-04-19,P12,7.0,12.5,87.5,Delivered,,Re-order Email
BB012191,C0698,PET0875,2026-04-30,P12,6.0,12.5,75.0,Delivered,,Web
BB012192,C0698,PET0876,2026-04-30,P03,4.0,13.5,54.0,Delivered,4,Web
BB012193,C0699,PET0877,2026-03-07,P09,5.0,12.5,62.5,Delivered,,Web
BB012194,C0699,PET0877,2026-03-14,P09,6.0,12.5,75.0,Delivered,4,Web
BB012195,C0699,PET0877,2026-03-26,P09,4.0,12.5,50.0,Delivered,,Web
BB012196,C0699,PET0877,2026-04-08,P09,4.0,12.5,50.0,Delivered,3,Re-order Email
BB012197,C0699,PET0877,2026-04-17,P09,4.0,12.5,50.0,Delivered,5,Web
BB012198,C0699,PET0877,2026-04-29,P09,4.0,12.5,50.0,Delivered,,Web
BB012199,C0699,PET0878,2026-03-09,P08,6.0,15.5,93.0,Delivered,,Re-order Email
BB012200,C0699,PET0878,2026-03-19,P06,5.0,14.5,72.5,Delivered,5,Web
BB012201,C0699,PET0878,2026-03-27,P08,4.0,15.5,62.0,Delivered,5,Web
BB012202,C0699,PET0878,2026-04-05,P08,5.0,15.5,77.5,Delivered,,Web
BB012203,C0699,PET0878,2026-04-12,P12,4.0,12.5,50.0,Delivered,5,Re-order Email
BB012204,C0699,PET0878,2026-04-25,P08,6.0,15.5,93.0,Delivered,,Web
BB012205,C0700,PET0879,2025-11-05,P11,5.0,12.0,60.0,Delivered,,Web
BB012206,C0700,PET0879,2025-11-18,P11,5.0,12.0,60.0,Delivered,,Web
BB012207,C0700,PET0879,2025-12-01,P11,3.0,12.0,36.0,Delivered,,Web
BB012208,C0700,PET0879,2025-12-12,P11,5.0,12.0,60.0,Delivered,,Web
BB012209,C0700,PET0879,2025-12-26,P11,3.0,12.0,36.0,Delivered,,Pickup
BB012210,C0700,PET0879,2026-01-05,P07,7.0,13.5,94.5,Delivered,,Web
BB012211,C0700,PET0879,2026-01-19,P01,3.0,14.5,43.5,Delivered,5,Web
BB012212,C0700,PET0879,2026-01-27,P11,4.0,12.0,48.0,Delivered,,Pickup
BB012213,C0700,PET0879,2026-02-10,P11,6.0,12.0,72.0,Delivered,,Web
BB012214,C0700,PET0879,2026-02-17,P03,3.0,13.5,40.5,Delivered,,Re-order Email
BB012215,C0700,PET0879,2026-02-28,P11,4.0,12.0,48.0,Delivered,,Pickup
BB012216,C0700,PET0879,2026-03-09,P11,5.0,12.0,60.0,Delivered,,Web
BB012217,C0700,PET0879,2026-03-23,P11,5.0,12.0,60.0,Delivered,,Web
BB012218,C0700,PET0879,2026-04-05,P11,5.0,12.0,60.0,Delivered,,Web
BB012219,C0700,PET0879,2026-04-16,P11,3.0,12.0,36.0,Delivered,,Pickup
BB012220,C0700,PET0879,2026-04-24,P11,4.0,12.0,48.0,Delivered,5,Pickup
BB012221,C0701,PET0880,2025-02-19,P12,4.0,12.5,50.0,Delivered,5,Web
BB012222,C0701,PET0880,2025-03-01,P02,6.0,13.0,78.0,Delivered,,Web
BB012223,C0701,PET0880,2025-03-12,P12,4.0,12.5,50.0,Delivered,5,Pickup
BB012224,C0701,PET0880,2025-03-24,P12,7.0,12.5,87.5,Delivered,,Re-order Email
BB012225,C0701,PET0880,2025-04-03,P12,4.0,12.5,50.0,Delivered,,Web
BB012226,C0701,PET0880,2025-04-10,P12,2.0,12.5,25.0,Delivered,,Web
BB012227,C0701,PET0880,2025-04-20,P12,7.0,12.5,87.5,Delivered,,Pickup
BB012228,C0701,PET0880,2025-04-27,P12,4.0,12.5,50.0,Delivered,,Web
BB012229,C0701,PET0880,2025-05-07,P12,6.0,12.5,75.0,Delivered,,Web
BB012230,C0701,PET0880,2025-05-17,P12,5.0,12.5,62.5,Delivered,5,Web
BB012231,C0701,PET0880,2025-05-28,P12,5.0,12.5,62.5,Delivered,,Web
BB012232,C0701,PET0880,2025-07-09,P12,5.0,12.5,62.5,Delivered,5,Web
BB012233,C0701,PET0880,2025-07-22,P12,4.0,12.5,50.0,Delivered,4,Web
BB012234,C0701,PET0880,2025-08-03,P12,6.0,12.5,75.0,Delivered,,Pickup
BB012235,C0701,PET0880,2025-08-10,P07,7.0,13.5,94.5,Delivered,,Web
BB012236,C0701,PET0880,2025-08-20,P12,3.0,12.5,37.5,Delivered,,Web
BB012237,C0701,PET0880,2025-09-02,P12,4.0,12.5,50.0,Delivered,,Re-order Email
BB012238,C0701,PET0880,2025-09-12,P12,4.0,12.5,50.0,Delivered,,Web
BB012239,C0701,PET0880,2025-09-20,P12,6.0,12.5,75.0,Delivered,,Web
BB012240,C0701,PET0880,2025-10-02,P12,3.0,12.5,37.5,Delivered,,Web
BB012241,C0701,PET0880,2025-10-11,P12,4.0,12.5,50.0,Delivered,,Web
BB012242,C0701,PET0880,2025-10-24,P12,4.0,12.5,50.0,Delivered,,Pickup
BB012243,C0701,PET0880,2025-11-01,P12,3.0,12.5,37.5,Delivered,,Web
BB012244,C0701,PET0880,2025-11-13,P02,6.0,13.0,78.0,Delivered,3,Web
BB012245,C0701,PET0880,2025-11-23,P09,6.0,12.5,75.0,Delivered,5,Web
BB012246,C0701,PET0880,2025-12-03,P12,3.0,12.5,37.5,Delivered,5,Web
BB012247,C0701,PET0880,2025-12-12,P12,3.0,12.5,37.5,Delivered,5,Pickup
BB012248,C0701,PET0880,2025-12-21,P12,5.0,12.5,62.5,Delivered,,Pickup
BB012249,C0701,PET0880,2025-12-31,P12,5.0,12.5,62.5,Delivered,,Web
BB012250,C0701,PET0880,2026-01-13,P12,5.0,12.5,62.5,Delivered,,Web
BB012251,C0701,PET0880,2026-01-22,P12,4.0,12.5,50.0,Delivered,,Web
BB012252,C0701,PET0880,2026-02-02,P12,5.0,12.5,62.5,Delivered,,Web
BB012253,C0701,PET0880,2026-02-10,P12,6.0,12.5,75.0,Delivered,,Pickup
BB012254,C0701,PET0880,2026-02-21,P02,4.0,13.0,52.0,Delivered,,Web
BB012255,C0701,PET0880,2026-03-06,P12,6.0,12.5,75.0,Delivered,4,Web
BB012256,C0701,PET0880,2026-03-19,P03,5.0,13.5,67.5,Delivered,,Web
BB012257,C0701,PET0880,2026-03-26,P12,6.0,12.5,75.0,Delivered,,Web
BB012258,C0701,PET0880,2026-04-08,P12,5.0,12.5,62.5,Delivered,5,Web
BB012259,C0701,PET0880,2026-04-18,P11,5.0,12.0,60.0,Delivered,,Web
BB012260,C0702,PET0881,2025-10-06,P06,3.0,14.5,43.5,Delivered,,Re-order Email
BB012261,C0702,PET0881,2025-10-14,P06,4.0,14.5,58.0,Delivered,5,Web
BB012262,C0702,PET0881,2025-10-24,P08,7.0,15.5,108.5,Delivered,5,Web
BB012263,C0702,PET0881,2025-10-31,P04,3.0,14.0,42.0,Delivered,4,Web
BB012264,C0702,PET0881,2025-11-09,P06,5.0,14.5,72.5,Delivered,,Web
BB012265,C0702,PET0881,2025-11-22,P11,5.0,12.0,60.0,Delivered,,Web
BB012266,C0702,PET0881,2025-12-05,P06,3.0,14.5,43.5,Delivered,,Web
BB012267,C0702,PET0881,2025-12-17,P06,5.0,14.5,72.5,Delivered,,Web
BB012268,C0702,PET0881,2025-12-25,P06,6.0,14.5,87.0,Delivered,,Web
BB012269,C0702,PET0881,2026-01-05,P06,5.0,14.5,72.5,Delivered,,Pickup
BB012270,C0702,PET0881,2026-01-12,P06,5.0,14.5,72.5,Delivered,4,Web
BB012271,C0702,PET0881,2026-01-21,P10,5.0,13.0,65.0,Delivered,,Pickup
BB012272,C0702,PET0881,2026-01-31,P07,4.0,13.5,54.0,Delivered,,Re-order Email
BB012273,C0702,PET0881,2026-02-07,P06,6.0,14.5,87.0,Delivered,,Web
BB012274,C0702,PET0881,2026-02-17,P12,6.0,12.5,75.0,Delivered,,Web
BB012275,C0702,PET0881,2026-02-25,P07,5.0,13.5,67.5,Delivered,,Web
BB012276,C0702,PET0881,2026-03-05,P06,5.0,14.5,72.5,Delivered,,Web
BB012277,C0702,PET0881,2026-03-14,P06,4.0,14.5,58.0,Delivered,,Web
BB012278,C0702,PET0881,2026-03-22,P12,6.0,12.5,75.0,Delivered,,Re-order Email
BB012279,C0702,PET0881,2026-03-30,P06,3.0,14.5,43.5,Delivered,5,Web
BB012280,C0702,PET0881,2026-04-08,P06,2.0,14.5,29.0,Delivered,3,Re-order Email
BB012281,C0702,PET0881,2026-04-20,P06,6.0,14.5,87.0,Delivered,,Web
BB012282,C0703,PET0882,2025-05-22,P09,6.0,12.5,75.0,Delivered,,Web
BB012283,C0703,PET0882,2025-06-04,P06,3.0,14.5,43.5,Delivered,,Web
BB012284,C0703,PET0882,2025-06-18,P06,5.0,14.5,72.5,Delivered,4,Web
BB012285,C0703,PET0882,2025-07-01,P06,5.0,14.5,72.5,Delivered,3,Web
BB012286,C0703,PET0882,2025-07-12,P06,4.0,14.5,58.0,Delivered,,Web
BB012287,C0703,PET0882,2025-07-26,P04,4.0,14.0,56.0,Delivered,,Web
BB012288,C0703,PET0882,2025-08-08,P12,5.0,12.5,62.5,Delivered,,Web
BB012289,C0703,PET0882,2025-08-19,P06,4.0,14.5,58.0,Delivered,5,Web
BB012290,C0703,PET0882,2025-08-29,P07,5.0,13.5,67.5,Delivered,,Web
BB012291,C0703,PET0882,2025-09-10,P06,3.0,14.5,43.5,Delivered,,Re-order Email
BB012292,C0703,PET0882,2025-09-23,P06,6.0,14.5,87.0,Delivered,,Re-order Email
BB012293,C0703,PET0882,2025-10-03,P07,4.0,13.5,54.0,Delivered,,Pickup
BB012294,C0703,PET0882,2025-10-12,P04,3.0,14.0,42.0,Delivered,,Web
BB012295,C0703,PET0882,2025-10-22,P06,3.0,14.5,43.5,Delivered,,Re-order Email
BB012296,C0703,PET0882,2025-10-29,P06,6.0,14.5,87.0,Delivered,,Web
BB012297,C0703,PET0882,2025-11-08,P06,5.0,14.5,72.5,Delivered,5,Web
BB012298,C0703,PET0882,2025-11-15,P06,5.0,14.5,72.5,Delivered,5,Web
BB012299,C0703,PET0882,2025-11-24,P09,4.0,12.5,50.0,Delivered,5,Web
BB012300,C0703,PET0882,2025-12-07,P06,4.0,14.5,58.0,Delivered,5,Web
BB012301,C0703,PET0882,2025-12-14,P06,4.0,14.5,58.0,Delivered,,Re-order Email
BB012302,C0703,PET0882,2025-12-21,P06,6.0,14.5,87.0,Delivered,5,Web
BB012303,C0703,PET0882,2025-12-28,P11,5.0,12.0,60.0,Delivered,5,Web
BB012304,C0703,PET0882,2026-01-09,P06,4.0,14.5,58.0,Delivered,,Re-order Email
BB012305,C0703,PET0882,2026-01-18,P07,6.0,13.5,81.0,Delivered,,Web
BB012306,C0703,PET0882,2026-01-25,P01,3.0,14.5,43.5,Delivered,,Web
BB012307,C0703,PET0882,2026-02-01,P06,4.0,14.5,58.0,Delivered,5,Web
BB012308,C0703,PET0882,2026-02-08,P06,3.0,14.5,43.5,Delivered,,Web
BB012309,C0703,PET0882,2026-02-16,P06,2.0,14.5,29.0,Delivered,,Web
BB012310,C0703,PET0882,2026-02-23,P06,5.0,14.5,72.5,Delivered,,Web
BB012311,C0703,PET0882,2026-03-06,P06,5.0,14.5,72.5,Delivered,4,Web
BB012312,C0703,PET0882,2026-03-14,P03,4.0,13.5,54.0,Delivered,,Pickup
BB012313,C0703,PET0882,2026-03-23,P12,4.0,12.5,50.0,Delivered,,Web
BB012314,C0703,PET0882,2026-03-30,P06,4.0,14.5,58.0,Delivered,,Web
BB012315,C0703,PET0882,2026-04-13,P01,6.0,14.5,87.0,Delivered,,Web
BB012316,C0703,PET0882,2026-04-24,P11,4.0,12.0,48.0,Delivered,4,Web
BB012317,C0704,PET0883,2024-11-11,P09,5.0,12.5,62.5,Delivered,,Web
BB012318,C0704,PET0883,2024-11-24,P09,5.0,12.5,62.5,Delivered,4,Web
BB012319,C0704,PET0883,2024-12-07,P09,5.0,12.5,62.5,Delivered,5,Web
BB012320,C0704,PET0883,2024-12-17,P09,3.0,12.5,37.5,Delivered,,Web
BB012321,C0704,PET0883,2024-12-24,P09,5.0,12.5,62.5,Delivered,,Web
BB012322,C0704,PET0883,2025-01-06,P09,4.0,12.5,50.0,Delivered,,Pickup
BB012323,C0704,PET0883,2025-01-19,P01,4.0,14.5,58.0,Delivered,,Web
BB012324,C0704,PET0883,2025-01-30,P09,4.0,12.5,50.0,Delivered,5,Re-order Email
BB012325,C0704,PET0883,2025-02-11,P09,5.0,12.5,62.5,Delivered,,Pickup
BB012326,C0704,PET0883,2025-02-20,P09,4.0,12.5,50.0,Delivered,,Web
BB012327,C0704,PET0883,2025-03-05,P01,5.0,14.5,72.5,Delivered,5,Pickup
BB012328,C0704,PET0883,2025-03-13,P12,6.0,12.5,75.0,Delivered,5,Web
BB012329,C0704,PET0883,2025-03-20,P09,2.0,12.5,25.0,Delivered,,Re-order Email
BB012330,C0704,PET0883,2025-03-28,P09,4.0,12.5,50.0,Delivered,5,Web
BB012331,C0704,PET0883,2025-04-05,P09,5.0,12.5,62.5,Delivered,,Web
BB012332,C0704,PET0883,2025-04-12,P09,5.0,12.5,62.5,Delivered,,Web
BB012333,C0704,PET0883,2025-04-23,P09,6.0,12.5,75.0,Delivered,5,Web
BB012334,C0704,PET0883,2025-05-03,P09,5.0,12.5,62.5,Delivered,5,Pickup
BB012335,C0704,PET0883,2025-05-13,P09,6.0,12.5,75.0,Delivered,,Re-order Email
BB012336,C0704,PET0883,2025-05-26,P09,4.0,12.5,50.0,Delivered,,Pickup
BB012337,C0704,PET0883,2025-06-03,P03,6.0,13.5,81.0,Delivered,5,Web
BB012338,C0704,PET0883,2025-06-15,P09,2.0,12.5,25.0,Delivered,,Web
BB012339,C0704,PET0883,2025-06-26,P09,6.0,12.5,75.0,Delivered,4,Web
BB012340,C0704,PET0883,2025-07-05,P09,6.0,12.5,75.0,Delivered,5,Web
BB012341,C0704,PET0883,2025-07-13,P09,6.0,12.5,75.0,Delivered,,Web
BB012342,C0704,PET0883,2025-07-20,P09,3.0,12.5,37.5,Delivered,,Web
BB012343,C0704,PET0883,2025-07-28,P08,5.0,15.5,77.5,Delivered,,Re-order Email
BB012344,C0704,PET0883,2025-08-07,P09,5.0,12.5,62.5,Delivered,4,Web
BB012345,C0704,PET0883,2025-08-17,P09,6.0,12.5,75.0,Delivered,5,Web
BB012346,C0704,PET0883,2025-08-26,P09,4.0,12.5,50.0,Delivered,,Re-order Email
BB012347,C0704,PET0883,2025-09-03,P09,5.0,12.5,62.5,Delivered,,Web
BB012348,C0704,PET0883,2025-09-14,P09,5.0,12.5,62.5,Delivered,,Pickup
BB012349,C0704,PET0883,2025-09-26,P09,5.0,12.5,62.5,Delivered,,Web
BB012350,C0704,PET0883,2025-10-06,P09,5.0,12.5,62.5,Delivered,,Web
BB012351,C0704,PET0883,2025-10-13,P10,6.0,13.0,78.0,Delivered,,Web
BB012352,C0704,PET0883,2025-10-22,P09,5.0,12.5,62.5,Delivered,5,Web
BB012353,C0704,PET0883,2025-10-30,P09,6.0,12.5,75.0,Delivered,5,Web
BB012354,C0704,PET0883,2025-11-08,P09,3.0,12.5,37.5,Delivered,,Web
BB012355,C0704,PET0883,2025-11-20,P09,4.0,12.5,50.0,Delivered,,Web
BB012356,C0704,PET0883,2025-11-29,P09,5.0,12.5,62.5,Delivered,,Web
BB012357,C0704,PET0883,2025-12-07,P08,6.0,15.5,93.0,Delivered,,Pickup
BB012358,C0704,PET0883,2025-12-16,P09,3.0,12.5,37.5,Delivered,,Web
BB012359,C0704,PET0883,2025-12-25,P09,4.0,12.5,50.0,Delivered,5,Web
BB012360,C0704,PET0883,2026-01-07,P09,5.0,12.5,62.5,Delivered,5,Web
BB012361,C0704,PET0883,2026-01-17,P10,3.0,13.0,39.0,Delivered,,Web
BB012362,C0704,PET0883,2026-01-26,P09,4.0,12.5,50.0,Delivered,,Pickup
BB012363,C0704,PET0883,2026-02-06,P09,3.0,12.5,37.5,Delivered,,Re-order Email
BB012364,C0704,PET0883,2026-02-13,P09,5.0,12.5,62.5,Delivered,5,Pickup
BB012365,C0704,PET0883,2026-02-23,P09,4.0,12.5,50.0,Delivered,,Web
BB012366,C0704,PET0883,2026-03-07,P09,2.0,12.5,25.0,Delivered,4,Re-order Email
BB012367,C0704,PET0883,2026-03-16,P09,5.0,12.5,62.5,Delivered,,Web
BB012368,C0704,PET0883,2026-03-24,P09,4.0,12.5,50.0,Delivered,4,Web
BB012369,C0704,PET0883,2026-04-02,P02,4.0,13.0,52.0,Delivered,3,Web
BB012370,C0704,PET0883,2026-04-09,P09,4.0,12.5,50.0,Delivered,5,Web
BB012371,C0704,PET0883,2026-04-17,P12,7.0,12.5,87.5,Delivered,,Web
BB012372,C0706,PET0885,2026-04-08,P02,3.0,13.0,39.0,Delivered,,Web
BB012373,C0706,PET0885,2026-04-20,P02,7.0,13.0,91.0,Delivered,5,Web
BB012374,C0707,PET0886,2026-04-19,P01,5.0,14.5,72.5,Delivered,,Re-order Email
BB012375,C0707,PET0886,2026-04-27,P12,7.0,12.5,87.5,Delivered,,Web
BB012376,C0708,PET0887,2025-12-30,P12,3.0,12.5,37.5,Delivered,,Web
BB012377,C0708,PET0887,2026-01-10,P02,6.0,13.0,78.0,Delivered,5,Web
BB012378,C0708,PET0887,2026-01-20,P09,5.0,12.5,62.5,Delivered,,Re-order Email
BB012379,C0708,PET0887,2026-01-31,P09,5.0,12.5,62.5,Delivered,,Web
BB012380,C0708,PET0887,2026-02-10,P09,4.0,12.5,50.0,Delivered,,Web
BB012381,C0708,PET0887,2026-02-19,P09,7.0,12.5,87.5,Delivered,5,Web
BB012382,C0708,PET0887,2026-02-26,P09,6.0,12.5,75.0,Delivered,,Web
BB012383,C0708,PET0887,2026-03-06,P09,4.0,12.5,50.0,Delivered,5,Pickup
BB012384,C0708,PET0887,2026-03-16,P09,6.0,12.5,75.0,Delivered,,Re-order Email
BB012385,C0708,PET0887,2026-03-23,P07,2.0,13.5,27.0,Delivered,,Web
BB012386,C0708,PET0887,2026-04-05,P08,6.0,15.5,93.0,Delivered,,Web
BB012387,C0708,PET0887,2026-04-16,P11,3.0,12.0,36.0,Delivered,,Web
BB012388,C0708,PET0887,2026-04-25,P09,6.0,12.5,75.0,Delivered,,Web
BB012389,C0708,PET0888,2025-12-30,P08,5.0,15.5,77.5,Delivered,,Web
BB012390,C0708,PET0888,2026-01-06,P08,3.0,15.5,46.5,Delivered,,Web
BB012391,C0708,PET0888,2026-01-17,P09,3.0,12.5,37.5,Delivered,4,Web
BB012392,C0708,PET0888,2026-01-26,P08,2.0,15.5,31.0,Delivered,,Web
BB012393,C0708,PET0888,2026-02-03,P08,4.0,15.5,62.0,Delivered,4,Web
BB012394,C0708,PET0888,2026-02-13,P08,7.0,15.5,108.5,Delivered,,Web
BB012395,C0708,PET0888,2026-02-23,P08,4.0,15.5,62.0,Delivered,,Web
BB012396,C0708,PET0888,2026-03-02,P08,4.0,15.5,62.0,Delivered,5,Re-order Email
BB012397,C0708,PET0888,2026-03-13,P08,6.0,15.5,93.0,Delivered,5,Web
BB012398,C0708,PET0888,2026-03-24,P08,4.0,15.5,62.0,Delivered,,Re-order Email
BB012399,C0708,PET0888,2026-04-03,P08,4.0,15.5,62.0,Delivered,,Pickup
BB012400,C0708,PET0888,2026-04-13,P08,3.0,15.5,46.5,Delivered,,Web
BB012401,C0709,PET0889,2024-11-11,P03,4.0,13.5,54.0,Delivered,,Web
BB012402,C0709,PET0889,2024-11-25,P03,6.0,13.5,81.0,Delivered,,Web
BB012403,C0709,PET0889,2024-12-09,P01,6.0,14.5,87.0,Delivered,,Web
BB012404,C0709,PET0889,2024-12-20,P03,7.0,13.5,94.5,Delivered,,Web
BB012405,C0709,PET0889,2025-01-01,P03,7.0,13.5,94.5,Delivered,5,Web
BB012406,C0709,PET0889,2025-01-11,P03,6.0,13.5,81.0,Delivered,4,Web
BB012407,C0709,PET0889,2025-01-22,P03,5.0,13.5,67.5,Delivered,,Pickup
BB012408,C0709,PET0889,2025-01-29,P02,2.0,13.0,26.0,Delivered,,Web
BB012409,C0709,PET0889,2025-02-07,P03,4.0,13.5,54.0,Delivered,4,Web
BB012410,C0709,PET0889,2025-02-19,P03,3.0,13.5,40.5,Delivered,4,Web
BB012411,C0709,PET0889,2025-02-28,P03,3.0,13.5,40.5,Delivered,,Re-order Email
BB012412,C0709,PET0889,2025-03-10,P03,3.0,13.5,40.5,Delivered,,Web
BB012413,C0709,PET0889,2025-03-21,P03,6.0,13.5,81.0,Delivered,5,Pickup
BB012414,C0709,PET0889,2025-04-03,P03,3.0,13.5,40.5,Delivered,,Pickup
BB012415,C0709,PET0889,2025-04-17,P03,5.0,13.5,67.5,Delivered,5,Web
BB012416,C0709,PET0889,2025-04-25,P10,7.0,13.0,91.0,Delivered,,Web
BB012417,C0709,PET0889,2025-05-02,P08,4.0,15.5,62.0,Delivered,,Web
BB012418,C0709,PET0889,2025-05-15,P03,5.0,13.5,67.5,Delivered,,Re-order Email
BB012419,C0709,PET0889,2025-05-23,P03,4.0,13.5,54.0,Delivered,,Web
BB012420,C0709,PET0889,2025-06-06,P03,7.0,13.5,94.5,Delivered,5,Web
BB012421,C0709,PET0889,2025-06-17,P03,6.0,13.5,81.0,Delivered,5,Web
BB012422,C0709,PET0889,2025-06-26,P06,6.0,14.5,87.0,Delivered,5,Web
BB012423,C0709,PET0889,2025-07-04,P03,7.0,13.5,94.5,Delivered,5,Web
BB012424,C0709,PET0889,2025-07-18,P03,4.0,13.5,54.0,Delivered,,Web
BB012425,C0709,PET0889,2025-07-25,P03,7.0,13.5,94.5,Delivered,5,Web
BB012426,C0709,PET0889,2025-08-02,P03,3.0,13.5,40.5,Delivered,,Re-order Email
BB012427,C0709,PET0889,2025-08-09,P03,4.0,13.5,54.0,Delivered,,Web
BB012428,C0709,PET0889,2025-08-17,P03,3.0,13.5,40.5,Delivered,5,Web
BB012429,C0709,PET0889,2025-08-29,P03,6.0,13.5,81.0,Delivered,,Web
BB012430,C0709,PET0889,2025-09-08,P03,7.0,13.5,94.5,Delivered,,Re-order Email
BB012431,C0709,PET0889,2025-09-18,P10,5.0,13.0,65.0,Delivered,5,Pickup
BB012432,C0709,PET0889,2025-10-02,P01,6.0,14.5,87.0,Delivered,,Web
BB012433,C0709,PET0889,2025-10-14,P03,3.0,13.5,40.5,Delivered,,Web
BB012434,C0709,PET0889,2025-10-28,P06,4.0,14.5,58.0,Delivered,,Web
BB012435,C0709,PET0889,2025-11-11,P01,2.0,14.5,29.0,Delivered,,Web
BB012436,C0709,PET0889,2025-11-18,P03,3.0,13.5,40.5,Delivered,,Web
BB012437,C0709,PET0889,2025-11-26,P07,6.0,13.5,81.0,Delivered,,Web
BB012438,C0709,PET0889,2025-12-06,P03,5.0,13.5,67.5,Delivered,,Web
BB012439,C0709,PET0889,2025-12-18,P03,5.0,13.5,67.5,Delivered,,Pickup
BB012440,C0709,PET0889,2025-12-31,P03,4.0,13.5,54.0,Delivered,5,Web
BB012441,C0709,PET0889,2026-01-09,P08,5.0,15.5,77.5,Delivered,,Web
BB012442,C0709,PET0889,2026-01-23,P03,6.0,13.5,81.0,Delivered,4,Web
BB012443,C0709,PET0889,2026-02-01,P03,4.0,13.5,54.0,Delivered,,Web
BB012444,C0709,PET0889,2026-02-10,P06,4.0,14.5,58.0,Delivered,,Pickup
BB012445,C0709,PET0889,2026-02-18,P03,5.0,13.5,67.5,Delivered,,Pickup
BB012446,C0709,PET0889,2026-02-25,P02,3.0,13.0,39.0,Delivered,,Web
BB012447,C0709,PET0889,2026-03-06,P03,4.0,13.5,54.0,Delivered,5,Web
BB012448,C0709,PET0889,2026-03-20,P03,4.0,13.5,54.0,Delivered,,Web
BB012449,C0709,PET0889,2026-03-29,P03,5.0,13.5,67.5,Delivered,,Pickup
BB012450,C0709,PET0889,2026-04-09,P03,3.0,13.5,40.5,Delivered,5,Web
BB012451,C0709,PET0889,2026-04-20,P03,3.0,13.5,40.5,Delivered,,Web
BB012452,C0709,PET0889,2026-04-27,P03,5.0,13.5,67.5,Delivered,,Web
BB012453,C0710,PET0890,2026-04-02,P12,6.0,12.5,75.0,Delivered,,Pickup
BB012454,C0710,PET0890,2026-04-15,P12,5.0,12.5,62.5,Delivered,5,Re-order Email
BB012455,C0710,PET0890,2026-04-22,P12,4.0,12.5,50.0,Delivered,,Web
BB012456,C0710,PET0892,2026-04-05,P04,7.0,14.0,98.0,Delivered,,Re-order Email
BB012457,C0710,PET0892,2026-04-13,P04,5.0,14.0,70.0,Delivered,,Web
BB012458,C0710,PET0892,2026-04-26,P04,6.0,14.0,84.0,Delivered,,Web
BB012459,C0711,PET0893,2026-04-07,P10,6.0,13.0,78.0,Delivered,5,Web
BB012460,C0711,PET0893,2026-04-15,P08,5.0,15.5,77.5,Delivered,5,Web
BB012461,C0711,PET0893,2026-04-25,P10,5.0,13.0,65.0,Delivered,,Pickup
BB012462,C0711,PET0894,2026-04-07,P01,4.0,14.5,58.0,Delivered,,Pickup
BB012463,C0711,PET0894,2026-04-20,P09,5.0,12.5,62.5,Delivered,,Pickup
BB012464,C0712,PET0895,2025-12-22,P11,4.0,12.0,48.0,Delivered,,Web
BB012465,C0712,PET0895,2025-12-29,P09,5.0,12.5,62.5,Delivered,,Web
BB012466,C0712,PET0895,2026-01-08,P04,6.0,14.0,84.0,Delivered,,Web
BB012467,C0712,PET0895,2026-01-16,P09,5.0,12.5,62.5,Delivered,,Re-order Email
BB012468,C0712,PET0895,2026-01-26,P09,6.0,12.5,75.0,Delivered,,Web
BB012469,C0712,PET0895,2026-02-09,P09,6.0,12.5,75.0,Delivered,,Web
BB012470,C0712,PET0895,2026-02-17,P09,4.0,12.5,50.0,Delivered,,Web
BB012471,C0712,PET0895,2026-02-28,P01,4.0,14.5,58.0,Delivered,5,Re-order Email
BB012472,C0712,PET0895,2026-03-14,P09,5.0,12.5,62.5,Delivered,5,Re-order Email
BB012473,C0712,PET0895,2026-03-28,P09,4.0,12.5,50.0,Delivered,,Web
BB012474,C0712,PET0895,2026-04-06,P09,4.0,12.5,50.0,Delivered,,Web
BB012475,C0712,PET0895,2026-04-14,P09,4.0,12.5,50.0,Delivered,,Web
BB012476,C0712,PET0895,2026-04-23,P09,4.0,12.5,50.0,Delivered,5,Web
BB012477,C0713,PET0896,2026-04-20,P06,7.0,14.5,101.5,Delivered,,Pickup
BB012478,C0714,PET0897,2026-04-30,P12,4.0,12.5,50.0,Delivered,,Web
BB012479,C0715,PET0898,2025-09-25,P09,4.0,12.5,50.0,Delivered,,Web
BB012480,C0715,PET0898,2025-10-07,P09,3.0,12.5,37.5,Delivered,,Web
BB012481,C0715,PET0898,2025-10-19,P09,5.0,12.5,62.5,Delivered,3,Web
BB012482,C0715,PET0898,2025-10-26,P09,2.0,12.5,25.0,Delivered,,Web
BB012483,C0715,PET0898,2025-11-03,P02,6.0,13.0,78.0,Delivered,5,Web
BB012484,C0715,PET0898,2025-11-16,P09,2.0,12.5,25.0,Delivered,,Web
BB012485,C0715,PET0898,2025-11-30,P07,5.0,13.5,67.5,Delivered,5,Web
BB012486,C0715,PET0898,2025-12-08,P12,5.0,12.5,62.5,Delivered,5,Web
BB012487,C0715,PET0898,2025-12-20,P09,4.0,12.5,50.0,Delivered,,Pickup
BB012488,C0715,PET0898,2025-12-27,P09,3.0,12.5,37.5,Delivered,,Web
BB012489,C0715,PET0898,2026-01-10,P09,5.0,12.5,62.5,Delivered,4,Web
BB012490,C0715,PET0898,2026-01-21,P11,4.0,12.0,48.0,Delivered,,Re-order Email
BB012491,C0715,PET0898,2026-01-31,P09,7.0,12.5,87.5,Delivered,4,Web
BB012492,C0715,PET0898,2026-02-13,P09,5.0,12.5,62.5,Delivered,,Web
BB012493,C0715,PET0898,2026-02-26,P10,3.0,13.0,39.0,Delivered,5,Web
BB012494,C0715,PET0898,2026-03-07,P09,5.0,12.5,62.5,Delivered,,Web
BB012495,C0715,PET0898,2026-03-21,P09,4.0,12.5,50.0,Delivered,5,Pickup
BB012496,C0715,PET0898,2026-04-01,P03,3.0,13.5,40.5,Delivered,,Pickup
BB012497,C0715,PET0898,2026-04-11,P09,3.0,12.5,37.5,Delivered,,Web
BB012498,C0715,PET0898,2026-04-24,P11,5.0,12.0,60.0,Delivered,,Web
BB012499,C0716,PET0899,2025-06-30,P12,6.0,12.5,75.0,Delivered,,Web
BB012500,C0716,PET0899,2025-07-11,P04,4.0,14.0,56.0,Delivered,,Web
BB012501,C0716,PET0899,2025-07-25,P04,7.0,14.0,98.0,Delivered,,Web
BB012502,C0716,PET0899,2025-08-06,P11,6.0,12.0,72.0,Delivered,5,Web
BB012503,C0716,PET0899,2025-08-16,P04,7.0,14.0,98.0,Delivered,,Re-order Email
BB012504,C0716,PET0899,2025-08-30,P12,4.0,12.5,50.0,Delivered,,Pickup
BB012505,C0716,PET0899,2025-09-08,P04,5.0,14.0,70.0,Delivered,4,Web
BB012506,C0716,PET0899,2025-09-20,P04,4.0,14.0,56.0,Delivered,5,Pickup
BB012507,C0716,PET0899,2025-10-03,P04,7.0,14.0,98.0,Delivered,,Pickup
BB012508,C0716,PET0899,2025-10-17,P04,7.0,14.0,98.0,Delivered,,Web
BB012509,C0716,PET0899,2025-10-30,P12,5.0,12.5,62.5,Delivered,5,Web
BB012510,C0716,PET0899,2025-11-06,P04,4.0,14.0,56.0,Delivered,,Web
BB012511,C0716,PET0899,2025-11-20,P11,5.0,12.0,60.0,Delivered,,Web
BB012512,C0716,PET0899,2025-11-30,P04,5.0,14.0,70.0,Delivered,,Re-order Email
BB012513,C0716,PET0899,2025-12-11,P04,5.0,14.0,70.0,Delivered,,Re-order Email
BB012514,C0716,PET0899,2025-12-21,P04,5.0,14.0,70.0,Delivered,,Re-order Email
BB012515,C0716,PET0899,2026-01-01,P04,4.0,14.0,56.0,Delivered,5,Re-order Email
BB012516,C0716,PET0899,2026-01-13,P04,5.0,14.0,70.0,Delivered,,Pickup
BB012517,C0716,PET0899,2026-01-26,P04,6.0,14.0,84.0,Delivered,5,Web
BB012518,C0716,PET0899,2026-02-09,P04,4.0,14.0,56.0,Delivered,,Re-order Email
BB012519,C0716,PET0899,2026-02-22,P04,7.0,14.0,98.0,Delivered,,Re-order Email
BB012520,C0716,PET0899,2026-03-04,P11,3.0,12.0,36.0,Delivered,,Web
BB012521,C0716,PET0899,2026-03-17,P04,6.0,14.0,84.0,Delivered,5,Web
BB012522,C0716,PET0899,2026-03-25,P03,5.0,13.5,67.5,Delivered,,Web
BB012523,C0716,PET0899,2026-04-01,P02,6.0,13.0,78.0,Delivered,,Web
BB012524,C0716,PET0899,2026-04-10,P04,6.0,14.0,84.0,Delivered,,Web
BB012525,C0716,PET0899,2026-04-22,P04,6.0,14.0,84.0,Delivered,,Pickup
BB012526,C0716,PET0900,2025-06-29,P12,6.0,12.5,75.0,Delivered,,Web
BB012527,C0716,PET0900,2025-07-09,P12,3.0,12.5,37.5,Delivered,,Web
BB012528,C0716,PET0900,2025-07-22,P03,4.0,13.5,54.0,Delivered,,Pickup
BB012529,C0716,PET0900,2025-08-02,P02,5.0,13.0,65.0,Delivered,,Re-order Email
BB012530,C0716,PET0900,2025-08-16,P03,3.0,13.5,40.5,Delivered,,Web
BB012531,C0716,PET0900,2025-08-23,P07,7.0,13.5,94.5,Delivered,,Re-order Email
BB012532,C0716,PET0900,2025-09-02,P12,5.0,12.5,62.5,Delivered,,Web
BB012533,C0716,PET0900,2025-09-12,P06,3.0,14.5,43.5,Delivered,,Web
BB012534,C0716,PET0900,2025-09-21,P11,3.0,12.0,36.0,Delivered,,Re-order Email
BB012535,C0716,PET0900,2025-09-28,P12,5.0,12.5,62.5,Delivered,,Web
BB012536,C0716,PET0900,2025-10-07,P12,5.0,12.5,62.5,Delivered,,Pickup
BB012537,C0716,PET0900,2025-10-21,P12,6.0,12.5,75.0,Delivered,,Web
BB012538,C0716,PET0900,2025-10-31,P07,4.0,13.5,54.0,Delivered,4,Re-order Email
BB012539,C0716,PET0900,2025-11-09,P06,3.0,14.5,43.5,Delivered,,Web
BB012540,C0716,PET0900,2025-11-17,P12,7.0,12.5,87.5,Delivered,,Re-order Email
BB012541,C0716,PET0900,2025-12-01,P12,5.0,12.5,62.5,Delivered,5,Pickup
BB012542,C0716,PET0900,2025-12-08,P12,5.0,12.5,62.5,Delivered,,Web
BB012543,C0716,PET0900,2025-12-22,P12,3.0,12.5,37.5,Delivered,,Web
BB012544,C0716,PET0900,2025-12-29,P01,4.0,14.5,58.0,Delivered,5,Web
BB012545,C0716,PET0900,2026-01-06,P12,5.0,12.5,62.5,Delivered,5,Re-order Email
BB012546,C0716,PET0900,2026-01-13,P12,5.0,12.5,62.5,Delivered,5,Web
BB012547,C0716,PET0900,2026-01-23,P12,3.0,12.5,37.5,Delivered,,Web
BB012548,C0716,PET0900,2026-02-06,P12,5.0,12.5,62.5,Delivered,,Web
BB012549,C0716,PET0900,2026-02-20,P11,4.0,12.0,48.0,Delivered,,Re-order Email
BB012550,C0716,PET0900,2026-03-05,P12,6.0,12.5,75.0,Delivered,,Web
BB012551,C0716,PET0900,2026-03-15,P07,6.0,13.5,81.0,Delivered,5,Web
BB012552,C0716,PET0900,2026-03-29,P12,5.0,12.5,62.5,Delivered,3,Web
BB012553,C0716,PET0900,2026-04-05,P12,7.0,12.5,87.5,Delivered,,Re-order Email
BB012554,C0716,PET0900,2026-04-18,P11,6.0,12.0,72.0,Delivered,,Web
BB012555,C0717,PET0901,2026-01-06,P10,5.0,13.0,65.0,Delivered,5,Re-order Email
BB012556,C0717,PET0901,2026-01-14,P10,4.0,13.0,52.0,Delivered,5,Web
BB012557,C0717,PET0901,2026-01-23,P10,4.0,13.0,52.0,Delivered,,Web
BB012558,C0717,PET0901,2026-01-31,P10,4.0,13.0,52.0,Delivered,,Web
BB012559,C0717,PET0901,2026-02-12,P10,6.0,13.0,78.0,Delivered,4,Web
BB012560,C0717,PET0901,2026-02-24,P01,4.0,14.5,58.0,Delivered,5,Pickup
BB012561,C0717,PET0901,2026-03-09,P10,5.0,13.0,65.0,Delivered,,Web
BB012562,C0717,PET0901,2026-03-22,P10,5.0,13.0,65.0,Delivered,,Web
BB012563,C0717,PET0901,2026-04-02,P10,4.0,13.0,52.0,Delivered,,Re-order Email
BB012564,C0717,PET0901,2026-04-12,P10,4.0,13.0,52.0,Delivered,5,Web
BB012565,C0717,PET0901,2026-04-19,P10,3.0,13.0,39.0,Delivered,,Pickup
BB012566,C0718,PET0902,2026-04-03,P11,3.0,12.0,36.0,Delivered,,Pickup
BB012567,C0718,PET0902,2026-04-13,P01,5.0,14.5,72.5,Delivered,,Web
BB012568,C0719,PET0903,2026-04-19,P07,5.0,13.5,67.5,Delivered,5,Web
BB012569,C0720,PET0904,2026-02-18,P08,6.0,15.5,93.0,Delivered,,Web
BB012570,C0720,PET0904,2026-03-01,P08,5.0,15.5,77.5,Delivered,,Re-order Email
BB012571,C0720,PET0904,2026-03-08,P06,7.0,14.5,101.5,Delivered,,Web
BB012572,C0720,PET0904,2026-03-22,P08,4.0,15.5,62.0,Delivered,,Web
BB012573,C0720,PET0904,2026-03-29,P08,3.0,15.5,46.5,Delivered,,Web
BB012574,C0720,PET0904,2026-04-11,P02,4.0,13.0,52.0,Delivered,,Web
BB012575,C0720,PET0904,2026-04-22,P08,3.0,15.5,46.5,Delivered,5,Re-order Email
BB012576,C0721,PET0905,2025-10-30,P12,6.0,12.5,75.0,Delivered,,Web
BB012577,C0721,PET0905,2025-11-12,P12,4.0,12.5,50.0,Delivered,,Re-order Email
BB012578,C0721,PET0905,2025-11-24,P10,4.0,13.0,52.0,Delivered,,Web
BB012579,C0721,PET0905,2025-12-04,P12,5.0,12.5,62.5,Delivered,4,Web
BB012580,C0721,PET0905,2025-12-14,P09,3.0,12.5,37.5,Delivered,,Web
BB012581,C0721,PET0905,2025-12-26,P12,6.0,12.5,75.0,Delivered,,Web
BB012582,C0721,PET0905,2026-01-02,P12,4.0,12.5,50.0,Delivered,,Web
BB012583,C0721,PET0905,2026-01-14,P12,4.0,12.5,50.0,Delivered,5,Re-order Email
BB012584,C0721,PET0905,2026-01-21,P09,5.0,12.5,62.5,Delivered,,Web
BB012585,C0721,PET0905,2026-01-28,P07,6.0,13.5,81.0,Delivered,,Web
BB012586,C0721,PET0905,2026-02-10,P12,4.0,12.5,50.0,Delivered,,Web
BB012587,C0721,PET0905,2026-02-21,P12,4.0,12.5,50.0,Delivered,,Web
BB012588,C0721,PET0905,2026-03-01,P12,6.0,12.5,75.0,Delivered,4,Web
BB012589,C0721,PET0905,2026-03-12,P12,6.0,12.5,75.0,Delivered,,Web
BB012590,C0721,PET0905,2026-03-20,P12,6.0,12.5,75.0,Delivered,,Web
BB012591,C0721,PET0905,2026-03-27,P12,7.0,12.5,87.5,Delivered,4,Web
BB012592,C0721,PET0905,2026-04-08,P10,3.0,13.0,39.0,Delivered,,Pickup
BB012593,C0721,PET0905,2026-04-16,P01,4.0,14.5,58.0,Delivered,,Re-order Email
BB012594,C0721,PET0905,2026-04-26,P12,5.0,12.5,62.5,Delivered,,Web
BB012595,C0722,PET0906,2025-06-11,P04,5.0,14.0,70.0,Delivered,,Web
BB012596,C0722,PET0906,2025-06-24,P04,4.0,14.0,56.0,Delivered,5,Pickup
BB012597,C0722,PET0906,2025-07-03,P04,5.0,14.0,70.0,Delivered,,Web
BB012598,C0722,PET0906,2025-07-10,P04,2.0,14.0,28.0,Delivered,,Web
BB012599,C0722,PET0906,2025-07-17,P04,5.0,14.0,70.0,Delivered,,Re-order Email
BB012600,C0722,PET0906,2025-07-25,P04,6.0,14.0,84.0,Delivered,,Web
BB012601,C0722,PET0906,2025-08-06,P04,7.0,14.0,98.0,Delivered,,Web
BB012602,C0722,PET0906,2025-08-17,P04,6.0,14.0,84.0,Delivered,,Re-order Email
BB012603,C0722,PET0906,2025-08-25,P01,6.0,14.5,87.0,Delivered,,Web
BB012604,C0722,PET0906,2025-09-07,P06,5.0,14.5,72.5,Delivered,,Re-order Email
BB012605,C0722,PET0906,2025-09-21,P04,7.0,14.0,98.0,Delivered,,Web
BB012606,C0722,PET0906,2025-09-30,P04,6.0,14.0,84.0,Delivered,,Web
BB012607,C0722,PET0906,2025-10-11,P04,5.0,14.0,70.0,Delivered,,Web
BB012608,C0722,PET0906,2025-10-21,P04,4.0,14.0,56.0,Delivered,5,Web
BB012609,C0722,PET0906,2025-11-03,P08,5.0,15.5,77.5,Delivered,,Web
BB012610,C0722,PET0906,2025-11-15,P04,7.0,14.0,98.0,Delivered,,Web
BB012611,C0722,PET0906,2025-11-23,P10,7.0,13.0,91.0,Delivered,5,Web
BB012612,C0722,PET0906,2025-12-05,P04,7.0,14.0,98.0,Delivered,5,Web
BB012613,C0722,PET0906,2025-12-19,P04,5.0,14.0,70.0,Delivered,,Re-order Email
BB012614,C0722,PET0906,2025-12-28,P04,3.0,14.0,42.0,Delivered,,Web
BB012615,C0722,PET0906,2026-01-08,P04,7.0,14.0,98.0,Delivered,,Web
BB012616,C0722,PET0906,2026-01-19,P09,5.0,12.5,62.5,Delivered,,Re-order Email
BB012617,C0722,PET0906,2026-02-02,P04,5.0,14.0,70.0,Delivered,4,Web
BB012618,C0722,PET0906,2026-02-10,P04,3.0,14.0,42.0,Delivered,,Web
BB012619,C0722,PET0906,2026-02-19,P04,3.0,14.0,42.0,Delivered,5,Web
BB012620,C0722,PET0906,2026-03-05,P04,5.0,14.0,70.0,Delivered,,Pickup
BB012621,C0722,PET0906,2026-03-13,P04,7.0,14.0,98.0,Delivered,,Web
BB012622,C0722,PET0906,2026-03-21,P07,7.0,13.5,94.5,Delivered,3,Web
BB012623,C0722,PET0906,2026-04-01,P04,6.0,14.0,84.0,Delivered,,Web
BB012624,C0722,PET0906,2026-04-08,P04,4.0,14.0,56.0,Delivered,4,Re-order Email
BB012625,C0722,PET0906,2026-04-20,P01,7.0,14.5,101.5,Delivered,,Re-order Email
BB012626,C0722,PET0907,2025-06-11,P06,5.0,14.5,72.5,Delivered,,Pickup
BB012627,C0722,PET0907,2025-06-24,P08,6.0,15.5,93.0,Delivered,5,Web
BB012628,C0722,PET0907,2025-07-05,P09,6.0,12.5,75.0,Delivered,5,Re-order Email
BB012629,C0722,PET0907,2025-07-16,P09,7.0,12.5,87.5,Delivered,5,Web
BB012630,C0722,PET0907,2025-07-24,P09,6.0,12.5,75.0,Delivered,,Web
BB012631,C0722,PET0907,2025-08-02,P09,3.0,12.5,37.5,Delivered,5,Web
BB012632,C0722,PET0907,2025-08-10,P02,7.0,13.0,91.0,Delivered,,Pickup
BB012633,C0722,PET0907,2025-08-19,P09,5.0,12.5,62.5,Delivered,,Web
BB012634,C0722,PET0907,2025-09-02,P09,4.0,12.5,50.0,Delivered,,Web
BB012635,C0722,PET0907,2025-09-12,P09,5.0,12.5,62.5,Delivered,5,Web
BB012636,C0722,PET0907,2025-09-25,P12,7.0,12.5,87.5,Delivered,,Web
BB012637,C0722,PET0907,2025-10-07,P01,5.0,14.5,72.5,Delivered,4,Web
BB012638,C0722,PET0907,2025-10-20,P09,4.0,12.5,50.0,Delivered,5,Pickup
BB012639,C0722,PET0907,2025-10-27,P09,4.0,12.5,50.0,Delivered,,Web
BB012640,C0722,PET0907,2025-11-04,P09,6.0,12.5,75.0,Delivered,5,Web
BB012641,C0722,PET0907,2025-11-16,P09,5.0,12.5,62.5,Delivered,4,Web
BB012642,C0722,PET0907,2025-11-29,P09,4.0,12.5,50.0,Delivered,5,Web
BB012643,C0722,PET0907,2025-12-08,P06,4.0,14.5,58.0,Delivered,4,Web
BB012644,C0722,PET0907,2025-12-22,P09,5.0,12.5,62.5,Delivered,,Re-order Email
BB012645,C0722,PET0907,2026-01-01,P09,3.0,12.5,37.5,Delivered,,Pickup
BB012646,C0722,PET0907,2026-01-13,P09,5.0,12.5,62.5,Delivered,,Re-order Email
BB012647,C0722,PET0907,2026-01-23,P02,3.0,13.0,39.0,Delivered,,Pickup
BB012648,C0722,PET0907,2026-01-31,P06,5.0,14.5,72.5,Delivered,,Web
BB012649,C0722,PET0907,2026-02-07,P09,4.0,12.5,50.0,Delivered,,Re-order Email
BB012650,C0722,PET0907,2026-02-15,P09,6.0,12.5,75.0,Delivered,,Re-order Email
BB012651,C0722,PET0907,2026-02-23,P06,6.0,14.5,87.0,Delivered,5,Web
BB012652,C0722,PET0907,2026-03-04,P09,4.0,12.5,50.0,Delivered,,Web
BB012653,C0722,PET0907,2026-03-12,P03,2.0,13.5,27.0,Delivered,,Pickup
BB012654,C0722,PET0907,2026-03-24,P09,5.0,12.5,62.5,Delivered,4,Re-order Email
BB012655,C0722,PET0907,2026-04-05,P09,6.0,12.5,75.0,Delivered,4,Web
BB012656,C0722,PET0907,2026-04-16,P09,4.0,12.5,50.0,Delivered,,Pickup
BB012657,C0722,PET0907,2026-04-23,P09,4.0,12.5,50.0,Delivered,,Web
BB012658,C0723,PET0908,2025-11-08,P10,4.0,13.0,52.0,Delivered,,Re-order Email
BB012659,C0723,PET0908,2025-11-19,P10,5.0,13.0,65.0,Delivered,5,Web
BB012660,C0723,PET0908,2025-11-27,P09,6.0,12.5,75.0,Delivered,4,Web
BB012661,C0723,PET0908,2025-12-09,P10,5.0,13.0,65.0,Delivered,5,Web
BB012662,C0723,PET0908,2025-12-19,P10,4.0,13.0,52.0,Delivered,,Web
BB012663,C0723,PET0908,2025-12-30,P10,5.0,13.0,65.0,Delivered,3,Web
BB012664,C0723,PET0908,2026-01-10,P10,3.0,13.0,39.0,Delivered,5,Re-order Email
BB012665,C0723,PET0908,2026-01-18,P03,7.0,13.5,94.5,Delivered,,Re-order Email
BB012666,C0723,PET0908,2026-01-25,P10,5.0,13.0,65.0,Delivered,,Re-order Email
BB012667,C0723,PET0908,2026-02-07,P10,5.0,13.0,65.0,Delivered,,Web
BB012668,C0723,PET0908,2026-02-16,P10,6.0,13.0,78.0,Delivered,,Web
BB012669,C0723,PET0908,2026-02-28,P10,6.0,13.0,78.0,Delivered,,Web
BB012670,C0723,PET0908,2026-03-14,P10,6.0,13.0,78.0,Delivered,,Web
BB012671,C0723,PET0908,2026-03-23,P03,7.0,13.5,94.5,Delivered,,Re-order Email
BB012672,C0723,PET0908,2026-04-03,P10,6.0,13.0,78.0,Delivered,,Web
BB012673,C0723,PET0908,2026-04-11,P10,3.0,13.0,39.0,Delivered,5,Re-order Email
BB012674,C0723,PET0908,2026-04-23,P01,6.0,14.5,87.0,Delivered,5,Pickup
BB012675,C0724,PET0909,2026-02-26,P08,4.0,15.5,62.0,Delivered,5,Web
BB012676,C0724,PET0909,2026-03-05,P09,4.0,12.5,50.0,Delivered,,Web
BB012677,C0724,PET0909,2026-03-18,P09,3.0,12.5,37.5,Delivered,,Web
BB012678,C0724,PET0909,2026-03-27,P09,5.0,12.5,62.5,Delivered,3,Web
BB012679,C0724,PET0909,2026-04-04,P01,4.0,14.5,58.0,Delivered,5,Web
BB012680,C0724,PET0909,2026-04-11,P09,6.0,12.5,75.0,Delivered,5,Re-order Email
BB012681,C0724,PET0909,2026-04-23,P11,5.0,12.0,60.0,Delivered,5,Pickup
BB012682,C0724,PET0910,2026-02-27,P07,5.0,13.5,67.5,Delivered,5,Web
BB012683,C0724,PET0910,2026-03-07,P12,6.0,12.5,75.0,Delivered,,Pickup
BB012684,C0724,PET0910,2026-03-18,P12,3.0,12.5,37.5,Delivered,,Web
BB012685,C0724,PET0910,2026-03-26,P12,6.0,12.5,75.0,Delivered,,Pickup
BB012686,C0724,PET0910,2026-04-08,P12,6.0,12.5,75.0,Delivered,,Re-order Email
BB012687,C0724,PET0910,2026-04-16,P06,3.0,14.5,43.5,Delivered,5,Web
BB012688,C0724,PET0910,2026-04-25,P12,6.0,12.5,75.0,Delivered,,Web
BB012689,C0724,PET0911,2026-02-26,P02,5.0,13.0,65.0,Delivered,5,Web
BB012690,C0724,PET0911,2026-03-09,P04,3.0,14.0,42.0,Delivered,,Pickup
BB012691,C0724,PET0911,2026-03-21,P04,3.0,14.0,42.0,Delivered,,Web
BB012692,C0724,PET0911,2026-04-02,P04,5.0,14.0,70.0,Delivered,5,Web
BB012693,C0724,PET0911,2026-04-11,P04,5.0,14.0,70.0,Delivered,,Web
BB012694,C0724,PET0911,2026-04-24,P04,7.0,14.0,98.0,Delivered,,Web
BB012695,C0725,PET0912,2026-04-04,P10,5.0,13.0,65.0,Delivered,,Web
BB012696,C0725,PET0912,2026-04-15,P10,2.0,13.0,26.0,Delivered,,Web
BB012697,C0725,PET0912,2026-04-27,P10,6.0,13.0,78.0,Delivered,,Web
BB012698,C0725,PET0913,2026-04-03,P04,6.0,14.0,84.0,Delivered,,Web
BB012699,C0726,PET0914,2025-06-14,P08,3.0,15.5,46.5,Delivered,5,Re-order Email
BB012700,C0726,PET0914,2025-06-23,P08,4.0,15.5,62.0,Delivered,5,Web
BB012701,C0726,PET0914,2025-07-06,P08,7.0,15.5,108.5,Delivered,,Web
BB012702,C0726,PET0914,2025-07-19,P08,5.0,15.5,77.5,Delivered,5,Web
BB012703,C0726,PET0914,2025-07-26,P08,7.0,15.5,108.5,Delivered,,Web
BB012704,C0726,PET0914,2025-08-07,P08,6.0,15.5,93.0,Delivered,,Web
BB012705,C0726,PET0914,2025-08-16,P01,4.0,14.5,58.0,Delivered,5,Web
BB012706,C0726,PET0914,2025-08-24,P08,6.0,15.5,93.0,Delivered,4,Pickup
BB012707,C0726,PET0914,2025-09-06,P08,5.0,15.5,77.5,Delivered,,Re-order Email
BB012708,C0726,PET0914,2025-09-13,P08,5.0,15.5,77.5,Delivered,5,Web
BB012709,C0726,PET0914,2025-09-20,P08,3.0,15.5,46.5,Delivered,5,Web
BB012710,C0726,PET0914,2025-09-29,P11,5.0,12.0,60.0,Delivered,,Re-order Email
BB012711,C0726,PET0914,2025-10-09,P06,4.0,14.5,58.0,Delivered,5,Web
BB012712,C0726,PET0914,2025-10-17,P02,5.0,13.0,65.0,Delivered,,Web
BB012713,C0726,PET0914,2025-10-29,P08,3.0,15.5,46.5,Delivered,,Web
BB012714,C0726,PET0914,2025-11-09,P08,4.0,15.5,62.0,Delivered,,Web
BB012715,C0726,PET0914,2025-11-19,P08,4.0,15.5,62.0,Delivered,,Web
BB012716,C0726,PET0914,2025-11-28,P08,7.0,15.5,108.5,Delivered,,Web
BB012717,C0726,PET0914,2025-12-10,P08,3.0,15.5,46.5,Delivered,,Pickup
BB012718,C0726,PET0914,2025-12-18,P12,5.0,12.5,62.5,Delivered,,Pickup
BB012719,C0726,PET0914,2025-12-25,P08,4.0,15.5,62.0,Delivered,5,Web
BB012720,C0726,PET0914,2026-01-05,P12,6.0,12.5,75.0,Delivered,,Web
BB012721,C0726,PET0914,2026-01-15,P08,5.0,15.5,77.5,Delivered,,Re-order Email
BB012722,C0726,PET0914,2026-01-23,P08,3.0,15.5,46.5,Delivered,,Web
BB012723,C0726,PET0914,2026-01-31,P08,6.0,15.5,93.0,Delivered,,Web
BB012724,C0726,PET0914,2026-02-07,P08,3.0,15.5,46.5,Delivered,,Web
BB012725,C0726,PET0914,2026-02-20,P08,7.0,15.5,108.5,Delivered,,Pickup
BB012726,C0726,PET0914,2026-03-02,P10,6.0,13.0,78.0,Delivered,5,Pickup
BB012727,C0726,PET0914,2026-03-12,P08,4.0,15.5,62.0,Delivered,4,Web
BB012728,C0726,PET0914,2026-03-22,P02,3.0,13.0,39.0,Delivered,,Web
BB012729,C0726,PET0914,2026-04-02,P08,3.0,15.5,46.5,Delivered,,Re-order Email
BB012730,C0726,PET0914,2026-04-15,P08,4.0,15.5,62.0,Delivered,,Web
BB012731,C0726,PET0914,2026-04-26,P08,3.0,15.5,46.5,Delivered,,Web
BB012732,C0728,PET0916,2026-03-23,P08,7.0,15.5,108.5,Delivered,,Web
BB012733,C0728,PET0916,2026-04-06,P08,6.0,15.5,93.0,Delivered,,Web
BB012734,C0728,PET0916,2026-04-14,P08,6.0,15.5,93.0,Delivered,,Web
BB012735,C0728,PET0916,2026-04-26,P08,6.0,15.5,93.0,Delivered,,Re-order Email
BB012736,C0729,PET0917,2025-10-26,P02,3.0,13.0,39.0,Delivered,,Re-order Email
BB012737,C0729,PET0917,2025-11-06,P02,6.0,13.0,78.0,Delivered,,Web
BB012738,C0729,PET0917,2025-11-20,P02,6.0,13.0,78.0,Delivered,,Re-order Email
BB012739,C0729,PET0917,2025-11-30,P02,6.0,13.0,78.0,Delivered,,Web
BB012740,C0729,PET0917,2025-12-08,P02,3.0,13.0,39.0,Delivered,,Pickup
BB012741,C0729,PET0917,2025-12-20,P01,3.0,14.5,43.5,Delivered,,Web
BB012742,C0729,PET0917,2025-12-30,P01,6.0,14.5,87.0,Delivered,,Web
BB012743,C0729,PET0917,2026-01-13,P09,6.0,12.5,75.0,Delivered,,Pickup
BB012744,C0729,PET0917,2026-01-25,P02,6.0,13.0,78.0,Delivered,,Re-order Email
BB012745,C0729,PET0917,2026-02-02,P08,4.0,15.5,62.0,Delivered,4,Web
BB012746,C0729,PET0917,2026-02-12,P02,7.0,13.0,91.0,Delivered,5,Web
BB012747,C0729,PET0917,2026-02-21,P02,7.0,13.0,91.0,Delivered,,Web
BB012748,C0729,PET0917,2026-03-02,P02,7.0,13.0,91.0,Delivered,5,Web
BB012749,C0729,PET0917,2026-03-12,P02,5.0,13.0,65.0,Delivered,,Web
BB012750,C0729,PET0917,2026-03-24,P02,7.0,13.0,91.0,Delivered,5,Web
BB012751,C0729,PET0917,2026-04-03,P02,5.0,13.0,65.0,Delivered,,Pickup
BB012752,C0729,PET0917,2026-04-17,P02,3.0,13.0,39.0,Delivered,,Re-order Email
BB012753,C0729,PET0917,2026-04-28,P02,3.0,13.0,39.0,Delivered,,Web
BB012754,C0730,PET0918,2026-04-30,P02,4.0,13.0,52.0,Delivered,,Pickup
BB012755,C0731,PET0919,2026-03-15,P01,6.0,14.5,87.0,Delivered,,Web
BB012756,C0731,PET0919,2026-03-23,P01,4.0,14.5,58.0,Delivered,,Web
BB012757,C0731,PET0919,2026-03-30,P01,4.0,14.5,58.0,Delivered,4,Web
BB012758,C0732,PET0920,2026-04-29,P01,7.0,14.5,101.5,Delivered,,Web
BB012759,C0733,PET0921,2026-01-17,P07,5.0,13.5,67.5,Delivered,,Pickup
BB012760,C0733,PET0921,2026-01-28,P07,6.0,13.5,81.0,Delivered,,Web
BB012761,C0733,PET0921,2026-02-10,P07,4.0,13.5,54.0,Delivered,5,Pickup
BB012762,C0733,PET0921,2026-02-17,P07,4.0,13.5,54.0,Delivered,,Web
BB012763,C0733,PET0921,2026-02-26,P07,3.0,13.5,40.5,Delivered,,Web
BB012764,C0733,PET0921,2026-03-05,P07,3.0,13.5,40.5,Delivered,5,Pickup
BB012765,C0733,PET0921,2026-03-13,P07,4.0,13.5,54.0,Delivered,,Web
BB012766,C0734,PET0922,2026-02-08,P11,2.0,12.0,24.0,Delivered,5,Web
BB012767,C0734,PET0922,2026-02-16,P11,6.0,12.0,72.0,Delivered,5,Web
BB012768,C0734,PET0922,2026-03-01,P12,4.0,12.5,50.0,Delivered,5,Web
BB012769,C0734,PET0922,2026-03-10,P11,5.0,12.0,60.0,Delivered,5,Re-order Email
BB012770,C0734,PET0922,2026-03-23,P08,7.0,15.5,108.5,Delivered,,Pickup
BB012771,C0734,PET0922,2026-04-02,P11,6.0,12.0,72.0,Delivered,,Web
BB012772,C0734,PET0922,2026-04-09,P02,4.0,13.0,52.0,Delivered,5,Web
BB012773,C0734,PET0922,2026-04-16,P11,3.0,12.0,36.0,Delivered,,Pickup
BB012774,C0734,PET0922,2026-04-26,P02,4.0,13.0,52.0,Delivered,5,Re-order Email
BB012775,C0735,PET0923,2026-01-27,P11,4.0,12.0,48.0,Delivered,5,Web
BB012776,C0735,PET0923,2026-02-07,P01,5.0,14.5,72.5,Delivered,,Web
BB012777,C0735,PET0923,2026-02-20,P01,6.0,14.5,87.0,Delivered,5,Pickup
BB012778,C0735,PET0923,2026-03-01,P07,4.0,13.5,54.0,Delivered,,Web
BB012779,C0735,PET0923,2026-03-14,P01,6.0,14.5,87.0,Delivered,,Re-order Email
BB012780,C0735,PET0923,2026-03-22,P09,4.0,12.5,50.0,Delivered,,Web
BB012781,C0735,PET0923,2026-04-01,P01,3.0,14.5,43.5,Delivered,4,Web
BB012782,C0735,PET0923,2026-04-12,P01,5.0,14.5,72.5,Delivered,,Web
BB012783,C0735,PET0923,2026-04-19,P01,4.0,14.5,58.0,Delivered,,Web
BB012784,C0736,PET0924,2025-02-10,P09,5.0,12.5,62.5,Delivered,,Web
BB012785,C0736,PET0924,2025-02-19,P09,3.0,12.5,37.5,Delivered,5,Pickup
BB012786,C0736,PET0924,2025-02-28,P02,6.0,13.0,78.0,Delivered,,Web
BB012787,C0736,PET0924,2025-03-11,P09,4.0,12.5,50.0,Delivered,,Web
BB012788,C0736,PET0924,2025-03-23,P12,4.0,12.5,50.0,Delivered,,Web
BB012789,C0736,PET0924,2025-03-30,P09,4.0,12.5,50.0,Delivered,4,Re-order Email
BB012790,C0736,PET0924,2025-04-12,P09,3.0,12.5,37.5,Delivered,,Web
BB012791,C0736,PET0924,2025-04-22,P09,2.0,12.5,25.0,Delivered,,Web
BB012792,C0736,PET0924,2025-05-03,P09,3.0,12.5,37.5,Delivered,,Web
BB012793,C0736,PET0924,2025-05-11,P09,6.0,12.5,75.0,Delivered,,Web
BB012794,C0736,PET0924,2025-05-22,P09,5.0,12.5,62.5,Delivered,5,Web
BB012795,C0736,PET0924,2025-06-03,P09,4.0,12.5,50.0,Delivered,,Web
BB012796,C0736,PET0924,2025-06-17,P09,4.0,12.5,50.0,Delivered,,Web
BB012797,C0736,PET0924,2025-06-25,P09,2.0,12.5,25.0,Delivered,,Web
BB012798,C0736,PET0924,2025-07-06,P09,4.0,12.5,50.0,Delivered,5,Web
BB012799,C0736,PET0924,2025-07-13,P09,7.0,12.5,87.5,Delivered,,Web
BB012800,C0736,PET0924,2025-07-26,P09,4.0,12.5,50.0,Delivered,,Re-order Email
BB012801,C0736,PET0924,2025-08-09,P09,4.0,12.5,50.0,Delivered,,Web
BB012802,C0736,PET0924,2025-08-16,P09,2.0,12.5,25.0,Delivered,5,Re-order Email
BB012803,C0736,PET0924,2025-08-26,P06,5.0,14.5,72.5,Delivered,4,Web
BB012804,C0736,PET0924,2025-09-03,P09,5.0,12.5,62.5,Delivered,,Web
BB012805,C0736,PET0924,2025-09-15,P09,6.0,12.5,75.0,Delivered,5,Web
BB012806,C0736,PET0924,2025-09-27,P09,6.0,12.5,75.0,Delivered,,Web
BB012807,C0736,PET0924,2025-10-04,P09,5.0,12.5,62.5,Delivered,5,Web
BB012808,C0736,PET0924,2025-10-14,P09,5.0,12.5,62.5,Delivered,5,Web
BB012809,C0736,PET0924,2025-10-24,P09,7.0,12.5,87.5,Delivered,,Web
BB012810,C0736,PET0924,2025-11-04,P09,5.0,12.5,62.5,Delivered,,Web
BB012811,C0736,PET0924,2025-11-12,P09,6.0,12.5,75.0,Delivered,,Web
BB012812,C0736,PET0924,2025-11-26,P09,5.0,12.5,62.5,Delivered,5,Web
BB012813,C0736,PET0924,2025-12-03,P12,4.0,12.5,50.0,Delivered,5,Web
BB012814,C0736,PET0924,2025-12-11,P09,7.0,12.5,87.5,Delivered,5,Pickup
BB012815,C0736,PET0924,2025-12-21,P09,6.0,12.5,75.0,Delivered,4,Web
BB012816,C0736,PET0924,2026-01-04,P12,2.0,12.5,25.0,Delivered,5,Web
BB012817,C0736,PET0924,2026-01-13,P09,6.0,12.5,75.0,Delivered,,Web
BB012818,C0736,PET0924,2026-01-22,P09,5.0,12.5,62.5,Delivered,,Web
BB012819,C0736,PET0924,2026-02-05,P09,2.0,12.5,25.0,Delivered,,Web
BB012820,C0736,PET0924,2026-02-16,P09,6.0,12.5,75.0,Delivered,,Re-order Email
BB012821,C0736,PET0924,2026-02-28,P01,6.0,14.5,87.0,Delivered,,Web
BB012822,C0736,PET0924,2026-03-07,P09,2.0,12.5,25.0,Delivered,5,Web
BB012823,C0736,PET0924,2026-03-18,P09,7.0,12.5,87.5,Delivered,5,Web
BB012824,C0736,PET0924,2026-03-25,P09,4.0,12.5,50.0,Delivered,,Web
BB012825,C0736,PET0924,2026-04-06,P09,2.0,12.5,25.0,Delivered,,Re-order Email
BB012826,C0736,PET0924,2026-04-13,P10,7.0,13.0,91.0,Delivered,,Web
BB012827,C0736,PET0924,2026-04-26,P09,5.0,12.5,62.5,Delivered,5,Web
BB012828,C0737,PET0925,2026-03-07,P09,5.0,12.5,62.5,Delivered,,Re-order Email
BB012829,C0737,PET0925,2026-03-15,P10,7.0,13.0,91.0,Delivered,,Re-order Email
BB012830,C0737,PET0925,2026-03-27,P10,5.0,13.0,65.0,Delivered,,Web
BB012831,C0737,PET0925,2026-04-03,P10,6.0,13.0,78.0,Delivered,5,Re-order Email
BB012832,C0737,PET0925,2026-04-14,P10,7.0,13.0,91.0,Delivered,,Web
BB012833,C0737,PET0925,2026-04-24,P10,4.0,13.0,52.0,Delivered,5,Web
BB012834,C0737,PET0926,2026-03-04,P11,2.0,12.0,24.0,Delivered,,Pickup
BB012835,C0737,PET0926,2026-03-17,P11,3.0,12.0,36.0,Delivered,,Web
BB012836,C0737,PET0926,2026-03-24,P11,3.0,12.0,36.0,Delivered,,Web
BB012837,C0738,PET0927,2025-07-14,P02,2.0,13.0,26.0,Delivered,5,Web
BB012838,C0738,PET0927,2025-07-28,P02,5.0,13.0,65.0,Delivered,,Web
BB012839,C0738,PET0927,2025-08-10,P02,4.0,13.0,52.0,Delivered,5,Pickup
BB012840,C0738,PET0927,2025-08-17,P08,6.0,15.5,93.0,Delivered,5,Web
BB012841,C0738,PET0927,2025-08-29,P01,6.0,14.5,87.0,Delivered,,Web
BB012842,C0738,PET0927,2025-09-07,P02,5.0,13.0,65.0,Delivered,,Pickup
BB012843,C0738,PET0927,2025-09-14,P02,7.0,13.0,91.0,Delivered,,Web
BB012844,C0738,PET0927,2025-09-28,P10,6.0,13.0,78.0,Delivered,,Pickup
BB012845,C0738,PET0927,2025-10-09,P02,5.0,13.0,65.0,Delivered,4,Re-order Email
BB012846,C0738,PET0927,2025-10-17,P02,5.0,13.0,65.0,Delivered,,Web
BB012847,C0738,PET0927,2025-10-29,P02,6.0,13.0,78.0,Delivered,,Web
BB012848,C0738,PET0927,2025-11-12,P11,4.0,12.0,48.0,Delivered,,Web
BB012849,C0738,PET0927,2025-11-19,P02,6.0,13.0,78.0,Delivered,,Pickup
BB012850,C0738,PET0927,2025-11-29,P08,5.0,15.5,77.5,Delivered,5,Web
BB012851,C0738,PET0927,2025-12-07,P12,5.0,12.5,62.5,Delivered,,Web
BB012852,C0738,PET0927,2025-12-19,P02,3.0,13.0,39.0,Delivered,,Web
BB012853,C0738,PET0927,2025-12-30,P02,4.0,13.0,52.0,Delivered,,Web
BB012854,C0738,PET0927,2026-01-10,P02,5.0,13.0,65.0,Delivered,3,Web
BB012855,C0738,PET0927,2026-01-22,P02,4.0,13.0,52.0,Delivered,5,Re-order Email
BB012856,C0738,PET0927,2026-02-04,P06,2.0,14.5,29.0,Delivered,,Web
BB012857,C0738,PET0927,2026-02-17,P02,6.0,13.0,78.0,Delivered,,Web
BB012858,C0738,PET0927,2026-03-03,P02,2.0,13.0,26.0,Delivered,5,Re-order Email
BB012859,C0738,PET0927,2026-03-17,P02,5.0,13.0,65.0,Delivered,5,Web
BB012860,C0738,PET0927,2026-03-27,P02,3.0,13.0,39.0,Delivered,,Web
BB012861,C0738,PET0927,2026-04-07,P02,6.0,13.0,78.0,Delivered,5,Pickup
BB012862,C0738,PET0927,2026-04-17,P02,5.0,13.0,65.0,Delivered,,Web
BB012863,C0739,PET0928,2025-09-13,P12,2.0,12.5,25.0,Delivered,5,Web
BB012864,C0739,PET0928,2025-09-21,P02,4.0,13.0,52.0,Delivered,,Re-order Email
BB012865,C0739,PET0928,2025-10-02,P12,3.0,12.5,37.5,Delivered,,Web
BB012866,C0739,PET0928,2025-10-10,P01,4.0,14.5,58.0,Delivered,,Web
BB012867,C0739,PET0928,2025-10-20,P01,6.0,14.5,87.0,Delivered,,Web
BB012868,C0739,PET0928,2025-10-27,P01,3.0,14.5,43.5,Delivered,5,Re-order Email
BB012869,C0739,PET0928,2025-11-08,P01,5.0,14.5,72.5,Delivered,,Web
BB012870,C0739,PET0928,2025-11-19,P01,2.0,14.5,29.0,Delivered,4,Web
BB012871,C0739,PET0928,2025-11-28,P01,4.0,14.5,58.0,Delivered,5,Web
BB012872,C0739,PET0928,2025-12-08,P06,7.0,14.5,101.5,Delivered,,Web
BB012873,C0739,PET0928,2025-12-18,P12,6.0,12.5,75.0,Delivered,,Web
BB012874,C0739,PET0928,2025-12-31,P01,2.0,14.5,29.0,Delivered,4,Re-order Email
BB012875,C0739,PET0928,2026-01-07,P03,5.0,13.5,67.5,Delivered,3,Web
BB012876,C0739,PET0928,2026-01-16,P01,4.0,14.5,58.0,Delivered,5,Web
BB012877,C0739,PET0928,2026-01-29,P01,7.0,14.5,101.5,Delivered,,Re-order Email
BB012878,C0739,PET0928,2026-02-11,P01,7.0,14.5,101.5,Delivered,,Web
BB012879,C0739,PET0928,2026-02-19,P01,7.0,14.5,101.5,Delivered,,Web
BB012880,C0739,PET0928,2026-03-01,P01,4.0,14.5,58.0,Delivered,,Web
BB012881,C0739,PET0928,2026-03-08,P01,3.0,14.5,43.5,Delivered,4,Re-order Email
BB012882,C0739,PET0928,2026-03-21,P01,2.0,14.5,29.0,Delivered,,Web
BB012883,C0739,PET0928,2026-04-01,P01,4.0,14.5,58.0,Delivered,5,Re-order Email
BB012884,C0739,PET0928,2026-04-12,P01,5.0,14.5,72.5,Delivered,,Pickup
BB012885,C0739,PET0928,2026-04-22,P01,4.0,14.5,58.0,Delivered,,Web
BB012886,C0740,PET0929,2026-03-10,P11,3.0,12.0,36.0,Delivered,,Re-order Email
BB012887,C0740,PET0929,2026-03-17,P11,3.0,12.0,36.0,Delivered,,Web
BB012888,C0740,PET0929,2026-03-24,P11,5.0,12.0,60.0,Delivered,5,Pickup
BB012889,C0740,PET0929,2026-04-01,P11,7.0,12.0,84.0,Delivered,,Web
BB012890,C0740,PET0929,2026-04-09,P11,5.0,12.0,60.0,Delivered,5,Web
BB012891,C0740,PET0929,2026-04-23,P11,6.0,12.0,72.0,Delivered,,Web
BB012892,C0740,PET0930,2026-03-09,P07,7.0,13.5,94.5,Delivered,,Web
BB012893,C0740,PET0930,2026-03-21,P08,5.0,15.5,77.5,Delivered,5,Web
BB012894,C0740,PET0930,2026-03-28,P09,6.0,12.5,75.0,Delivered,,Web
BB012895,C0740,PET0930,2026-04-07,P07,5.0,13.5,67.5,Delivered,5,Pickup
BB012896,C0740,PET0930,2026-04-19,P07,5.0,13.5,67.5,Delivered,,Pickup
BB012897,C0740,PET0931,2026-03-10,P09,7.0,12.5,87.5,Delivered,,Web
BB012898,C0740,PET0931,2026-03-18,P09,4.0,12.5,50.0,Delivered,4,Pickup
BB012899,C0740,PET0931,2026-03-31,P09,6.0,12.5,75.0,Delivered,,Web
BB012900,C0740,PET0931,2026-04-12,P09,5.0,12.5,62.5,Delivered,,Web
BB012901,C0740,PET0931,2026-04-22,P11,5.0,12.0,60.0,Delivered,,Web
BB012902,C0741,PET0932,2025-10-01,P03,2.0,13.5,27.0,Delivered,,Web
BB012903,C0741,PET0932,2025-10-14,P06,6.0,14.5,87.0,Delivered,4,Re-order Email
BB012904,C0741,PET0932,2025-10-23,P10,3.0,13.0,39.0,Delivered,5,Web
BB012905,C0741,PET0932,2025-11-03,P10,3.0,13.0,39.0,Delivered,,Web
BB012906,C0741,PET0932,2025-11-12,P10,3.0,13.0,39.0,Delivered,,Re-order Email
BB012907,C0741,PET0932,2025-11-23,P10,3.0,13.0,39.0,Delivered,,Web
BB012908,C0741,PET0932,2025-12-04,P10,6.0,13.0,78.0,Delivered,5,Web
BB012909,C0741,PET0932,2025-12-17,P10,3.0,13.0,39.0,Delivered,5,Web
BB012910,C0741,PET0932,2025-12-29,P10,5.0,13.0,65.0,Delivered,,Pickup
BB012911,C0741,PET0932,2026-01-07,P03,2.0,13.5,27.0,Delivered,,Re-order Email
BB012912,C0741,PET0932,2026-01-21,P01,4.0,14.5,58.0,Delivered,,Web
BB012913,C0741,PET0932,2026-01-30,P10,6.0,13.0,78.0,Delivered,4,Web
BB012914,C0741,PET0932,2026-02-13,P01,3.0,14.5,43.5,Delivered,,Web
BB012915,C0741,PET0932,2026-02-21,P10,4.0,13.0,52.0,Delivered,5,Web
BB012916,C0741,PET0932,2026-03-07,P10,5.0,13.0,65.0,Delivered,,Web
BB012917,C0741,PET0932,2026-03-16,P10,5.0,13.0,65.0,Delivered,5,Web
BB012918,C0741,PET0932,2026-03-28,P10,3.0,13.0,39.0,Delivered,5,Pickup
BB012919,C0741,PET0932,2026-04-06,P03,5.0,13.5,67.5,Delivered,,Web
BB012920,C0741,PET0932,2026-04-17,P10,2.0,13.0,26.0,Delivered,,Pickup
BB012921,C0741,PET0932,2026-04-24,P10,6.0,13.0,78.0,Delivered,,Web
BB012922,C0742,PET0933,2026-03-17,P11,6.0,12.0,72.0,Delivered,,Web
BB012923,C0742,PET0933,2026-03-29,P08,6.0,15.5,93.0,Delivered,,Re-order Email
BB012924,C0742,PET0933,2026-04-07,P06,7.0,14.5,101.5,Delivered,,Web
BB012925,C0742,PET0933,2026-04-17,P06,4.0,14.5,58.0,Delivered,,Pickup
BB012926,C0743,PET0934,2026-03-07,P11,5.0,12.0,60.0,Delivered,,Re-order Email
BB012927,C0743,PET0934,2026-03-17,P11,3.0,12.0,36.0,Delivered,,Web
BB012928,C0743,PET0934,2026-03-27,P08,4.0,15.5,62.0,Delivered,,Web
BB012929,C0743,PET0934,2026-04-08,P11,3.0,12.0,36.0,Delivered,,Web
BB012930,C0744,PET0935,2026-03-02,P07,6.0,13.5,81.0,Delivered,,Re-order Email
BB012931,C0744,PET0935,2026-03-15,P12,6.0,12.5,75.0,Delivered,,Pickup
BB012932,C0744,PET0935,2026-03-22,P07,6.0,13.5,81.0,Delivered,,Web
BB012933,C0744,PET0935,2026-04-01,P07,2.0,13.5,27.0,Delivered,5,Web
BB012934,C0744,PET0935,2026-04-15,P07,7.0,13.5,94.5,Delivered,,Pickup
BB012935,C0745,PET0936,2025-03-11,P11,5.0,12.0,60.0,Delivered,,Pickup
BB012936,C0745,PET0936,2025-03-20,P11,3.0,12.0,36.0,Delivered,5,Re-order Email
BB012937,C0745,PET0936,2025-03-31,P11,2.0,12.0,24.0,Delivered,,Web
BB012938,C0745,PET0936,2025-04-09,P11,5.0,12.0,60.0,Delivered,,Web
BB012939,C0745,PET0936,2025-04-22,P11,3.0,12.0,36.0,Delivered,,Re-order Email
BB012940,C0745,PET0936,2025-05-02,P11,7.0,12.0,84.0,Delivered,,Web
BB012941,C0745,PET0936,2025-05-14,P11,4.0,12.0,48.0,Delivered,4,Web
BB012942,C0745,PET0936,2025-05-25,P03,6.0,13.5,81.0,Delivered,,Web
BB012943,C0745,PET0936,2025-06-06,P11,6.0,12.0,72.0,Delivered,4,Web
BB012944,C0745,PET0936,2025-06-15,P11,6.0,12.0,72.0,Delivered,5,Web
BB012945,C0745,PET0936,2025-06-27,P03,5.0,13.5,67.5,Delivered,,Pickup
BB012946,C0745,PET0936,2025-07-05,P11,4.0,12.0,48.0,Delivered,,Pickup
BB012947,C0745,PET0936,2025-07-16,P11,7.0,12.0,84.0,Delivered,5,Web
BB012948,C0745,PET0936,2025-07-24,P10,4.0,13.0,52.0,Delivered,,Web
BB012949,C0745,PET0936,2025-08-03,P11,5.0,12.0,60.0,Delivered,,Web
BB012950,C0745,PET0936,2025-08-16,P11,4.0,12.0,48.0,Delivered,4,Web
BB012951,C0745,PET0936,2025-09-20,P11,4.0,12.0,48.0,Delivered,,Web
BB012952,C0745,PET0936,2025-09-29,P07,5.0,13.5,67.5,Delivered,,Web
BB012953,C0745,PET0936,2025-10-06,P11,6.0,12.0,72.0,Delivered,,Web
BB012954,C0745,PET0936,2025-10-13,P11,3.0,12.0,36.0,Delivered,5,Re-order Email
BB012955,C0745,PET0936,2025-10-20,P11,5.0,12.0,60.0,Delivered,,Pickup
BB012956,C0745,PET0936,2025-10-28,P11,5.0,12.0,60.0,Delivered,,Web
BB012957,C0745,PET0936,2025-11-05,P11,5.0,12.0,60.0,Delivered,,Web
BB012958,C0745,PET0936,2025-11-15,P11,3.0,12.0,36.0,Delivered,,Web
BB012959,C0745,PET0936,2025-11-24,P12,6.0,12.5,75.0,Delivered,,Web
BB012960,C0745,PET0936,2025-12-04,P11,5.0,12.0,60.0,Delivered,4,Re-order Email
BB012961,C0745,PET0936,2025-12-14,P11,5.0,12.0,60.0,Delivered,,Web
BB012962,C0745,PET0936,2025-12-21,P08,4.0,15.5,62.0,Delivered,,Web
BB012963,C0745,PET0936,2025-12-30,P11,5.0,12.0,60.0,Delivered,,Web
BB012964,C0745,PET0936,2026-01-07,P07,3.0,13.5,40.5,Delivered,,Web
BB012965,C0745,PET0936,2026-01-19,P11,6.0,12.0,72.0,Delivered,,Web
BB012966,C0745,PET0936,2026-01-31,P08,7.0,15.5,108.5,Delivered,5,Pickup
BB012967,C0745,PET0936,2026-02-11,P01,7.0,14.5,101.5,Delivered,5,Web
BB012968,C0745,PET0936,2026-02-21,P11,6.0,12.0,72.0,Delivered,,Web
BB012969,C0745,PET0936,2026-03-01,P11,5.0,12.0,60.0,Delivered,5,Re-order Email
BB012970,C0745,PET0936,2026-03-09,P11,6.0,12.0,72.0,Delivered,,Web
BB012971,C0745,PET0936,2026-03-18,P11,5.0,12.0,60.0,Delivered,,Web
BB012972,C0745,PET0936,2026-03-27,P11,5.0,12.0,60.0,Delivered,,Web
BB012973,C0745,PET0936,2026-04-03,P11,4.0,12.0,48.0,Delivered,3,Web
BB012974,C0745,PET0936,2026-04-13,P11,3.0,12.0,36.0,Delivered,5,Web
BB012975,C0745,PET0936,2026-04-20,P11,3.0,12.0,36.0,Delivered,5,Re-order Email
BB012976,C0746,PET0937,2025-11-27,P03,2.0,13.5,27.0,Delivered,5,Web
BB012977,C0746,PET0937,2025-12-07,P12,5.0,12.5,62.5,Delivered,,Web
BB012978,C0746,PET0937,2025-12-17,P12,5.0,12.5,62.5,Delivered,,Pickup
BB012979,C0746,PET0937,2025-12-26,P12,7.0,12.5,87.5,Delivered,,Re-order Email
BB012980,C0746,PET0937,2026-01-05,P01,6.0,14.5,87.0,Delivered,,Pickup
BB012981,C0746,PET0937,2026-01-18,P12,7.0,12.5,87.5,Delivered,,Web
BB012982,C0746,PET0937,2026-01-25,P12,3.0,12.5,37.5,Delivered,4,Re-order Email
BB012983,C0746,PET0937,2026-02-05,P06,4.0,14.5,58.0,Delivered,,Web
BB012984,C0746,PET0937,2026-02-15,P12,4.0,12.5,50.0,Delivered,,Web
BB012985,C0746,PET0937,2026-02-28,P12,6.0,12.5,75.0,Delivered,4,Web
BB012986,C0746,PET0937,2026-03-13,P12,7.0,12.5,87.5,Delivered,,Web
BB012987,C0746,PET0937,2026-03-21,P12,3.0,12.5,37.5,Delivered,,Web
BB012988,C0746,PET0937,2026-03-30,P12,5.0,12.5,62.5,Delivered,,Pickup
BB012989,C0746,PET0937,2026-04-11,P12,4.0,12.5,50.0,Delivered,,Web
BB012990,C0746,PET0937,2026-04-20,P12,5.0,12.5,62.5,Delivered,5,Pickup
BB012991,C0747,PET0938,2026-04-21,P10,4.0,13.0,52.0,Delivered,,Web
BB012992,C0748,PET0940,2026-04-29,P01,3.0,14.5,43.5,Delivered,,Web
BB012993,C0749,PET0941,2025-05-23,P07,4.0,13.5,54.0,Delivered,,Pickup
BB012994,C0749,PET0941,2025-05-30,P08,6.0,15.5,93.0,Delivered,,Pickup
BB012995,C0749,PET0941,2025-06-09,P08,3.0,15.5,46.5,Delivered,5,Web
BB012996,C0749,PET0941,2025-06-17,P08,7.0,15.5,108.5,Delivered,,Web
BB012997,C0749,PET0941,2025-06-24,P08,6.0,15.5,93.0,Delivered,,Pickup
BB012998,C0749,PET0941,2025-07-02,P08,4.0,15.5,62.0,Delivered,,Web
BB012999,C0749,PET0941,2025-07-12,P08,6.0,15.5,93.0,Delivered,,Web
BB013000,C0749,PET0941,2025-07-25,P08,4.0,15.5,62.0,Delivered,4,Re-order Email
BB013001,C0749,PET0941,2025-08-03,P08,2.0,15.5,31.0,Delivered,,Pickup
BB013002,C0749,PET0941,2025-08-11,P08,6.0,15.5,93.0,Delivered,,Pickup
BB013003,C0749,PET0941,2025-08-19,P08,6.0,15.5,93.0,Delivered,,Web
BB013004,C0749,PET0941,2025-08-27,P08,5.0,15.5,77.5,Delivered,5,Re-order Email
BB013005,C0749,PET0941,2025-09-10,P04,3.0,14.0,42.0,Delivered,,Re-order Email
BB013006,C0749,PET0941,2025-09-17,P08,4.0,15.5,62.0,Delivered,4,Web
BB013007,C0749,PET0941,2025-09-26,P08,5.0,15.5,77.5,Delivered,,Web
BB013008,C0749,PET0941,2025-10-04,P08,4.0,15.5,62.0,Delivered,5,Web
BB013009,C0749,PET0941,2025-10-13,P08,6.0,15.5,93.0,Delivered,5,Web
BB013010,C0749,PET0941,2025-10-25,P04,6.0,14.0,84.0,Delivered,5,Web
BB013011,C0749,PET0941,2025-11-03,P12,6.0,12.5,75.0,Delivered,,Web
BB013012,C0749,PET0941,2025-11-13,P08,5.0,15.5,77.5,Delivered,,Web
BB013013,C0749,PET0941,2025-11-27,P04,3.0,14.0,42.0,Delivered,,Pickup
BB013014,C0749,PET0941,2025-12-08,P08,3.0,15.5,46.5,Delivered,,Re-order Email
BB013015,C0749,PET0941,2025-12-15,P08,6.0,15.5,93.0,Delivered,,Web
BB013016,C0749,PET0941,2025-12-23,P08,6.0,15.5,93.0,Delivered,,Web
BB013017,C0749,PET0941,2026-01-02,P08,6.0,15.5,93.0,Delivered,,Re-order Email
BB013018,C0749,PET0941,2026-01-15,P08,6.0,15.5,93.0,Delivered,,Re-order Email
BB013019,C0749,PET0941,2026-01-25,P02,5.0,13.0,65.0,Delivered,,Web
BB013020,C0749,PET0941,2026-02-07,P07,6.0,13.5,81.0,Delivered,,Web
BB013021,C0749,PET0941,2026-02-20,P04,5.0,14.0,70.0,Delivered,,Web
BB013022,C0749,PET0941,2026-03-02,P08,2.0,15.5,31.0,Delivered,,Web
BB013023,C0749,PET0941,2026-03-14,P12,7.0,12.5,87.5,Delivered,,Web
BB013024,C0749,PET0941,2026-03-24,P08,4.0,15.5,62.0,Delivered,4,Web
BB013025,C0749,PET0941,2026-04-01,P09,3.0,12.5,37.5,Delivered,4,Re-order Email
BB013026,C0749,PET0941,2026-04-14,P08,5.0,15.5,77.5,Delivered,,Pickup
BB013027,C0749,PET0941,2026-04-25,P09,4.0,12.5,50.0,Delivered,,Web
BB013028,C0750,PET0942,2025-06-22,P11,5.0,12.0,60.0,Delivered,4,Web
BB013029,C0750,PET0942,2025-07-01,P11,4.0,12.0,48.0,Delivered,,Re-order Email
BB013030,C0750,PET0942,2025-07-08,P11,5.0,12.0,60.0,Delivered,,Pickup
BB013031,C0750,PET0942,2025-07-21,P11,3.0,12.0,36.0,Delivered,,Pickup
BB013032,C0750,PET0942,2025-08-01,P07,5.0,13.5,67.5,Delivered,,Web
BB013033,C0750,PET0942,2025-08-13,P11,6.0,12.0,72.0,Delivered,5,Web
BB013034,C0750,PET0942,2025-08-22,P11,2.0,12.0,24.0,Delivered,,Re-order Email
BB013035,C0750,PET0942,2025-08-31,P11,3.0,12.0,36.0,Delivered,5,Web
BB013036,C0750,PET0942,2025-09-12,P11,6.0,12.0,72.0,Delivered,,Web
BB013037,C0750,PET0942,2025-09-25,P11,5.0,12.0,60.0,Delivered,,Web
BB013038,C0750,PET0942,2025-10-02,P11,7.0,12.0,84.0,Delivered,,Web
BB013039,C0750,PET0942,2025-10-15,P11,5.0,12.0,60.0,Delivered,5,Web
BB013040,C0750,PET0942,2025-10-27,P07,6.0,13.5,81.0,Delivered,,Web
BB013041,C0750,PET0942,2025-11-07,P11,7.0,12.0,84.0,Delivered,5,Web
BB013042,C0750,PET0942,2025-11-18,P11,6.0,12.0,72.0,Delivered,,Web
BB013043,C0750,PET0942,2025-12-01,P11,7.0,12.0,84.0,Delivered,,Web
BB013044,C0750,PET0942,2025-12-13,P11,5.0,12.0,60.0,Delivered,,Pickup
BB013045,C0750,PET0942,2025-12-26,P06,5.0,14.5,72.5,Delivered,,Re-order Email
BB013046,C0750,PET0942,2026-01-08,P11,5.0,12.0,60.0,Delivered,4,Web
BB013047,C0750,PET0942,2026-01-17,P11,4.0,12.0,48.0,Delivered,,Web
BB013048,C0750,PET0942,2026-01-29,P11,6.0,12.0,72.0,Delivered,,Web
BB013049,C0750,PET0942,2026-02-05,P11,5.0,12.0,60.0,Delivered,,Pickup
BB013050,C0750,PET0942,2026-02-17,P11,6.0,12.0,72.0,Delivered,,Re-order Email
BB013051,C0750,PET0942,2026-02-25,P11,3.0,12.0,36.0,Delivered,5,Web
BB013052,C0750,PET0942,2026-03-04,P11,4.0,12.0,48.0,Delivered,5,Web
BB013053,C0750,PET0942,2026-03-13,P08,6.0,15.5,93.0,Delivered,,Web
BB013054,C0750,PET0942,2026-03-22,P11,5.0,12.0,60.0,Delivered,,Pickup
BB013055,C0751,PET0943,2026-04-20,P08,4.0,15.5,62.0,Delivered,,Re-order Email
BB013056,C0752,PET0944,2025-06-22,P03,3.0,13.5,40.5,Delivered,5,Web
BB013057,C0752,PET0944,2025-07-06,P03,4.0,13.5,54.0,Delivered,,Web
BB013058,C0752,PET0944,2025-07-18,P03,2.0,13.5,27.0,Delivered,,Pickup
BB013059,C0752,PET0944,2025-07-25,P03,4.0,13.5,54.0,Delivered,5,Re-order Email
BB013060,C0752,PET0944,2025-08-06,P03,3.0,13.5,40.5,Delivered,,Web
BB013061,C0752,PET0944,2025-08-18,P02,4.0,13.0,52.0,Delivered,,Web
BB013062,C0752,PET0944,2025-08-29,P03,6.0,13.5,81.0,Delivered,,Web
BB013063,C0752,PET0944,2025-09-08,P03,4.0,13.5,54.0,Delivered,,Pickup
BB013064,C0752,PET0944,2025-09-21,P10,4.0,13.0,52.0,Delivered,,Web
BB013065,C0752,PET0944,2025-10-04,P03,5.0,13.5,67.5,Delivered,,Web
BB013066,C0752,PET0944,2025-10-13,P03,4.0,13.5,54.0,Delivered,,Web
BB013067,C0752,PET0944,2025-10-25,P01,3.0,14.5,43.5,Delivered,,Web
BB013068,C0752,PET0944,2025-11-03,P03,7.0,13.5,94.5,Delivered,,Web
BB013069,C0752,PET0944,2025-11-12,P10,5.0,13.0,65.0,Delivered,,Web
BB013070,C0752,PET0944,2025-11-24,P03,4.0,13.5,54.0,Delivered,4,Web
BB013071,C0752,PET0944,2025-12-05,P03,4.0,13.5,54.0,Delivered,,Web
BB013072,C0752,PET0944,2025-12-19,P03,4.0,13.5,54.0,Delivered,,Web
BB013073,C0752,PET0944,2025-12-29,P06,7.0,14.5,101.5,Delivered,5,Web
BB013074,C0752,PET0944,2026-01-10,P01,3.0,14.5,43.5,Delivered,4,Pickup
BB013075,C0752,PET0944,2026-01-23,P03,4.0,13.5,54.0,Delivered,5,Web
BB013076,C0752,PET0944,2026-02-03,P03,3.0,13.5,40.5,Delivered,,Web
BB013077,C0752,PET0944,2026-02-10,P03,4.0,13.5,54.0,Delivered,,Web
BB013078,C0752,PET0944,2026-02-22,P03,4.0,13.5,54.0,Delivered,,Web
BB013079,C0752,PET0944,2026-03-01,P03,3.0,13.5,40.5,Delivered,5,Web
BB013080,C0752,PET0944,2026-03-11,P03,6.0,13.5,81.0,Delivered,5,Re-order Email
BB013081,C0752,PET0944,2026-03-18,P06,7.0,14.5,101.5,Delivered,4,Re-order Email
BB013082,C0752,PET0944,2026-04-01,P03,6.0,13.5,81.0,Delivered,5,Web
BB013083,C0752,PET0944,2026-04-10,P03,5.0,13.5,67.5,Delivered,5,Web
BB013084,C0752,PET0944,2026-04-21,P06,7.0,14.5,101.5,Delivered,,Web
BB013085,C0753,PET0945,2025-12-24,P09,4.0,12.5,50.0,Delivered,5,Web
BB013086,C0753,PET0945,2026-01-06,P09,5.0,12.5,62.5,Delivered,,Web
BB013087,C0753,PET0945,2026-01-15,P09,3.0,12.5,37.5,Delivered,4,Web
BB013088,C0753,PET0945,2026-01-24,P11,6.0,12.0,72.0,Delivered,,Web
BB013089,C0753,PET0945,2026-02-03,P09,5.0,12.5,62.5,Delivered,5,Web
BB013090,C0753,PET0945,2026-02-14,P04,3.0,14.0,42.0,Delivered,,Web
BB013091,C0753,PET0945,2026-02-24,P09,5.0,12.5,62.5,Delivered,,Web
BB013092,C0753,PET0945,2026-03-03,P04,3.0,14.0,42.0,Delivered,5,Web
BB013093,C0754,PET0946,2026-01-22,P09,3.0,12.5,37.5,Delivered,,Web
BB013094,C0754,PET0946,2026-01-30,P09,4.0,12.5,50.0,Delivered,5,Re-order Email
BB013095,C0754,PET0946,2026-02-13,P07,7.0,13.5,94.5,Delivered,,Web
BB013096,C0754,PET0946,2026-02-20,P09,3.0,12.5,37.5,Delivered,,Pickup
BB013097,C0754,PET0946,2026-03-02,P08,4.0,15.5,62.0,Delivered,5,Web
BB013098,C0754,PET0946,2026-03-16,P04,4.0,14.0,56.0,Delivered,,Pickup
BB013099,C0754,PET0946,2026-03-23,P09,4.0,12.5,50.0,Delivered,,Web
BB013100,C0754,PET0946,2026-04-01,P09,3.0,12.5,37.5,Delivered,,Web
BB013101,C0754,PET0946,2026-04-14,P09,4.0,12.5,50.0,Delivered,,Web
BB013102,C0755,PET0947,2025-04-02,P03,3.0,13.5,40.5,Delivered,,Re-order Email
BB013103,C0755,PET0947,2025-04-12,P09,3.0,12.5,37.5,Delivered,4,Pickup
BB013104,C0755,PET0947,2025-04-20,P09,2.0,12.5,25.0,Delivered,,Pickup
BB013105,C0755,PET0947,2025-04-30,P09,5.0,12.5,62.5,Delivered,,Web
BB013106,C0755,PET0947,2025-05-14,P09,6.0,12.5,75.0,Delivered,,Web
BB013107,C0755,PET0947,2025-05-23,P09,5.0,12.5,62.5,Delivered,,Re-order Email
BB013108,C0755,PET0947,2025-06-02,P09,4.0,12.5,50.0,Delivered,,Re-order Email
BB013109,C0755,PET0947,2025-06-10,P09,5.0,12.5,62.5,Delivered,,Web
BB013110,C0755,PET0947,2025-06-18,P01,3.0,14.5,43.5,Delivered,,Web
BB013111,C0755,PET0947,2025-06-26,P08,5.0,15.5,77.5,Delivered,5,Web
BB013112,C0755,PET0947,2025-07-07,P09,4.0,12.5,50.0,Delivered,,Web
BB013113,C0755,PET0947,2025-07-16,P09,5.0,12.5,62.5,Delivered,,Web
BB013114,C0755,PET0947,2025-07-29,P01,6.0,14.5,87.0,Delivered,,Re-order Email
BB013115,C0755,PET0947,2025-08-07,P09,6.0,12.5,75.0,Delivered,,Re-order Email
BB013116,C0755,PET0947,2025-08-20,P02,5.0,13.0,65.0,Delivered,5,Web
BB013117,C0755,PET0947,2025-08-27,P09,3.0,12.5,37.5,Delivered,,Web
BB013118,C0755,PET0947,2025-09-06,P09,2.0,12.5,25.0,Delivered,4,Web
BB013119,C0755,PET0947,2025-09-16,P09,6.0,12.5,75.0,Delivered,,Pickup
BB013120,C0755,PET0947,2025-09-28,P09,6.0,12.5,75.0,Delivered,,Web
BB013121,C0755,PET0947,2025-10-09,P08,5.0,15.5,77.5,Delivered,5,Pickup
BB013122,C0755,PET0947,2025-10-19,P01,5.0,14.5,72.5,Delivered,,Web
BB013123,C0755,PET0947,2025-11-01,P09,4.0,12.5,50.0,Delivered,,Web
BB013124,C0755,PET0947,2025-11-11,P09,6.0,12.5,75.0,Delivered,,Pickup
BB013125,C0755,PET0947,2025-11-20,P09,3.0,12.5,37.5,Delivered,5,Pickup
BB013126,C0755,PET0947,2025-11-30,P09,5.0,12.5,62.5,Delivered,5,Re-order Email
BB013127,C0755,PET0947,2025-12-11,P11,5.0,12.0,60.0,Delivered,,Web
BB013128,C0755,PET0947,2025-12-19,P02,7.0,13.0,91.0,Delivered,,Web
BB013129,C0755,PET0947,2025-12-29,P09,6.0,12.5,75.0,Delivered,5,Web
BB013130,C0755,PET0947,2026-01-10,P03,7.0,13.5,94.5,Delivered,,Web
BB013131,C0755,PET0947,2026-01-22,P09,2.0,12.5,25.0,Delivered,,Web
BB013132,C0755,PET0947,2026-02-05,P07,6.0,13.5,81.0,Delivered,,Web
BB013133,C0755,PET0947,2026-02-13,P09,3.0,12.5,37.5,Delivered,,Re-order Email
BB013134,C0755,PET0947,2026-02-20,P09,5.0,12.5,62.5,Delivered,,Web
BB013135,C0755,PET0947,2026-03-01,P09,3.0,12.5,37.5,Delivered,,Web
BB013136,C0755,PET0947,2026-03-14,P10,7.0,13.0,91.0,Delivered,,Web
BB013137,C0755,PET0947,2026-03-25,P09,7.0,12.5,87.5,Delivered,5,Web
BB013138,C0755,PET0947,2026-04-03,P09,6.0,12.5,75.0,Delivered,,Re-order Email
BB013139,C0755,PET0947,2026-04-16,P09,6.0,12.5,75.0,Delivered,5,Pickup
BB013140,C0755,PET0947,2026-04-25,P09,6.0,12.5,75.0,Delivered,4,Web
BB013141,C0756,PET0948,2025-11-10,P06,4.0,14.5,58.0,Delivered,,Web
BB013142,C0756,PET0948,2025-11-21,P06,3.0,14.5,43.5,Delivered,5,Web
BB013143,C0756,PET0948,2025-12-03,P12,2.0,12.5,25.0,Delivered,,Re-order Email
BB013144,C0756,PET0948,2025-12-15,P08,6.0,15.5,93.0,Delivered,,Pickup
BB013145,C0756,PET0948,2025-12-26,P06,3.0,14.5,43.5,Delivered,4,Web
BB013146,C0756,PET0948,2026-01-07,P06,7.0,14.5,101.5,Delivered,,Pickup
BB013147,C0756,PET0948,2026-01-14,P01,7.0,14.5,101.5,Delivered,4,Pickup
BB013148,C0756,PET0948,2026-01-24,P06,7.0,14.5,101.5,Delivered,,Re-order Email
BB013149,C0756,PET0948,2026-02-06,P01,5.0,14.5,72.5,Delivered,,Web
BB013150,C0756,PET0948,2026-02-17,P06,5.0,14.5,72.5,Delivered,,Pickup
BB013151,C0756,PET0948,2026-02-26,P06,2.0,14.5,29.0,Delivered,,Web
BB013152,C0756,PET0948,2026-03-05,P06,3.0,14.5,43.5,Delivered,,Pickup
BB013153,C0756,PET0948,2026-03-12,P06,4.0,14.5,58.0,Delivered,,Pickup
BB013154,C0756,PET0948,2026-03-23,P06,4.0,14.5,58.0,Delivered,5,Web
BB013155,C0756,PET0948,2026-04-03,P06,5.0,14.5,72.5,Delivered,5,Web
BB013156,C0756,PET0948,2026-04-12,P06,3.0,14.5,43.5,Delivered,,Web
BB013157,C0756,PET0948,2026-04-19,P06,3.0,14.5,43.5,Delivered,,Web
BB013158,C0756,PET0949,2025-11-11,P06,4.0,14.5,58.0,Delivered,,Re-order Email
BB013159,C0756,PET0949,2025-11-23,P03,7.0,13.5,94.5,Delivered,5,Web
BB013160,C0756,PET0949,2025-11-30,P04,3.0,14.0,42.0,Delivered,5,Web
BB013161,C0756,PET0949,2025-12-13,P04,4.0,14.0,56.0,Delivered,5,Pickup
BB013162,C0756,PET0949,2025-12-20,P04,3.0,14.0,42.0,Delivered,,Re-order Email
BB013163,C0756,PET0950,2025-11-06,P03,6.0,13.5,81.0,Delivered,,Web
BB013164,C0756,PET0950,2025-11-14,P07,6.0,13.5,81.0,Delivered,,Web
BB013165,C0756,PET0950,2025-11-27,P07,5.0,13.5,67.5,Delivered,,Web
BB013166,C0756,PET0950,2025-12-06,P07,7.0,13.5,94.5,Delivered,,Web
BB013167,C0756,PET0950,2025-12-14,P08,5.0,15.5,77.5,Delivered,5,Web
BB013168,C0756,PET0950,2025-12-23,P11,3.0,12.0,36.0,Delivered,5,Web
BB013169,C0756,PET0950,2026-01-04,P07,4.0,13.5,54.0,Delivered,,Web
BB013170,C0756,PET0950,2026-01-14,P06,4.0,14.5,58.0,Delivered,,Web
BB013171,C0756,PET0950,2026-01-22,P07,5.0,13.5,67.5,Delivered,,Web
BB013172,C0756,PET0950,2026-02-05,P03,3.0,13.5,40.5,Delivered,,Web
BB013173,C0756,PET0950,2026-02-16,P07,4.0,13.5,54.0,Delivered,5,Pickup
BB013174,C0756,PET0950,2026-02-28,P07,3.0,13.5,40.5,Delivered,5,Web
BB013175,C0756,PET0950,2026-03-11,P07,5.0,13.5,67.5,Delivered,,Web
BB013176,C0756,PET0950,2026-03-25,P06,7.0,14.5,101.5,Delivered,5,Web
BB013177,C0756,PET0950,2026-04-01,P07,3.0,13.5,40.5,Delivered,,Web
BB013178,C0756,PET0950,2026-04-14,P01,5.0,14.5,72.5,Delivered,5,Web
BB013179,C0756,PET0950,2026-04-27,P07,5.0,13.5,67.5,Delivered,4,Web
BB013180,C0757,PET0951,2026-03-21,P03,6.0,13.5,81.0,Delivered,,Web
BB013181,C0757,PET0951,2026-03-28,P02,5.0,13.0,65.0,Delivered,5,Web
BB013182,C0757,PET0951,2026-04-06,P02,5.0,13.0,65.0,Delivered,4,Web
BB013183,C0757,PET0951,2026-04-17,P01,4.0,14.5,58.0,Delivered,,Pickup
BB013184,C0757,PET0951,2026-04-26,P01,3.0,14.5,43.5,Delivered,,Web
BB013185,C0758,PET0952,2026-02-06,P03,6.0,13.5,81.0,Delivered,,Re-order Email
BB013186,C0758,PET0952,2026-02-14,P03,6.0,13.5,81.0,Delivered,,Web
BB013187,C0759,PET0953,2024-11-12,P12,3.0,12.5,37.5,Delivered,,Web
BB013188,C0759,PET0953,2024-11-19,P08,4.0,15.5,62.0,Delivered,,Pickup
BB013189,C0759,PET0953,2024-12-01,P08,4.0,15.5,62.0,Delivered,3,Pickup
BB013190,C0759,PET0953,2024-12-10,P02,6.0,13.0,78.0,Delivered,4,Web
BB013191,C0759,PET0953,2024-12-23,P08,5.0,15.5,77.5,Delivered,,Web
BB013192,C0759,PET0953,2025-01-01,P08,7.0,15.5,108.5,Delivered,,Pickup
BB013193,C0759,PET0953,2025-01-08,P08,5.0,15.5,77.5,Delivered,,Web
BB013194,C0759,PET0953,2025-01-22,P07,5.0,13.5,67.5,Delivered,,Web
BB013195,C0759,PET0953,2025-02-03,P08,3.0,15.5,46.5,Delivered,,Web
BB013196,C0759,PET0953,2025-02-11,P08,3.0,15.5,46.5,Delivered,4,Re-order Email
BB013197,C0759,PET0953,2025-02-25,P08,4.0,15.5,62.0,Delivered,,Web
BB013198,C0759,PET0953,2025-03-07,P04,6.0,14.0,84.0,Delivered,5,Pickup
BB013199,C0759,PET0953,2025-03-21,P08,4.0,15.5,62.0,Delivered,,Web
BB013200,C0759,PET0953,2025-03-28,P08,4.0,15.5,62.0,Delivered,,Web
BB013201,C0759,PET0953,2025-04-08,P08,4.0,15.5,62.0,Delivered,5,Web
BB013202,C0759,PET0953,2025-04-17,P08,2.0,15.5,31.0,Delivered,,Web
BB013203,C0759,PET0953,2025-04-30,P06,3.0,14.5,43.5,Delivered,,Web
BB013204,C0759,PET0953,2025-05-10,P09,6.0,12.5,75.0,Delivered,,Web
BB013205,C0759,PET0953,2025-05-18,P08,4.0,15.5,62.0,Delivered,,Web
BB013206,C0759,PET0953,2025-05-31,P08,3.0,15.5,46.5,Delivered,,Web
BB013207,C0759,PET0953,2025-06-11,P04,7.0,14.0,98.0,Delivered,,Web
BB013208,C0759,PET0953,2025-06-25,P08,3.0,15.5,46.5,Delivered,,Re-order Email
BB013209,C0759,PET0953,2025-07-02,P08,6.0,15.5,93.0,Delivered,5,Pickup
BB013210,C0759,PET0953,2025-07-14,P08,6.0,15.5,93.0,Delivered,,Web
BB013211,C0759,PET0953,2025-07-23,P07,4.0,13.5,54.0,Delivered,,Web
BB013212,C0759,PET0953,2025-07-30,P08,5.0,15.5,77.5,Delivered,4,Web
BB013213,C0759,PET0953,2025-08-09,P08,6.0,15.5,93.0,Delivered,,Web
BB013214,C0759,PET0953,2025-08-17,P07,4.0,13.5,54.0,Delivered,5,Re-order Email
BB013215,C0759,PET0953,2025-08-27,P08,6.0,15.5,93.0,Delivered,,Web
BB013216,C0759,PET0953,2025-09-10,P08,6.0,15.5,93.0,Delivered,,Web
BB013217,C0759,PET0953,2025-09-22,P08,6.0,15.5,93.0,Delivered,4,Re-order Email
BB013218,C0759,PET0953,2025-10-06,P12,5.0,12.5,62.5,Delivered,5,Re-order Email
BB013219,C0759,PET0953,2025-10-15,P08,3.0,15.5,46.5,Delivered,,Re-order Email
BB013220,C0759,PET0953,2025-10-27,P08,6.0,15.5,93.0,Delivered,5,Web
BB013221,C0759,PET0953,2025-11-05,P03,7.0,13.5,94.5,Delivered,,Web
BB013222,C0759,PET0953,2025-11-17,P08,7.0,15.5,108.5,Delivered,,Web
BB013223,C0759,PET0953,2025-12-01,P08,7.0,15.5,108.5,Delivered,,Web
BB013224,C0759,PET0953,2025-12-14,P10,6.0,13.0,78.0,Delivered,4,Re-order Email
BB013225,C0759,PET0953,2025-12-27,P08,7.0,15.5,108.5,Delivered,4,Re-order Email
BB013226,C0759,PET0953,2026-01-08,P08,4.0,15.5,62.0,Delivered,,Web
BB013227,C0759,PET0953,2026-01-19,P08,6.0,15.5,93.0,Delivered,,Re-order Email
BB013228,C0759,PET0953,2026-01-29,P08,5.0,15.5,77.5,Delivered,,Web
BB013229,C0759,PET0953,2026-02-07,P08,2.0,15.5,31.0,Delivered,4,Web
BB013230,C0759,PET0953,2026-02-15,P08,6.0,15.5,93.0,Delivered,5,Web
BB013231,C0759,PET0953,2026-02-25,P08,5.0,15.5,77.5,Delivered,5,Re-order Email
BB013232,C0759,PET0953,2026-03-05,P08,2.0,15.5,31.0,Delivered,,Re-order Email
BB013233,C0759,PET0953,2026-03-18,P08,6.0,15.5,93.0,Delivered,,Re-order Email
BB013234,C0759,PET0953,2026-04-01,P08,5.0,15.5,77.5,Delivered,,Pickup
BB013235,C0759,PET0953,2026-04-14,P08,6.0,15.5,93.0,Delivered,5,Web
BB013236,C0759,PET0953,2026-04-21,P11,3.0,12.0,36.0,Delivered,,Web
BB013237,C0761,PET0955,2026-03-16,P02,7.0,13.0,91.0,Delivered,,Pickup
BB013238,C0761,PET0955,2026-03-23,P02,6.0,13.0,78.0,Delivered,5,Web
BB013239,C0761,PET0955,2026-04-06,P02,4.0,13.0,52.0,Delivered,,Pickup
BB013240,C0761,PET0955,2026-04-14,P02,6.0,13.0,78.0,Delivered,,Web
BB013241,C0761,PET0955,2026-04-22,P03,4.0,13.5,54.0,Delivered,,Web
BB013242,C0762,PET0956,2026-04-27,P03,3.0,13.5,40.5,Delivered,5,Web
BB013243,C0763,PET0957,2024-11-11,P04,4.0,14.0,56.0,Delivered,,Web
BB013244,C0763,PET0957,2024-11-18,P04,3.0,14.0,42.0,Delivered,,Re-order Email
BB013245,C0763,PET0957,2024-11-25,P04,4.0,14.0,56.0,Delivered,,Web
BB013246,C0763,PET0957,2024-12-05,P04,3.0,14.0,42.0,Delivered,,Re-order Email
BB013247,C0763,PET0957,2024-12-17,P04,4.0,14.0,56.0,Delivered,5,Web
BB013248,C0763,PET0957,2024-12-25,P04,5.0,14.0,70.0,Delivered,,Web
BB013249,C0763,PET0957,2025-01-04,P04,7.0,14.0,98.0,Delivered,5,Pickup
BB013250,C0763,PET0957,2025-01-14,P04,4.0,14.0,56.0,Delivered,,Web
BB013251,C0763,PET0957,2025-01-21,P04,3.0,14.0,42.0,Delivered,,Web
BB013252,C0763,PET0957,2025-02-01,P04,6.0,14.0,84.0,Delivered,,Web
BB013253,C0763,PET0957,2025-02-14,P10,6.0,13.0,78.0,Delivered,,Web
BB013254,C0763,PET0957,2025-02-27,P04,4.0,14.0,56.0,Delivered,,Web
BB013255,C0763,PET0957,2025-03-07,P04,5.0,14.0,70.0,Delivered,,Web
BB013256,C0763,PET0957,2025-03-14,P08,3.0,15.5,46.5,Delivered,,Re-order Email
BB013257,C0763,PET0957,2025-03-23,P07,5.0,13.5,67.5,Delivered,,Web
BB013258,C0763,PET0957,2025-04-01,P04,2.0,14.0,28.0,Delivered,,Web
BB013259,C0763,PET0957,2025-04-12,P04,5.0,14.0,70.0,Delivered,,Web
BB013260,C0763,PET0957,2025-04-20,P04,4.0,14.0,56.0,Delivered,4,Web
BB013261,C0763,PET0957,2025-04-28,P04,7.0,14.0,98.0,Delivered,,Web
BB013262,C0763,PET0957,2025-05-08,P04,4.0,14.0,56.0,Delivered,,Pickup
BB013263,C0763,PET0957,2025-05-17,P04,7.0,14.0,98.0,Delivered,5,Web
BB013264,C0763,PET0957,2025-05-29,P07,3.0,13.5,40.5,Delivered,,Web
BB013265,C0763,PET0957,2025-06-07,P11,5.0,12.0,60.0,Delivered,,Web
BB013266,C0763,PET0957,2025-06-16,P08,4.0,15.5,62.0,Delivered,,Re-order Email
BB013267,C0763,PET0957,2025-06-24,P04,7.0,14.0,98.0,Delivered,5,Web
BB013268,C0763,PET0957,2025-07-01,P12,7.0,12.5,87.5,Delivered,4,Web
BB013269,C0763,PET0957,2025-07-10,P04,3.0,14.0,42.0,Delivered,,Pickup
BB013270,C0763,PET0957,2025-07-19,P04,5.0,14.0,70.0,Delivered,4,Pickup
BB013271,C0763,PET0957,2025-07-30,P04,5.0,14.0,70.0,Delivered,,Web
BB013272,C0763,PET0957,2025-08-09,P04,4.0,14.0,56.0,Delivered,4,Web
BB013273,C0763,PET0957,2025-08-22,P04,6.0,14.0,84.0,Delivered,5,Web
BB013274,C0763,PET0957,2025-09-02,P04,4.0,14.0,56.0,Delivered,5,Web
BB013275,C0763,PET0957,2025-09-09,P01,6.0,14.5,87.0,Delivered,5,Web
BB013276,C0763,PET0957,2025-09-20,P11,2.0,12.0,24.0,Delivered,,Web
BB013277,C0763,PET0957,2025-10-02,P04,4.0,14.0,56.0,Delivered,,Web
BB013278,C0763,PET0957,2025-10-15,P11,6.0,12.0,72.0,Delivered,5,Web
BB013279,C0763,PET0957,2025-10-28,P04,3.0,14.0,42.0,Delivered,,Pickup
BB013280,C0763,PET0957,2025-11-10,P04,5.0,14.0,70.0,Delivered,,Web
BB013281,C0763,PET0957,2025-11-21,P04,4.0,14.0,56.0,Delivered,4,Web
BB013282,C0763,PET0957,2025-12-03,P04,5.0,14.0,70.0,Delivered,,Web
BB013283,C0763,PET0957,2025-12-12,P04,4.0,14.0,56.0,Delivered,,Web
BB013284,C0763,PET0957,2025-12-21,P04,5.0,14.0,70.0,Delivered,5,Web
BB013285,C0763,PET0957,2026-01-03,P10,5.0,13.0,65.0,Delivered,,Web
BB013286,C0763,PET0957,2026-01-13,P06,5.0,14.5,72.5,Delivered,5,Re-order Email
BB013287,C0763,PET0957,2026-01-25,P03,5.0,13.5,67.5,Delivered,4,Pickup
BB013288,C0763,PET0957,2026-02-04,P07,4.0,13.5,54.0,Delivered,,Web
BB013289,C0763,PET0957,2026-02-15,P04,2.0,14.0,28.0,Delivered,,Pickup
BB013290,C0764,PET0958,2026-03-29,P01,4.0,14.5,58.0,Delivered,,Web
BB013291,C0764,PET0958,2026-04-09,P01,6.0,14.5,87.0,Delivered,,Pickup
BB013292,C0764,PET0958,2026-04-23,P01,4.0,14.5,58.0,Delivered,,Web
BB013293,C0764,PET0959,2026-05-01,P12,5.0,12.5,62.5,Delivered,,Web
BB013294,C0765,PET0960,2026-03-25,P07,4.0,13.5,54.0,Delivered,,Pickup
BB013295,C0765,PET0960,2026-04-05,P03,6.0,13.5,81.0,Delivered,,Pickup
BB013296,C0765,PET0960,2026-04-14,P07,3.0,13.5,40.5,Delivered,,Web
BB013297,C0765,PET0960,2026-04-26,P07,3.0,13.5,40.5,Delivered,,Re-order Email
BB013298,C0765,PET0961,2026-03-28,P11,5.0,12.0,60.0,Delivered,,Web
BB013299,C0765,PET0961,2026-04-05,P11,5.0,12.0,60.0,Delivered,5,Web
BB013300,C0765,PET0961,2026-04-13,P11,6.0,12.0,72.0,Delivered,5,Re-order Email
BB013301,C0765,PET0961,2026-04-22,P11,6.0,12.0,72.0,Delivered,,Web
BB013302,C0767,PET0963,2026-04-16,P04,4.0,14.0,56.0,Delivered,5,Web
BB013303,C0767,PET0963,2026-04-23,P02,5.0,13.0,65.0,Delivered,,Pickup
BB013304,C0768,PET0964,2025-12-06,P09,3.0,12.5,37.5,Delivered,,Web
BB013305,C0768,PET0964,2025-12-13,P12,6.0,12.5,75.0,Delivered,,Web
BB013306,C0768,PET0964,2025-12-26,P09,6.0,12.5,75.0,Delivered,,Pickup
BB013307,C0768,PET0964,2026-01-04,P11,7.0,12.0,84.0,Delivered,,Web
BB013308,C0768,PET0964,2026-01-16,P02,5.0,13.0,65.0,Delivered,,Re-order Email
BB013309,C0768,PET0964,2026-01-27,P09,6.0,12.5,75.0,Delivered,5,Web
BB013310,C0768,PET0964,2026-02-04,P09,6.0,12.5,75.0,Delivered,,Pickup
BB013311,C0768,PET0964,2026-02-13,P03,5.0,13.5,67.5,Delivered,,Web
BB013312,C0768,PET0964,2026-02-24,P09,6.0,12.5,75.0,Delivered,,Web
BB013313,C0768,PET0964,2026-03-30,P10,5.0,13.0,65.0,Delivered,5,Web
BB013314,C0768,PET0964,2026-04-08,P09,4.0,12.5,50.0,Delivered,,Web
BB013315,C0768,PET0964,2026-04-16,P09,2.0,12.5,25.0,Delivered,,Web
BB013316,C0768,PET0965,2025-12-06,P09,5.0,12.5,62.5,Delivered,5,Pickup
BB013317,C0768,PET0965,2025-12-15,P09,5.0,12.5,62.5,Delivered,,Web
BB013318,C0768,PET0965,2025-12-27,P09,4.0,12.5,50.0,Delivered,,Web
BB013319,C0768,PET0965,2026-01-08,P09,4.0,12.5,50.0,Delivered,3,Web
BB013320,C0768,PET0965,2026-01-15,P11,4.0,12.0,48.0,Delivered,3,Web
BB013321,C0768,PET0965,2026-01-28,P08,7.0,15.5,108.5,Delivered,5,Web
BB013322,C0768,PET0965,2026-02-08,P10,6.0,13.0,78.0,Delivered,4,Web
BB013323,C0768,PET0965,2026-02-20,P09,2.0,12.5,25.0,Delivered,,Web
BB013324,C0768,PET0965,2026-02-28,P09,5.0,12.5,62.5,Delivered,,Web
BB013325,C0768,PET0965,2026-03-12,P11,5.0,12.0,60.0,Delivered,,Web
BB013326,C0768,PET0965,2026-03-24,P09,5.0,12.5,62.5,Delivered,,Re-order Email
BB013327,C0768,PET0965,2026-04-03,P09,4.0,12.5,50.0,Delivered,5,Web
BB013328,C0768,PET0965,2026-04-15,P09,4.0,12.5,50.0,Delivered,,Web
BB013329,C0770,PET0967,2025-11-17,P03,3.0,13.5,40.5,Delivered,,Pickup
BB013330,C0770,PET0967,2025-11-25,P03,4.0,13.5,54.0,Delivered,5,Web
BB013331,C0770,PET0967,2025-12-05,P07,5.0,13.5,67.5,Delivered,5,Re-order Email
BB013332,C0770,PET0967,2025-12-18,P03,6.0,13.5,81.0,Delivered,5,Web
BB013333,C0770,PET0967,2025-12-28,P07,4.0,13.5,54.0,Delivered,4,Re-order Email
BB013334,C0770,PET0967,2026-01-06,P03,6.0,13.5,81.0,Delivered,,Web
BB013335,C0770,PET0967,2026-01-15,P03,5.0,13.5,67.5,Delivered,,Web
BB013336,C0770,PET0967,2026-01-24,P03,4.0,13.5,54.0,Delivered,5,Web
BB013337,C0771,PET0968,2025-12-29,P11,7.0,12.0,84.0,Delivered,,Web
BB013338,C0771,PET0968,2026-01-09,P11,4.0,12.0,48.0,Delivered,,Web
BB013339,C0771,PET0968,2026-01-16,P11,6.0,12.0,72.0,Delivered,,Web
BB013340,C0771,PET0968,2026-01-29,P11,4.0,12.0,48.0,Delivered,,Web
BB013341,C0771,PET0968,2026-02-06,P11,6.0,12.0,72.0,Delivered,3,Re-order Email
BB013342,C0771,PET0968,2026-02-20,P10,5.0,13.0,65.0,Delivered,5,Web
BB013343,C0771,PET0968,2026-03-03,P11,5.0,12.0,60.0,Delivered,,Re-order Email
BB013344,C0771,PET0968,2026-03-15,P11,7.0,12.0,84.0,Delivered,,Web
BB013345,C0771,PET0968,2026-03-27,P11,4.0,12.0,48.0,Delivered,,Web
BB013346,C0771,PET0968,2026-04-08,P11,5.0,12.0,60.0,Delivered,5,Web
BB013347,C0771,PET0968,2026-04-18,P11,7.0,12.0,84.0,Delivered,,Web
BB013348,C0772,PET0969,2025-10-02,P09,6.0,12.5,75.0,Delivered,,Re-order Email
BB013349,C0772,PET0969,2025-10-09,P09,6.0,12.5,75.0,Delivered,,Web
BB013350,C0772,PET0969,2025-10-20,P09,2.0,12.5,25.0,Delivered,,Web
BB013351,C0772,PET0969,2025-11-01,P09,7.0,12.5,87.5,Delivered,,Web
BB013352,C0772,PET0969,2025-11-08,P09,6.0,12.5,75.0,Delivered,,Web
BB013353,C0772,PET0969,2025-11-15,P06,6.0,14.5,87.0,Delivered,,Web
BB013354,C0772,PET0969,2025-11-26,P09,6.0,12.5,75.0,Delivered,,Web
BB013355,C0772,PET0969,2025-12-03,P09,3.0,12.5,37.5,Delivered,4,Re-order Email
BB013356,C0772,PET0969,2025-12-14,P09,5.0,12.5,62.5,Delivered,5,Web
BB013357,C0772,PET0969,2025-12-23,P11,3.0,12.0,36.0,Delivered,,Web
BB013358,C0772,PET0969,2026-01-01,P09,3.0,12.5,37.5,Delivered,,Web
BB013359,C0772,PET0969,2026-01-11,P09,4.0,12.5,50.0,Delivered,,Re-order Email
BB013360,C0772,PET0969,2026-01-19,P09,5.0,12.5,62.5,Delivered,5,Web
BB013361,C0772,PET0969,2026-02-01,P09,7.0,12.5,87.5,Delivered,,Web
BB013362,C0772,PET0969,2026-02-14,P09,5.0,12.5,62.5,Delivered,,Re-order Email
BB013363,C0772,PET0969,2026-02-27,P09,6.0,12.5,75.0,Delivered,,Web
BB013364,C0772,PET0969,2026-03-10,P09,6.0,12.5,75.0,Delivered,,Web
BB013365,C0772,PET0969,2026-03-20,P09,7.0,12.5,87.5,Delivered,5,Web
BB013366,C0772,PET0969,2026-04-02,P08,6.0,15.5,93.0,Delivered,5,Re-order Email
BB013367,C0772,PET0969,2026-04-11,P09,4.0,12.5,50.0,Delivered,,Web
BB013368,C0772,PET0969,2026-04-23,P09,5.0,12.5,62.5,Delivered,,Web
BB013369,C0772,PET0970,2025-10-01,P12,4.0,12.5,50.0,Delivered,4,Web
BB013370,C0772,PET0970,2025-10-08,P12,6.0,12.5,75.0,Delivered,,Web
BB013371,C0772,PET0970,2025-10-18,P12,3.0,12.5,37.5,Delivered,5,Web
BB013372,C0772,PET0970,2025-10-31,P12,6.0,12.5,75.0,Delivered,4,Pickup
BB013373,C0772,PET0970,2025-11-14,P12,4.0,12.5,50.0,Delivered,,Re-order Email
BB013374,C0772,PET0970,2025-11-27,P12,4.0,12.5,50.0,Delivered,,Web
BB013375,C0772,PET0970,2025-12-05,P12,4.0,12.5,50.0,Delivered,,Web
BB013376,C0772,PET0970,2025-12-14,P12,5.0,12.5,62.5,Delivered,,Web
BB013377,C0772,PET0970,2025-12-27,P12,7.0,12.5,87.5,Delivered,3,Re-order Email
BB013378,C0772,PET0970,2026-01-07,P12,6.0,12.5,75.0,Delivered,,Web
BB013379,C0772,PET0970,2026-01-21,P01,3.0,14.5,43.5,Delivered,,Pickup
BB013380,C0772,PET0970,2026-02-03,P12,5.0,12.5,62.5,Delivered,,Re-order Email
BB013381,C0772,PET0970,2026-02-15,P06,5.0,14.5,72.5,Delivered,5,Pickup
BB013382,C0772,PET0970,2026-03-01,P12,6.0,12.5,75.0,Delivered,,Pickup
BB013383,C0772,PET0970,2026-03-10,P12,6.0,12.5,75.0,Delivered,5,Pickup
BB013384,C0772,PET0970,2026-03-22,P06,4.0,14.5,58.0,Delivered,,Web
BB013385,C0772,PET0970,2026-04-05,P12,6.0,12.5,75.0,Delivered,,Web
BB013386,C0772,PET0970,2026-04-17,P12,3.0,12.5,37.5,Delivered,5,Web
BB013387,C0772,PET0970,2026-04-24,P06,4.0,14.5,58.0,Delivered,,Web
BB013388,C0773,PET0971,2026-03-09,P06,4.0,14.5,58.0,Delivered,,Web
BB013389,C0773,PET0971,2026-03-18,P09,3.0,12.5,37.5,Delivered,,Web
BB013390,C0773,PET0971,2026-03-27,P06,5.0,14.5,72.5,Delivered,5,Re-order Email
BB013391,C0773,PET0971,2026-04-03,P07,3.0,13.5,40.5,Delivered,,Web
BB013392,C0774,PET0972,2026-02-01,P09,4.0,12.5,50.0,Delivered,,Re-order Email
BB013393,C0774,PET0972,2026-02-12,P12,4.0,12.5,50.0,Delivered,,Web
BB013394,C0774,PET0972,2026-02-23,P09,6.0,12.5,75.0,Delivered,5,Re-order Email
BB013395,C0774,PET0972,2026-03-02,P09,2.0,12.5,25.0,Delivered,,Re-order Email
BB013396,C0774,PET0972,2026-03-09,P03,4.0,13.5,54.0,Delivered,,Re-order Email
BB013397,C0774,PET0972,2026-03-21,P08,3.0,15.5,46.5,Delivered,,Web
BB013398,C0774,PET0972,2026-03-29,P07,5.0,13.5,67.5,Delivered,4,Web
BB013399,C0774,PET0972,2026-04-05,P11,6.0,12.0,72.0,Delivered,,Pickup
BB013400,C0774,PET0972,2026-04-17,P09,5.0,12.5,62.5,Delivered,4,Web
BB013401,C0774,PET0973,2026-02-02,P02,6.0,13.0,78.0,Delivered,,Web
BB013402,C0774,PET0973,2026-02-11,P03,5.0,13.5,67.5,Delivered,,Web
BB013403,C0774,PET0973,2026-02-19,P02,4.0,13.0,52.0,Delivered,5,Web
BB013404,C0774,PET0973,2026-02-26,P02,4.0,13.0,52.0,Delivered,,Re-order Email
BB013405,C0774,PET0973,2026-03-11,P02,6.0,13.0,78.0,Delivered,,Web
BB013406,C0774,PET0973,2026-03-19,P02,6.0,13.0,78.0,Delivered,5,Pickup
BB013407,C0774,PET0973,2026-04-01,P02,6.0,13.0,78.0,Delivered,4,Web
BB013408,C0774,PET0973,2026-04-11,P02,5.0,13.0,65.0,Delivered,,Web
BB013409,C0774,PET0973,2026-04-23,P02,3.0,13.0,39.0,Delivered,,Web
BB013410,C0775,PET0974,2025-11-21,P02,6.0,13.0,78.0,Delivered,5,Web
BB013411,C0775,PET0974,2025-12-05,P02,5.0,13.0,65.0,Delivered,4,Web
BB013412,C0775,PET0974,2025-12-16,P06,4.0,14.5,58.0,Delivered,,Pickup
BB013413,C0775,PET0974,2025-12-24,P09,6.0,12.5,75.0,Delivered,,Web
BB013414,C0775,PET0974,2026-01-02,P10,4.0,13.0,52.0,Delivered,5,Re-order Email
BB013415,C0775,PET0974,2026-01-09,P07,5.0,13.5,67.5,Delivered,5,Re-order Email
BB013416,C0775,PET0974,2026-01-17,P02,7.0,13.0,91.0,Delivered,5,Pickup
BB013417,C0775,PET0974,2026-01-24,P02,4.0,13.0,52.0,Delivered,4,Web
BB013418,C0775,PET0974,2026-01-31,P02,5.0,13.0,65.0,Delivered,3,Web
BB013419,C0775,PET0974,2026-02-13,P02,5.0,13.0,65.0,Delivered,,Web
BB013420,C0775,PET0974,2026-02-20,P04,5.0,14.0,70.0,Delivered,,Re-order Email
BB013421,C0775,PET0974,2026-03-05,P11,3.0,12.0,36.0,Delivered,5,Web
BB013422,C0775,PET0974,2026-03-14,P01,7.0,14.5,101.5,Delivered,5,Web
BB013423,C0775,PET0974,2026-03-26,P09,4.0,12.5,50.0,Delivered,,Re-order Email
BB013424,C0775,PET0974,2026-04-08,P10,5.0,13.0,65.0,Delivered,5,Web
BB013425,C0775,PET0974,2026-04-21,P11,6.0,12.0,72.0,Delivered,,Web
BB013426,C0776,PET0975,2024-11-11,P08,4.0,15.5,62.0,Delivered,5,Pickup
BB013427,C0776,PET0975,2024-11-24,P08,5.0,15.5,77.5,Delivered,,Web
BB013428,C0776,PET0975,2024-12-05,P08,3.0,15.5,46.5,Delivered,,Pickup
BB013429,C0776,PET0975,2024-12-19,P09,5.0,12.5,62.5,Delivered,3,Pickup
BB013430,C0776,PET0975,2025-01-02,P10,2.0,13.0,26.0,Delivered,5,Re-order Email
BB013431,C0776,PET0975,2025-01-14,P08,3.0,15.5,46.5,Delivered,5,Web
BB013432,C0776,PET0975,2025-01-26,P08,4.0,15.5,62.0,Delivered,,Web
BB013433,C0776,PET0975,2025-02-03,P08,7.0,15.5,108.5,Delivered,,Pickup
BB013434,C0776,PET0975,2025-02-13,P08,4.0,15.5,62.0,Delivered,4,Web
BB013435,C0776,PET0975,2025-02-21,P08,5.0,15.5,77.5,Delivered,,Web
BB013436,C0776,PET0975,2025-03-01,P08,5.0,15.5,77.5,Delivered,4,Web
BB013437,C0776,PET0975,2025-03-08,P08,6.0,15.5,93.0,Delivered,,Web
BB013438,C0776,PET0975,2025-03-15,P08,4.0,15.5,62.0,Delivered,,Web
BB013439,C0776,PET0975,2025-03-23,P10,3.0,13.0,39.0,Delivered,4,Web
BB013440,C0776,PET0975,2025-04-06,P08,2.0,15.5,31.0,Delivered,,Pickup
BB013441,C0776,PET0975,2025-04-15,P08,4.0,15.5,62.0,Delivered,,Web
BB013442,C0776,PET0975,2025-04-26,P08,6.0,15.5,93.0,Delivered,,Web
BB013443,C0776,PET0975,2025-05-07,P08,3.0,15.5,46.5,Delivered,5,Web
BB013444,C0776,PET0975,2025-05-17,P09,6.0,12.5,75.0,Delivered,5,Pickup
BB013445,C0776,PET0975,2025-05-27,P08,4.0,15.5,62.0,Delivered,4,Web
BB013446,C0776,PET0975,2025-06-05,P08,3.0,15.5,46.5,Delivered,4,Pickup
BB013447,C0776,PET0975,2025-06-19,P08,4.0,15.5,62.0,Delivered,5,Web
BB013448,C0776,PET0975,2025-07-03,P09,6.0,12.5,75.0,Delivered,,Web
BB013449,C0776,PET0975,2025-07-14,P08,6.0,15.5,93.0,Delivered,5,Web
BB013450,C0776,PET0975,2025-07-28,P10,6.0,13.0,78.0,Delivered,5,Re-order Email
BB013451,C0776,PET0975,2025-08-08,P08,3.0,15.5,46.5,Delivered,,Web
BB013452,C0776,PET0975,2025-08-15,P08,4.0,15.5,62.0,Delivered,,Web
BB013453,C0776,PET0975,2025-08-29,P08,5.0,15.5,77.5,Delivered,,Web
BB013454,C0776,PET0975,2025-09-09,P07,3.0,13.5,40.5,Delivered,,Web
BB013455,C0776,PET0975,2025-09-17,P08,5.0,15.5,77.5,Delivered,4,Re-order Email
BB013456,C0776,PET0975,2025-09-24,P08,3.0,15.5,46.5,Delivered,,Re-order Email
BB013457,C0776,PET0975,2025-10-06,P08,7.0,15.5,108.5,Delivered,,Re-order Email
BB013458,C0776,PET0975,2025-10-13,P09,5.0,12.5,62.5,Delivered,5,Web
BB013459,C0776,PET0975,2025-10-24,P08,5.0,15.5,77.5,Delivered,,Re-order Email
BB013460,C0776,PET0975,2025-11-04,P01,2.0,14.5,29.0,Delivered,4,Web
BB013461,C0776,PET0975,2025-11-13,P03,5.0,13.5,67.5,Delivered,,Web
BB013462,C0776,PET0975,2025-11-24,P08,4.0,15.5,62.0,Delivered,5,Web
BB013463,C0776,PET0975,2025-12-08,P10,7.0,13.0,91.0,Delivered,,Web
BB013464,C0776,PET0975,2025-12-16,P06,7.0,14.5,101.5,Delivered,5,Pickup
BB013465,C0776,PET0975,2025-12-25,P08,6.0,15.5,93.0,Delivered,5,Web
BB013466,C0776,PET0975,2026-01-03,P08,2.0,15.5,31.0,Delivered,4,Web
BB013467,C0776,PET0975,2026-01-16,P07,5.0,13.5,67.5,Delivered,,Web
BB013468,C0776,PET0975,2026-01-27,P08,3.0,15.5,46.5,Delivered,,Web
BB013469,C0776,PET0975,2026-02-05,P08,5.0,15.5,77.5,Delivered,5,Pickup
BB013470,C0776,PET0975,2026-02-13,P02,6.0,13.0,78.0,Delivered,4,Web
BB013471,C0776,PET0975,2026-02-21,P08,5.0,15.5,77.5,Delivered,,Web
BB013472,C0776,PET0975,2026-03-02,P08,3.0,15.5,46.5,Delivered,,Web
BB013473,C0776,PET0975,2026-03-14,P08,3.0,15.5,46.5,Delivered,,Web
BB013474,C0776,PET0975,2026-03-25,P02,7.0,13.0,91.0,Delivered,,Pickup
BB013475,C0776,PET0975,2026-04-08,P08,7.0,15.5,108.5,Delivered,5,Re-order Email
BB013476,C0776,PET0975,2026-04-16,P08,2.0,15.5,31.0,Delivered,4,Web
BB013477,C0776,PET0975,2026-04-24,P08,3.0,15.5,46.5,Delivered,,Web
BB013478,C0777,PET0976,2025-11-07,P11,5.0,12.0,60.0,Delivered,,Pickup
BB013479,C0777,PET0976,2025-11-16,P11,4.0,12.0,48.0,Delivered,4,Re-order Email
BB013480,C0777,PET0976,2025-11-29,P07,4.0,13.5,54.0,Delivered,5,Web
BB013481,C0777,PET0976,2025-12-12,P07,7.0,13.5,94.5,Delivered,,Web
BB013482,C0777,PET0976,2025-12-20,P11,6.0,12.0,72.0,Delivered,,Web
BB013483,C0777,PET0976,2025-12-27,P07,5.0,13.5,67.5,Delivered,,Web
BB013484,C0777,PET0976,2026-01-09,P07,4.0,13.5,54.0,Delivered,,Web
BB013485,C0777,PET0976,2026-01-21,P02,5.0,13.0,65.0,Delivered,,Web
BB013486,C0777,PET0976,2026-02-01,P07,4.0,13.5,54.0,Delivered,,Pickup
BB013487,C0777,PET0976,2026-02-13,P07,6.0,13.5,81.0,Delivered,,Web
BB013488,C0777,PET0976,2026-02-23,P06,6.0,14.5,87.0,Delivered,5,Web
BB013489,C0777,PET0976,2026-03-03,P02,4.0,13.0,52.0,Delivered,,Pickup
BB013490,C0777,PET0976,2026-03-13,P02,3.0,13.0,39.0,Delivered,5,Re-order Email
BB013491,C0777,PET0976,2026-03-22,P07,3.0,13.5,40.5,Delivered,5,Web
BB013492,C0777,PET0976,2026-04-02,P07,6.0,13.5,81.0,Delivered,5,Web
BB013493,C0777,PET0976,2026-04-10,P07,6.0,13.5,81.0,Delivered,,Re-order Email
BB013494,C0777,PET0976,2026-04-20,P07,7.0,13.5,94.5,Delivered,,Web
BB013495,C0779,PET0978,2026-04-15,P07,6.0,13.5,81.0,Delivered,5,Re-order Email
BB013496,C0779,PET0978,2026-04-24,P07,3.0,13.5,40.5,Delivered,,Web
BB013497,C0780,PET0980,2026-02-12,P11,4.0,12.0,48.0,Delivered,,Web
BB013498,C0780,PET0980,2026-02-26,P11,4.0,12.0,48.0,Delivered,,Web
BB013499,C0780,PET0980,2026-03-05,P11,4.0,12.0,48.0,Delivered,5,Web
BB013500,C0780,PET0980,2026-03-16,P11,6.0,12.0,72.0,Delivered,5,Web
BB013501,C0780,PET0980,2026-03-23,P11,3.0,12.0,36.0,Delivered,,Pickup
BB013502,C0780,PET0980,2026-04-02,P06,6.0,14.5,87.0,Delivered,,Web
BB013503,C0780,PET0980,2026-04-12,P11,7.0,12.0,84.0,Delivered,,Web
BB013504,C0780,PET0980,2026-04-23,P11,4.0,12.0,48.0,Delivered,,Web
BB013505,C0780,PET0981,2026-02-12,P06,6.0,14.5,87.0,Delivered,,Web
BB013506,C0780,PET0981,2026-02-25,P08,6.0,15.5,93.0,Delivered,5,Web
BB013507,C0780,PET0981,2026-03-04,P08,5.0,15.5,77.5,Delivered,,Web
BB013508,C0780,PET0981,2026-03-17,P08,2.0,15.5,31.0,Delivered,,Re-order Email
BB013509,C0780,PET0981,2026-03-24,P08,6.0,15.5,93.0,Delivered,,Web
BB013510,C0780,PET0981,2026-04-03,P08,4.0,15.5,62.0,Delivered,4,Web
BB013511,C0780,PET0981,2026-04-15,P07,4.0,13.5,54.0,Delivered,5,Web
BB013512,C0780,PET0981,2026-04-22,P07,7.0,13.5,94.5,Delivered,,Web
BB013513,C0781,PET0982,2025-08-29,P07,5.0,13.5,67.5,Delivered,,Web
BB013514,C0781,PET0982,2025-09-08,P07,4.0,13.5,54.0,Delivered,,Pickup
BB013515,C0781,PET0982,2025-09-21,P06,5.0,14.5,72.5,Delivered,5,Pickup
BB013516,C0781,PET0982,2025-09-28,P07,5.0,13.5,67.5,Delivered,5,Re-order Email
BB013517,C0781,PET0982,2025-10-05,P07,3.0,13.5,40.5,Delivered,4,Web
BB013518,C0781,PET0982,2025-10-17,P12,4.0,12.5,50.0,Delivered,,Web
BB013519,C0781,PET0982,2025-10-30,P03,3.0,13.5,40.5,Delivered,,Pickup
BB013520,C0781,PET0982,2025-11-06,P07,3.0,13.5,40.5,Delivered,,Web
BB013521,C0781,PET0982,2025-11-16,P07,3.0,13.5,40.5,Delivered,5,Web
BB013522,C0781,PET0982,2025-11-24,P11,4.0,12.0,48.0,Delivered,5,Web
BB013523,C0781,PET0982,2025-12-02,P07,3.0,13.5,40.5,Delivered,5,Pickup
BB013524,C0781,PET0982,2025-12-13,P07,6.0,13.5,81.0,Delivered,,Web
BB013525,C0781,PET0982,2025-12-25,P07,4.0,13.5,54.0,Delivered,4,Web
BB013526,C0781,PET0982,2026-01-02,P07,6.0,13.5,81.0,Delivered,,Re-order Email
BB013527,C0781,PET0982,2026-01-15,P07,5.0,13.5,67.5,Delivered,,Web
BB013528,C0781,PET0982,2026-01-22,P01,2.0,14.5,29.0,Delivered,,Web
BB013529,C0781,PET0982,2026-02-03,P07,7.0,13.5,94.5,Delivered,5,Web
BB013530,C0781,PET0982,2026-02-10,P07,7.0,13.5,94.5,Delivered,,Web
BB013531,C0781,PET0982,2026-02-20,P07,5.0,13.5,67.5,Delivered,,Web
BB013532,C0781,PET0982,2026-03-04,P07,4.0,13.5,54.0,Delivered,,Web
BB013533,C0781,PET0982,2026-03-14,P07,5.0,13.5,67.5,Delivered,,Pickup
BB013534,C0781,PET0982,2026-03-22,P08,4.0,15.5,62.0,Delivered,5,Re-order Email
BB013535,C0781,PET0982,2026-04-04,P07,3.0,13.5,40.5,Delivered,5,Web
BB013536,C0781,PET0982,2026-04-17,P07,3.0,13.5,40.5,Delivered,5,Pickup
BB013537,C0782,PET0983,2026-02-21,P09,2.0,12.5,25.0,Delivered,3,Web
BB013538,C0782,PET0983,2026-03-06,P09,6.0,12.5,75.0,Delivered,,Web
BB013539,C0782,PET0983,2026-03-16,P09,4.0,12.5,50.0,Delivered,,Re-order Email
BB013540,C0782,PET0983,2026-03-24,P09,7.0,12.5,87.5,Delivered,5,Web
BB013541,C0782,PET0983,2026-03-31,P12,7.0,12.5,87.5,Delivered,,Web
BB013542,C0783,PET0984,2025-10-12,P01,2.0,14.5,29.0,Delivered,,Web
BB013543,C0783,PET0984,2025-10-22,P01,4.0,14.5,58.0,Delivered,5,Pickup
BB013544,C0783,PET0984,2025-11-03,P01,5.0,14.5,72.5,Delivered,,Pickup
BB013545,C0783,PET0984,2025-11-13,P01,3.0,14.5,43.5,Delivered,,Web
BB013546,C0783,PET0984,2025-11-21,P01,6.0,14.5,87.0,Delivered,,Re-order Email
BB013547,C0783,PET0984,2025-11-30,P01,6.0,14.5,87.0,Delivered,,Web
BB013548,C0783,PET0984,2025-12-09,P01,5.0,14.5,72.5,Delivered,5,Pickup
BB013549,C0783,PET0984,2025-12-21,P01,6.0,14.5,87.0,Delivered,,Web
BB013550,C0783,PET0984,2025-12-30,P01,7.0,14.5,101.5,Delivered,,Re-order Email
BB013551,C0783,PET0984,2026-01-11,P01,4.0,14.5,58.0,Delivered,5,Web
BB013552,C0783,PET0984,2026-01-21,P01,4.0,14.5,58.0,Delivered,,Web
BB013553,C0783,PET0984,2026-02-04,P10,5.0,13.0,65.0,Delivered,,Web
BB013554,C0783,PET0984,2026-02-14,P01,4.0,14.5,58.0,Delivered,5,Web
BB013555,C0783,PET0984,2026-02-23,P01,6.0,14.5,87.0,Delivered,5,Web
BB013556,C0783,PET0984,2026-03-09,P01,3.0,14.5,43.5,Delivered,5,Web
BB013557,C0783,PET0984,2026-03-20,P01,5.0,14.5,72.5,Delivered,,Pickup
BB013558,C0783,PET0984,2026-04-02,P01,4.0,14.5,58.0,Delivered,4,Web
BB013559,C0783,PET0984,2026-04-09,P01,4.0,14.5,58.0,Delivered,,Pickup
BB013560,C0783,PET0984,2026-04-18,P11,4.0,12.0,48.0,Delivered,,Web
BB013561,C0785,PET0986,2025-11-21,P09,7.0,12.5,87.5,Delivered,,Web
BB013562,C0785,PET0986,2025-12-03,P06,3.0,14.5,43.5,Delivered,,Web
BB013563,C0785,PET0986,2025-12-15,P09,4.0,12.5,50.0,Delivered,5,Web
BB013564,C0785,PET0986,2025-12-22,P09,4.0,12.5,50.0,Delivered,,Web
BB013565,C0785,PET0986,2025-12-29,P06,5.0,14.5,72.5,Delivered,5,Web
BB013566,C0785,PET0986,2026-01-07,P06,5.0,14.5,72.5,Delivered,,Web
BB013567,C0785,PET0986,2026-01-15,P10,7.0,13.0,91.0,Delivered,,Pickup
BB013568,C0785,PET0986,2026-01-23,P09,5.0,12.5,62.5,Delivered,,Re-order Email
BB013569,C0785,PET0986,2026-02-04,P09,6.0,12.5,75.0,Delivered,3,Web
BB013570,C0785,PET0986,2026-02-11,P06,7.0,14.5,101.5,Delivered,4,Web
BB013571,C0785,PET0986,2026-02-22,P09,7.0,12.5,87.5,Delivered,5,Web
BB013572,C0785,PET0986,2026-03-02,P09,3.0,12.5,37.5,Delivered,4,Re-order Email
BB013573,C0785,PET0986,2026-03-10,P11,7.0,12.0,84.0,Delivered,5,Re-order Email
BB013574,C0785,PET0986,2026-03-23,P09,2.0,12.5,25.0,Delivered,5,Web
BB013575,C0785,PET0986,2026-04-03,P12,6.0,12.5,75.0,Delivered,4,Re-order Email
BB013576,C0785,PET0986,2026-04-12,P09,3.0,12.5,37.5,Delivered,,Pickup
BB013577,C0786,PET0987,2026-04-11,P11,5.0,12.0,60.0,Delivered,5,Web
BB013578,C0786,PET0987,2026-04-22,P10,5.0,13.0,65.0,Delivered,5,Web
BB013579,C0786,PET0987,2026-04-29,P11,3.0,12.0,36.0,Delivered,,Web
BB013580,C0787,PET0988,2025-12-19,P10,3.0,13.0,39.0,Delivered,,Pickup
BB013581,C0787,PET0988,2025-12-28,P10,5.0,13.0,65.0,Delivered,5,Web
BB013582,C0787,PET0988,2026-01-04,P10,4.0,13.0,52.0,Delivered,,Web
BB013583,C0787,PET0988,2026-01-13,P08,4.0,15.5,62.0,Delivered,,Web
BB013584,C0787,PET0988,2026-01-20,P10,7.0,13.0,91.0,Delivered,5,Web
BB013585,C0787,PET0988,2026-02-02,P10,3.0,13.0,39.0,Delivered,5,Web
BB013586,C0787,PET0988,2026-02-11,P10,3.0,13.0,39.0,Delivered,,Web
BB013587,C0787,PET0988,2026-02-19,P10,4.0,13.0,52.0,Delivered,,Web
BB013588,C0787,PET0988,2026-02-26,P10,5.0,13.0,65.0,Delivered,,Web
BB013589,C0787,PET0988,2026-03-05,P02,3.0,13.0,39.0,Delivered,5,Web
BB013590,C0787,PET0988,2026-03-17,P08,5.0,15.5,77.5,Delivered,5,Web
BB013591,C0787,PET0988,2026-03-24,P10,4.0,13.0,52.0,Delivered,,Web
BB013592,C0787,PET0988,2026-04-05,P10,5.0,13.0,65.0,Delivered,,Web
BB013593,C0787,PET0988,2026-04-16,P10,4.0,13.0,52.0,Delivered,5,Pickup
BB013594,C0787,PET0988,2026-04-26,P06,5.0,14.5,72.5,Delivered,5,Pickup
BB013595,C0788,PET0989,2026-02-01,P08,3.0,15.5,46.5,Delivered,,Re-order Email
BB013596,C0788,PET0989,2026-02-08,P08,5.0,15.5,77.5,Delivered,,Re-order Email
BB013597,C0788,PET0989,2026-02-19,P08,4.0,15.5,62.0,Delivered,3,Web
BB013598,C0788,PET0989,2026-03-01,P08,6.0,15.5,93.0,Delivered,,Web
BB013599,C0788,PET0989,2026-03-08,P08,5.0,15.5,77.5,Delivered,,Pickup
BB013600,C0789,PET0990,2025-12-02,P08,5.0,15.5,77.5,Delivered,,Re-order Email
BB013601,C0789,PET0990,2025-12-12,P08,3.0,15.5,46.5,Delivered,,Web
BB013602,C0789,PET0990,2025-12-25,P04,7.0,14.0,98.0,Delivered,,Web
BB013603,C0789,PET0990,2026-01-05,P09,5.0,12.5,62.5,Delivered,5,Re-order Email
BB013604,C0789,PET0990,2026-01-16,P08,5.0,15.5,77.5,Delivered,5,Web
BB013605,C0789,PET0990,2026-01-26,P08,5.0,15.5,77.5,Delivered,,Web
BB013606,C0789,PET0990,2026-02-05,P08,5.0,15.5,77.5,Delivered,,Web
BB013607,C0789,PET0990,2026-02-12,P08,5.0,15.5,77.5,Delivered,,Web
BB013608,C0789,PET0990,2026-02-24,P08,3.0,15.5,46.5,Delivered,,Web
BB013609,C0789,PET0990,2026-03-03,P08,4.0,15.5,62.0,Delivered,4,Web
BB013610,C0789,PET0990,2026-03-14,P09,5.0,12.5,62.5,Delivered,,Web
BB013611,C0789,PET0990,2026-03-21,P08,4.0,15.5,62.0,Delivered,,Web
BB013612,C0789,PET0990,2026-03-31,P08,4.0,15.5,62.0,Delivered,,Re-order Email
BB013613,C0789,PET0990,2026-04-12,P08,2.0,15.5,31.0,Delivered,5,Web
BB013614,C0789,PET0990,2026-04-20,P08,5.0,15.5,77.5,Delivered,,Web
BB013615,C0789,PET0990,2026-04-27,P08,3.0,15.5,46.5,Delivered,,Web
BB013616,C0790,PET0991,2025-12-12,P11,3.0,12.0,36.0,Delivered,4,Web
BB013617,C0790,PET0991,2025-12-26,P11,6.0,12.0,72.0,Delivered,,Re-order Email
BB013618,C0790,PET0991,2026-01-06,P11,3.0,12.0,36.0,Delivered,,Web
BB013619,C0790,PET0991,2026-01-13,P01,5.0,14.5,72.5,Delivered,5,Web
BB013620,C0790,PET0991,2026-01-25,P08,3.0,15.5,46.5,Delivered,,Re-order Email
BB013621,C0790,PET0991,2026-02-03,P03,4.0,13.5,54.0,Delivered,,Pickup
BB013622,C0790,PET0991,2026-02-12,P12,4.0,12.5,50.0,Delivered,5,Web
BB013623,C0790,PET0991,2026-02-24,P11,6.0,12.0,72.0,Delivered,5,Pickup
BB013624,C0790,PET0991,2026-03-09,P11,3.0,12.0,36.0,Delivered,5,Web
BB013625,C0790,PET0991,2026-03-22,P11,5.0,12.0,60.0,Delivered,5,Re-order Email
BB013626,C0790,PET0991,2026-03-31,P11,2.0,12.0,24.0,Delivered,5,Web
BB013627,C0790,PET0991,2026-04-08,P03,6.0,13.5,81.0,Delivered,,Pickup
BB013628,C0790,PET0991,2026-04-18,P11,7.0,12.0,84.0,Delivered,,Re-order Email
BB013629,C0791,PET0992,2025-10-28,P06,4.0,14.5,58.0,Delivered,5,Web
BB013630,C0791,PET0992,2025-11-07,P01,4.0,14.5,58.0,Delivered,,Re-order Email
BB013631,C0791,PET0992,2025-11-14,P06,2.0,14.5,29.0,Delivered,,Web
BB013632,C0791,PET0992,2025-11-23,P06,4.0,14.5,58.0,Delivered,5,Pickup
BB013633,C0791,PET0992,2025-12-03,P06,2.0,14.5,29.0,Delivered,4,Web
BB013634,C0791,PET0992,2025-12-12,P09,4.0,12.5,50.0,Delivered,,Web
BB013635,C0791,PET0992,2025-12-21,P06,7.0,14.5,101.5,Delivered,,Web
BB013636,C0791,PET0992,2026-01-03,P06,5.0,14.5,72.5,Delivered,,Web
BB013637,C0791,PET0992,2026-01-10,P06,5.0,14.5,72.5,Delivered,,Web
BB013638,C0791,PET0992,2026-01-20,P06,3.0,14.5,43.5,Delivered,,Web
BB013639,C0791,PET0992,2026-01-29,P06,4.0,14.5,58.0,Delivered,4,Web
BB013640,C0791,PET0992,2026-02-08,P12,5.0,12.5,62.5,Delivered,5,Web
BB013641,C0791,PET0992,2026-02-17,P06,6.0,14.5,87.0,Delivered,,Pickup
BB013642,C0791,PET0992,2026-02-25,P06,6.0,14.5,87.0,Delivered,5,Web
BB013643,C0791,PET0992,2026-03-10,P06,5.0,14.5,72.5,Delivered,5,Web
BB013644,C0791,PET0992,2026-03-21,P06,7.0,14.5,101.5,Delivered,,Re-order Email
BB013645,C0791,PET0992,2026-04-01,P06,6.0,14.5,87.0,Delivered,3,Web
BB013646,C0792,PET0993,2026-01-25,P08,6.0,15.5,93.0,Delivered,5,Web
BB013647,C0792,PET0993,2026-02-02,P08,4.0,15.5,62.0,Delivered,,Web
BB013648,C0792,PET0993,2026-02-09,P08,6.0,15.5,93.0,Delivered,5,Web
BB013649,C0792,PET0993,2026-02-20,P08,6.0,15.5,93.0,Delivered,,Pickup
BB013650,C0792,PET0993,2026-03-03,P06,2.0,14.5,29.0,Delivered,,Web
BB013651,C0792,PET0993,2026-03-13,P08,6.0,15.5,93.0,Delivered,3,Web
BB013652,C0792,PET0993,2026-03-21,P09,5.0,12.5,62.5,Delivered,,Web
BB013653,C0792,PET0993,2026-03-29,P09,5.0,12.5,62.5,Delivered,,Web
BB013654,C0792,PET0993,2026-04-07,P08,2.0,15.5,31.0,Delivered,,Web
BB013655,C0793,PET0994,2026-03-03,P11,5.0,12.0,60.0,Delivered,,Web
BB013656,C0793,PET0994,2026-03-11,P09,7.0,12.5,87.5,Delivered,,Web
BB013657,C0793,PET0994,2026-03-21,P07,4.0,13.5,54.0,Delivered,,Web
BB013658,C0793,PET0994,2026-04-04,P09,7.0,12.5,87.5,Delivered,,Re-order Email
BB013659,C0793,PET0994,2026-04-12,P09,7.0,12.5,87.5,Delivered,5,Web
BB013660,C0793,PET0994,2026-04-21,P09,5.0,12.5,62.5,Delivered,,Web
BB013661,C0794,PET0995,2025-07-25,P08,4.0,15.5,62.0,Delivered,,Web
BB013662,C0794,PET0995,2025-08-06,P12,5.0,12.5,62.5,Delivered,,Web
BB013663,C0794,PET0995,2025-08-15,P01,4.0,14.5,58.0,Delivered,,Web
BB013664,C0794,PET0995,2025-08-25,P12,2.0,12.5,25.0,Delivered,5,Web
BB013665,C0794,PET0995,2025-09-04,P08,4.0,15.5,62.0,Delivered,,Web
BB013666,C0794,PET0995,2025-09-14,P08,7.0,15.5,108.5,Delivered,,Pickup
BB013667,C0794,PET0995,2025-09-27,P08,2.0,15.5,31.0,Delivered,,Pickup
BB013668,C0794,PET0995,2025-10-05,P08,5.0,15.5,77.5,Delivered,,Pickup
BB013669,C0794,PET0995,2025-10-13,P08,4.0,15.5,62.0,Delivered,,Pickup
BB013670,C0794,PET0995,2025-10-26,P08,6.0,15.5,93.0,Delivered,5,Web
BB013671,C0794,PET0995,2025-11-03,P08,3.0,15.5,46.5,Delivered,3,Web
BB013672,C0794,PET0995,2025-11-13,P08,5.0,15.5,77.5,Delivered,5,Web
BB013673,C0794,PET0995,2025-11-24,P08,2.0,15.5,31.0,Delivered,,Web
BB013674,C0794,PET0995,2025-12-01,P08,3.0,15.5,46.5,Delivered,5,Web
BB013675,C0794,PET0995,2025-12-14,P08,6.0,15.5,93.0,Delivered,4,Web
BB013676,C0794,PET0995,2025-12-25,P01,3.0,14.5,43.5,Delivered,,Web
BB013677,C0794,PET0995,2026-01-06,P03,6.0,13.5,81.0,Delivered,4,Web
BB013678,C0794,PET0995,2026-01-15,P08,6.0,15.5,93.0,Delivered,,Re-order Email
BB013679,C0794,PET0995,2026-01-27,P08,4.0,15.5,62.0,Delivered,,Web
BB013680,C0794,PET0995,2026-02-08,P08,7.0,15.5,108.5,Delivered,,Web
BB013681,C0794,PET0995,2026-02-17,P03,3.0,13.5,40.5,Delivered,,Pickup
BB013682,C0794,PET0995,2026-02-25,P08,4.0,15.5,62.0,Delivered,5,Web
BB013683,C0794,PET0995,2026-03-04,P08,4.0,15.5,62.0,Delivered,,Web
BB013684,C0794,PET0995,2026-03-12,P08,5.0,15.5,77.5,Delivered,5,Re-order Email
BB013685,C0794,PET0995,2026-03-23,P08,4.0,15.5,62.0,Delivered,,Web
BB013686,C0794,PET0995,2026-03-31,P08,6.0,15.5,93.0,Delivered,5,Web
BB013687,C0794,PET0995,2026-04-09,P12,6.0,12.5,75.0,Delivered,4,Web
BB013688,C0795,PET0996,2025-02-11,P12,4.0,12.5,50.0,Delivered,,Pickup
BB013689,C0795,PET0996,2025-02-19,P12,6.0,12.5,75.0,Delivered,,Web
BB013690,C0795,PET0996,2025-02-28,P12,4.0,12.5,50.0,Delivered,5,Web
BB013691,C0795,PET0996,2025-03-14,P12,3.0,12.5,37.5,Delivered,5,Web
BB013692,C0795,PET0996,2025-03-22,P12,3.0,12.5,37.5,Delivered,5,Re-order Email
BB013693,C0795,PET0996,2025-04-01,P12,6.0,12.5,75.0,Delivered,,Web
BB013694,C0795,PET0996,2025-04-14,P12,6.0,12.5,75.0,Delivered,,Pickup
BB013695,C0795,PET0996,2025-04-28,P12,4.0,12.5,50.0,Delivered,,Web
BB013696,C0795,PET0996,2025-05-12,P12,3.0,12.5,37.5,Delivered,5,Web
BB013697,C0795,PET0996,2025-05-19,P12,3.0,12.5,37.5,Delivered,4,Re-order Email
BB013698,C0795,PET0996,2025-06-01,P12,3.0,12.5,37.5,Delivered,,Web
BB013699,C0795,PET0996,2025-06-11,P12,6.0,12.5,75.0,Delivered,5,Re-order Email
BB013700,C0795,PET0996,2025-06-20,P12,6.0,12.5,75.0,Delivered,,Pickup
BB013701,C0795,PET0996,2025-07-02,P12,2.0,12.5,25.0,Delivered,5,Re-order Email
BB013702,C0795,PET0996,2025-07-11,P09,5.0,12.5,62.5,Delivered,5,Web
BB013703,C0795,PET0996,2025-07-21,P12,6.0,12.5,75.0,Delivered,,Web
BB013704,C0795,PET0996,2025-08-01,P12,3.0,12.5,37.5,Delivered,,Web
BB013705,C0795,PET0996,2025-08-11,P09,3.0,12.5,37.5,Delivered,,Web
BB013706,C0795,PET0996,2025-08-22,P12,2.0,12.5,25.0,Delivered,,Web
BB013707,C0795,PET0996,2025-09-05,P12,5.0,12.5,62.5,Delivered,,Web
BB013708,C0795,PET0996,2025-09-13,P12,2.0,12.5,25.0,Delivered,,Web
BB013709,C0795,PET0996,2025-09-27,P12,6.0,12.5,75.0,Delivered,,Web
BB013710,C0795,PET0996,2025-10-10,P12,6.0,12.5,75.0,Delivered,,Web
BB013711,C0795,PET0996,2025-10-24,P12,7.0,12.5,87.5,Delivered,,Web
BB013712,C0795,PET0996,2025-11-03,P06,3.0,14.5,43.5,Delivered,4,Web
BB013713,C0795,PET0996,2025-11-16,P12,6.0,12.5,75.0,Delivered,,Web
BB013714,C0795,PET0996,2025-11-28,P12,6.0,12.5,75.0,Delivered,5,Web
BB013715,C0795,PET0996,2025-12-08,P12,3.0,12.5,37.5,Delivered,,Web
BB013716,C0795,PET0996,2025-12-20,P12,4.0,12.5,50.0,Delivered,,Re-order Email
BB013717,C0795,PET0996,2026-01-01,P12,6.0,12.5,75.0,Delivered,,Web
BB013718,C0795,PET0996,2026-01-09,P12,3.0,12.5,37.5,Delivered,5,Web
BB013719,C0795,PET0996,2026-01-19,P09,4.0,12.5,50.0,Delivered,,Web
BB013720,C0795,PET0996,2026-01-27,P12,5.0,12.5,62.5,Delivered,5,Web
BB013721,C0795,PET0996,2026-02-04,P12,5.0,12.5,62.5,Delivered,5,Re-order Email
BB013722,C0795,PET0996,2026-02-13,P02,4.0,13.0,52.0,Delivered,,Web
BB013723,C0795,PET0996,2026-02-26,P12,6.0,12.5,75.0,Delivered,,Re-order Email
BB013724,C0795,PET0996,2026-03-11,P11,4.0,12.0,48.0,Delivered,5,Web
BB013725,C0795,PET0996,2026-03-18,P12,5.0,12.5,62.5,Delivered,5,Web
BB013726,C0795,PET0996,2026-03-25,P12,4.0,12.5,50.0,Delivered,,Re-order Email
BB013727,C0795,PET0996,2026-04-06,P12,6.0,12.5,75.0,Delivered,,Re-order Email
BB013728,C0795,PET0996,2026-04-19,P12,3.0,12.5,37.5,Delivered,,Web
BB013729,C0796,PET0997,2025-11-28,P09,6.0,12.5,75.0,Delivered,5,Web
BB013730,C0796,PET0997,2025-12-06,P09,5.0,12.5,62.5,Delivered,,Web
BB013731,C0796,PET0997,2025-12-18,P09,3.0,12.5,37.5,Delivered,4,Web
BB013732,C0796,PET0997,2025-12-31,P09,4.0,12.5,50.0,Delivered,,Web
BB013733,C0796,PET0997,2026-01-12,P09,4.0,12.5,50.0,Delivered,,Web
BB013734,C0796,PET0997,2026-01-22,P09,5.0,12.5,62.5,Delivered,,Web
BB013735,C0796,PET0997,2026-02-01,P09,6.0,12.5,75.0,Delivered,4,Web
BB013736,C0796,PET0997,2026-03-06,P09,5.0,12.5,62.5,Delivered,5,Web
BB013737,C0796,PET0997,2026-03-16,P06,5.0,14.5,72.5,Delivered,,Web
BB013738,C0796,PET0997,2026-03-27,P09,2.0,12.5,25.0,Delivered,,Web
BB013739,C0796,PET0997,2026-04-06,P09,6.0,12.5,75.0,Delivered,5,Web
BB013740,C0796,PET0997,2026-04-16,P09,3.0,12.5,37.5,Delivered,,Web
BB013741,C0796,PET0997,2026-04-28,P09,5.0,12.5,62.5,Delivered,4,Re-order Email
BB013742,C0796,PET0998,2025-11-28,P02,5.0,13.0,65.0,Delivered,5,Web
BB013743,C0796,PET0998,2025-12-07,P09,4.0,12.5,50.0,Delivered,5,Re-order Email
BB013744,C0796,PET0998,2025-12-19,P09,4.0,12.5,50.0,Delivered,,Web
BB013745,C0796,PET0998,2025-12-28,P09,4.0,12.5,50.0,Delivered,,Web
BB013746,C0796,PET0998,2026-01-05,P07,5.0,13.5,67.5,Delivered,,Re-order Email
BB013747,C0796,PET0998,2026-01-18,P09,4.0,12.5,50.0,Delivered,,Web
BB013748,C0796,PET0998,2026-02-01,P09,4.0,12.5,50.0,Delivered,5,Web
BB013749,C0796,PET0998,2026-02-12,P09,4.0,12.5,50.0,Delivered,5,Web
BB013750,C0796,PET0998,2026-02-20,P11,2.0,12.0,24.0,Delivered,,Web
BB013751,C0796,PET0998,2026-02-27,P09,4.0,12.5,50.0,Delivered,4,Web
BB013752,C0796,PET0998,2026-03-08,P09,4.0,12.5,50.0,Delivered,,Web
BB013753,C0796,PET0998,2026-03-16,P09,6.0,12.5,75.0,Delivered,5,Web
BB013754,C0796,PET0998,2026-03-29,P09,5.0,12.5,62.5,Delivered,,Web
BB013755,C0796,PET0998,2026-04-09,P12,5.0,12.5,62.5,Delivered,,Web
BB013756,C0796,PET0998,2026-04-20,P09,6.0,12.5,75.0,Delivered,,Web
BB013757,C0797,PET0999,2025-09-26,P07,3.0,13.5,40.5,Delivered,,Web
BB013758,C0797,PET0999,2025-10-07,P07,3.0,13.5,40.5,Delivered,,Re-order Email
BB013759,C0797,PET0999,2025-10-14,P02,3.0,13.0,39.0,Delivered,,Web
BB013760,C0797,PET0999,2025-10-23,P03,4.0,13.5,54.0,Delivered,,Web
BB013761,C0797,PET0999,2025-11-05,P02,6.0,13.0,78.0,Delivered,5,Web
BB013762,C0797,PET0999,2025-11-18,P07,5.0,13.5,67.5,Delivered,,Re-order Email
BB013763,C0797,PET0999,2025-12-01,P07,6.0,13.5,81.0,Delivered,,Re-order Email
BB013764,C0797,PET0999,2025-12-10,P11,4.0,12.0,48.0,Delivered,,Web
BB013765,C0797,PET0999,2025-12-19,P07,7.0,13.5,94.5,Delivered,4,Web
BB013766,C0797,PET0999,2025-12-30,P07,3.0,13.5,40.5,Delivered,5,Re-order Email
BB013767,C0797,PET0999,2026-01-08,P07,3.0,13.5,40.5,Delivered,,Re-order Email
BB013768,C0797,PET0999,2026-01-20,P03,3.0,13.5,40.5,Delivered,,Web
BB013769,C0797,PET0999,2026-01-28,P07,6.0,13.5,81.0,Delivered,,Re-order Email
BB013770,C0797,PET0999,2026-02-07,P07,4.0,13.5,54.0,Delivered,,Web
BB013771,C0797,PET0999,2026-02-17,P07,5.0,13.5,67.5,Delivered,,Web
BB013772,C0797,PET0999,2026-02-27,P07,4.0,13.5,54.0,Delivered,,Web
BB013773,C0797,PET0999,2026-03-07,P01,7.0,14.5,101.5,Delivered,4,Pickup
BB013774,C0797,PET0999,2026-03-14,P12,2.0,12.5,25.0,Delivered,,Web
BB013775,C0797,PET0999,2026-03-27,P07,6.0,13.5,81.0,Delivered,5,Web
BB013776,C0797,PET0999,2026-04-09,P07,4.0,13.5,54.0,Delivered,5,Web
BB013777,C0797,PET0999,2026-04-16,P07,3.0,13.5,40.5,Delivered,4,Web
BB013778,C0798,PET1000,2026-04-05,P10,6.0,13.0,78.0,Delivered,5,Web
BB013779,C0798,PET1000,2026-04-16,P01,5.0,14.5,72.5,Delivered,,Web
BB013780,C0798,PET1000,2026-04-24,P10,5.0,13.0,65.0,Delivered,4,Re-order Email
BB013781,C0799,PET1001,2025-04-02,P03,6.0,13.5,81.0,Delivered,5,Re-order Email
BB013782,C0799,PET1001,2025-04-15,P04,3.0,14.0,42.0,Delivered,,Web
BB013783,C0799,PET1001,2025-04-25,P02,6.0,13.0,78.0,Delivered,,Web
BB013784,C0799,PET1001,2025-05-04,P08,6.0,15.5,93.0,Delivered,5,Web
BB013785,C0799,PET1001,2025-05-14,P03,3.0,13.5,40.5,Delivered,,Web
BB013786,C0799,PET1001,2025-05-22,P03,5.0,13.5,67.5,Delivered,,Web
BB013787,C0799,PET1001,2025-06-03,P03,4.0,13.5,54.0,Delivered,4,Pickup
BB013788,C0799,PET1001,2025-06-17,P03,3.0,13.5,40.5,Delivered,,Web
BB013789,C0799,PET1001,2025-06-30,P03,5.0,13.5,67.5,Delivered,,Web
BB013790,C0799,PET1001,2025-07-08,P03,5.0,13.5,67.5,Delivered,,Re-order Email
BB013791,C0799,PET1001,2025-07-18,P06,5.0,14.5,72.5,Delivered,,Web
BB013792,C0799,PET1001,2025-07-27,P03,6.0,13.5,81.0,Delivered,,Re-order Email
BB013793,C0799,PET1001,2025-08-06,P04,5.0,14.0,70.0,Delivered,5,Pickup
BB013794,C0799,PET1001,2025-08-13,P03,4.0,13.5,54.0,Delivered,,Pickup
BB013795,C0799,PET1001,2025-08-21,P03,4.0,13.5,54.0,Delivered,,Web
BB013796,C0799,PET1001,2025-09-02,P04,5.0,14.0,70.0,Delivered,,Pickup
BB013797,C0799,PET1001,2025-09-15,P06,4.0,14.5,58.0,Delivered,5,Re-order Email
BB013798,C0799,PET1001,2025-09-26,P03,4.0,13.5,54.0,Delivered,,Web
BB013799,C0799,PET1001,2025-10-10,P10,5.0,13.0,65.0,Delivered,,Pickup
BB013800,C0799,PET1001,2025-10-21,P03,5.0,13.5,67.5,Delivered,,Web
BB013801,C0799,PET1001,2025-10-29,P03,4.0,13.5,54.0,Delivered,5,Web
BB013802,C0799,PET1001,2025-11-06,P02,5.0,13.0,65.0,Delivered,5,Web
BB013803,C0799,PET1001,2025-11-14,P09,4.0,12.5,50.0,Delivered,,Web
BB013804,C0799,PET1001,2025-11-27,P03,3.0,13.5,40.5,Delivered,,Web
BB013805,C0799,PET1001,2025-12-09,P03,4.0,13.5,54.0,Delivered,,Web
BB013806,C0799,PET1001,2025-12-20,P03,4.0,13.5,54.0,Delivered,,Web
BB013807,C0799,PET1001,2025-12-27,P03,6.0,13.5,81.0,Delivered,5,Web
BB013808,C0799,PET1001,2026-01-08,P03,7.0,13.5,94.5,Delivered,5,Web
BB013809,C0799,PET1001,2026-01-18,P01,5.0,14.5,72.5,Delivered,,Web
BB013810,C0799,PET1001,2026-01-28,P03,5.0,13.5,67.5,Delivered,4,Web
BB013811,C0799,PET1001,2026-02-10,P03,3.0,13.5,40.5,Delivered,,Web
BB013812,C0799,PET1001,2026-02-22,P03,3.0,13.5,40.5,Delivered,,Web
BB013813,C0799,PET1001,2026-03-02,P03,5.0,13.5,67.5,Delivered,,Web
BB013814,C0799,PET1001,2026-03-10,P03,6.0,13.5,81.0,Delivered,,Re-order Email
BB013815,C0799,PET1001,2026-03-21,P03,6.0,13.5,81.0,Delivered,,Web
BB013816,C0799,PET1001,2026-03-30,P03,3.0,13.5,40.5,Delivered,,Web
BB013817,C0799,PET1001,2026-04-09,P03,4.0,13.5,54.0,Delivered,,Re-order Email
BB013818,C0799,PET1001,2026-04-22,P03,3.0,13.5,40.5,Delivered,,Web
